-- Generation time: Sat, 15 Feb 2020 19:24:02 +0000
-- Host: mysql.hostinger.ro
-- DB name: u574849695_24
/*!40030 SET NAMES UTF8 */;
/*!40101 SET @OLD_CHARACTER_SET_CLIENT=@@CHARACTER_SET_CLIENT */;
/*!40101 SET @OLD_CHARACTER_SET_RESULTS=@@CHARACTER_SET_RESULTS */;
/*!40101 SET @OLD_COLLATION_CONNECTION=@@COLLATION_CONNECTION */;
/*!40103 SET @OLD_TIME_ZONE=@@TIME_ZONE */;
/*!40103 SET TIME_ZONE='+00:00' */;
/*!40014 SET @OLD_UNIQUE_CHECKS=@@UNIQUE_CHECKS, UNIQUE_CHECKS=0 */;
/*!40014 SET @OLD_FOREIGN_KEY_CHECKS=@@FOREIGN_KEY_CHECKS, FOREIGN_KEY_CHECKS=0 */;
/*!40101 SET @OLD_SQL_MODE=@@SQL_MODE, SQL_MODE='NO_AUTO_VALUE_ON_ZERO' */;
/*!40111 SET @OLD_SQL_NOTES=@@SQL_NOTES, SQL_NOTES=0 */;

DROP TABLE IF EXISTS `communities`;
CREATE TABLE `communities` (
  `id` bigint(20) unsigned NOT NULL AUTO_INCREMENT,
  `name` varchar(150) COLLATE utf8_unicode_ci DEFAULT NULL,
  PRIMARY KEY (`id`),
  KEY `communities_name_idx` (`name`)
) ENGINE=InnoDB AUTO_INCREMENT=101 DEFAULT CHARSET=utf8 COLLATE=utf8_unicode_ci;

INSERT INTO `communities` VALUES ('44','a'),
('46','adipisci'),
('5','alias'),
('28','alias'),
('30','asperiores'),
('79','aspernatur'),
('16','at'),
('15','aut'),
('43','aut'),
('63','aut'),
('81','aut'),
('96','aut'),
('32','autem'),
('62','autem'),
('37','beatae'),
('94','blanditiis'),
('14','commodi'),
('71','commodi'),
('21','consectetur'),
('75','cumque'),
('95','cumque'),
('24','dicta'),
('42','dicta'),
('23','distinctio'),
('68','distinctio'),
('25','dolor'),
('73','dolore'),
('76','dolores'),
('50','doloribus'),
('85','doloribus'),
('9','ducimus'),
('41','ducimus'),
('82','ea'),
('38','eaque'),
('18','eius'),
('87','eius'),
('35','enim'),
('86','eos'),
('61','esse'),
('12','est'),
('29','et'),
('33','et'),
('54','et'),
('83','et'),
('99','et'),
('45','eum'),
('17','eveniet'),
('1','excepturi'),
('98','facere'),
('70','facilis'),
('60','fugiat'),
('53','harum'),
('39','illo'),
('49','ipsum'),
('100','ipsum'),
('10','iure'),
('47','labore'),
('93','laborum'),
('69','modi'),
('34','molestiae'),
('26','nihil'),
('65','nostrum'),
('77','odit'),
('20','perspiciatis'),
('59','perspiciatis'),
('90','placeat'),
('40','quaerat'),
('58','quas'),
('56','qui'),
('84','qui'),
('67','quia'),
('89','quia'),
('66','quod'),
('78','quos'),
('7','repellendus'),
('13','sapiente'),
('31','sint'),
('80','sint'),
('3','sit'),
('92','sit'),
('52','sunt'),
('97','sunt'),
('27','tempora'),
('74','tempore'),
('51','tenetur'),
('8','totam'),
('4','unde'),
('2','ut'),
('64','ut'),
('72','ut'),
('19','velit'),
('57','velit'),
('48','veniam'),
('22','veritatis'),
('11','vero'),
('88','vero'),
('55','voluptas'),
('91','voluptas'),
('36','voluptatem'),
('6','voluptates'); 


DROP TABLE IF EXISTS `friend_requests`;
CREATE TABLE `friend_requests` (
  `initiator_user_id` bigint(20) unsigned NOT NULL,
  `target_user_id` bigint(20) unsigned NOT NULL,
  `status` enum('requested','approved','unfriended','declined') COLLATE utf8_unicode_ci DEFAULT NULL,
  `requested_at` datetime DEFAULT current_timestamp(),
  `confirmed_at` datetime DEFAULT NULL,
  PRIMARY KEY (`initiator_user_id`,`target_user_id`),
  KEY `initiator_user_id` (`initiator_user_id`),
  KEY `target_user_id` (`target_user_id`),
  CONSTRAINT `friend_requests_ibfk_1` FOREIGN KEY (`initiator_user_id`) REFERENCES `users` (`id`),
  CONSTRAINT `friend_requests_ibfk_2` FOREIGN KEY (`target_user_id`) REFERENCES `users` (`id`)
) ENGINE=InnoDB DEFAULT CHARSET=utf8 COLLATE=utf8_unicode_ci;

INSERT INTO `friend_requests` VALUES ('1','1','','2020-01-28 16:11:10','1982-01-12 10:44:07'),
('2','2','','2010-07-24 17:49:44','1997-10-13 19:14:09'),
('3','3','','1993-05-03 08:11:53','1973-10-09 07:18:03'),
('4','4','','1971-12-31 19:58:05','1986-04-16 18:04:03'),
('5','5','','2018-01-11 23:55:34','1986-05-21 11:29:19'),
('6','6','','1974-05-26 04:30:16','1987-10-24 09:03:34'),
('7','7','','1990-12-05 12:54:05','1976-10-06 03:57:28'),
('8','8','','2011-01-19 11:41:25','1987-07-16 21:54:06'),
('9','9','','1987-10-12 23:32:48','2005-05-30 06:06:26'),
('10','10','','1991-02-09 15:49:45','1992-01-26 16:54:17'),
('11','11','','1973-01-01 22:44:55','1985-04-12 09:06:01'),
('12','12','','2012-05-31 10:45:56','1977-09-25 15:37:17'),
('13','13','','1970-03-18 19:53:56','1991-08-24 19:11:32'),
('14','14','','1991-05-08 14:51:55','2001-02-18 06:21:03'),
('15','15','','1987-08-26 18:36:05','1986-07-21 05:33:48'),
('16','16','','2018-04-20 21:46:16','1982-11-14 00:34:45'),
('17','17','','2004-07-07 23:01:57','1999-05-08 19:29:36'),
('18','18','','1974-09-30 03:54:07','2013-05-26 04:30:59'),
('19','19','','1978-02-05 09:33:40','2001-09-17 12:04:27'),
('20','20','','1999-01-27 02:47:51','1971-06-24 10:22:07'),
('21','21','','2004-03-05 11:57:19','2011-01-26 12:57:07'),
('22','22','','2000-08-22 11:27:18','1994-07-29 03:44:17'),
('23','23','','1980-09-14 02:28:36','1984-03-14 06:42:22'),
('24','24','','2011-12-25 16:50:37','2019-08-14 07:56:12'),
('25','25','','1999-06-15 16:15:04','2006-10-25 03:49:35'),
('26','26','','1979-01-05 14:13:22','1972-11-22 18:33:52'),
('27','27','','1981-12-03 11:45:58','1976-05-16 00:06:48'),
('28','28','','1973-01-01 03:04:58','1987-04-29 13:56:25'),
('29','29','','1975-07-17 13:17:21','2004-03-14 22:00:28'),
('30','30','','2012-08-15 20:10:40','1998-11-30 23:18:30'),
('31','31','','1990-07-10 05:35:48','1985-11-07 22:35:20'),
('32','32','','1988-02-17 07:37:45','2004-06-15 18:08:14'),
('33','33','','1990-10-03 16:18:44','1994-05-17 08:43:05'),
('34','34','','1991-05-26 11:32:50','1987-09-20 22:27:00'),
('35','35','','2011-09-19 03:11:17','2002-01-18 02:21:26'),
('36','36','','1971-09-07 17:33:20','1993-03-03 06:39:25'),
('37','37','','2004-01-06 14:39:15','1975-09-13 04:35:35'),
('38','38','','1998-11-01 15:10:58','2002-07-23 05:39:13'),
('39','39','','2015-03-01 09:39:49','1975-10-15 11:47:25'),
('40','40','','1993-03-30 06:23:51','1995-05-26 14:01:22'),
('41','41','','2009-08-06 07:13:10','2015-01-27 20:37:32'),
('42','42','','1984-05-22 15:15:22','1984-01-18 09:19:29'),
('43','43','','2014-01-01 02:32:47','2000-04-16 16:57:11'),
('44','44','','1996-11-03 02:42:40','1988-01-03 19:40:17'),
('45','45','','1975-07-15 10:25:55','2008-09-11 02:30:03'),
('46','46','','2001-07-13 07:53:27','1999-12-28 23:02:48'),
('47','47','','2002-02-21 14:25:14','2001-03-25 03:46:18'),
('48','48','','2016-02-25 20:52:05','2000-05-21 21:53:53'),
('49','49','','2005-01-10 01:49:02','2007-10-26 23:40:56'),
('50','50','','2008-11-20 05:03:47','1971-09-25 09:55:19'),
('51','51','','2006-08-21 03:26:34','1975-11-05 00:25:29'),
('52','52','','2016-02-25 14:30:54','2005-02-11 16:59:41'),
('53','53','','2014-01-12 00:19:41','1984-02-23 01:21:22'),
('54','54','','2002-08-16 14:05:53','1977-07-11 17:33:12'),
('55','55','','2000-03-02 23:26:50','2007-03-11 01:50:55'),
('56','56','','2018-12-09 08:46:45','1994-03-14 23:44:07'),
('57','57','','1986-02-03 16:20:28','2019-04-17 21:26:02'),
('58','58','','1991-04-01 22:12:35','1999-06-19 21:48:45'),
('59','59','','1970-06-12 03:18:59','1973-10-22 08:56:45'),
('60','60','','2016-02-05 00:08:37','1982-09-16 00:18:26'),
('61','61','','2005-01-13 13:05:47','2017-07-12 08:12:08'),
('62','62','','1985-04-12 09:53:24','1993-09-04 14:18:24'),
('63','63','','2000-06-09 13:13:18','1988-02-13 08:02:39'),
('64','64','','1995-01-20 09:14:03','1978-08-28 23:20:03'),
('65','65','','1987-01-27 08:25:49','1984-12-02 22:27:47'),
('66','66','','2012-05-03 04:04:32','1977-04-07 01:21:38'),
('67','67','','1973-12-13 23:42:20','2010-12-28 19:03:51'),
('68','68','','2004-07-06 15:00:40','2004-07-16 19:13:37'),
('69','69','','2013-03-21 14:10:22','2010-09-16 22:44:56'),
('70','70','','1992-07-01 07:55:22','1981-10-20 09:28:22'),
('71','71','','1993-07-03 07:53:04','1970-08-22 23:49:23'),
('72','72','','2006-06-01 14:34:15','2005-05-03 13:45:18'),
('73','73','','2019-12-29 07:54:30','2011-12-16 14:05:53'),
('74','74','','1985-04-09 18:44:53','1990-07-29 06:29:58'),
('75','75','','1981-04-11 06:53:49','1992-10-14 06:38:39'),
('76','76','','1974-09-28 17:06:26','1996-02-02 23:12:43'),
('77','77','','2015-06-08 00:00:30','1993-12-02 10:12:44'),
('78','78','','1998-09-19 09:07:45','2002-02-15 22:04:29'),
('79','79','','1996-10-12 08:37:47','1981-09-14 02:45:28'),
('80','80','','2012-07-19 17:15:21','1983-03-31 20:01:07'),
('81','81','','1995-08-13 11:06:18','2013-11-18 12:44:01'),
('82','82','','1984-07-27 11:20:40','2005-11-12 04:31:57'),
('83','83','','2017-10-21 03:03:30','2002-12-28 10:13:41'),
('84','84','','2003-11-29 03:36:00','2017-04-22 02:01:16'),
('85','85','','2007-11-12 12:50:16','1975-09-08 00:12:08'),
('86','86','','1995-12-02 00:13:55','1974-08-30 05:46:05'),
('87','87','','1985-01-15 03:53:35','2009-06-28 15:34:53'),
('88','88','','1992-03-08 03:31:32','1979-02-09 17:24:44'),
('89','89','','1980-02-15 08:49:44','1996-12-05 15:36:24'),
('90','90','','1983-02-09 20:41:11','2018-01-15 18:21:12'),
('91','91','','1994-01-12 07:23:51','1989-04-15 17:08:36'),
('92','92','','2010-11-23 17:28:50','1981-04-17 17:23:19'),
('93','93','','2002-07-13 02:31:58','1982-05-31 15:45:28'),
('94','94','','2011-03-31 16:31:09','2016-01-04 13:14:33'),
('95','95','','1996-05-08 14:04:42','2014-12-26 11:07:41'),
('96','96','','2006-03-17 00:08:48','2003-08-31 15:28:24'),
('97','97','','2005-02-17 00:49:15','1990-02-02 14:11:23'),
('98','98','','1980-10-13 06:50:47','1970-07-27 12:59:50'),
('99','99','','2009-04-20 03:25:52','2011-11-12 20:46:39'),
('100','100','','1989-08-20 13:49:22','1975-08-04 04:31:57'); 


DROP TABLE IF EXISTS `likes`;
CREATE TABLE `likes` (
  `id` bigint(20) unsigned NOT NULL AUTO_INCREMENT,
  `user_id` bigint(20) unsigned NOT NULL,
  `media_id` bigint(20) unsigned NOT NULL,
  `created_at` datetime DEFAULT current_timestamp(),
  PRIMARY KEY (`id`),
  KEY `user_id` (`user_id`),
  KEY `media_id` (`media_id`),
  CONSTRAINT `likes_ibfk_1` FOREIGN KEY (`user_id`) REFERENCES `users` (`id`),
  CONSTRAINT `likes_ibfk_2` FOREIGN KEY (`media_id`) REFERENCES `media` (`id`)
) ENGINE=InnoDB AUTO_INCREMENT=101 DEFAULT CHARSET=utf8 COLLATE=utf8_unicode_ci;

INSERT INTO `likes` VALUES ('1','1','1','2007-07-15 08:59:19'),
('2','2','2','1999-08-13 11:09:12'),
('3','3','3','1979-10-03 02:44:23'),
('4','4','4','1970-03-10 09:00:54'),
('5','5','5','2001-10-04 19:29:39'),
('6','6','6','2015-08-21 01:31:36'),
('7','7','7','1993-03-05 01:07:29'),
('8','8','8','1976-03-11 05:26:56'),
('9','9','9','1970-02-05 09:18:26'),
('10','10','10','2012-01-17 23:59:02'),
('11','11','11','2015-08-17 12:32:02'),
('12','12','12','1993-04-11 04:12:43'),
('13','13','13','1984-05-18 03:12:47'),
('14','14','14','1970-02-12 23:16:12'),
('15','15','15','2002-07-13 20:13:08'),
('16','16','16','2008-12-12 13:31:48'),
('17','17','17','1991-01-20 07:07:27'),
('18','18','18','2014-01-01 23:38:22'),
('19','19','19','2013-06-16 19:06:24'),
('20','20','20','1975-10-04 21:46:31'),
('21','21','21','2002-02-28 10:14:57'),
('22','22','22','2004-06-09 02:44:41'),
('23','23','23','2008-11-22 17:45:10'),
('24','24','24','2016-08-07 02:23:57'),
('25','25','25','2019-09-09 09:25:13'),
('26','26','26','1986-02-20 23:13:57'),
('27','27','27','1975-09-13 13:32:58'),
('28','28','28','2006-04-09 13:24:46'),
('29','29','29','2007-04-23 08:07:01'),
('30','30','30','1991-10-08 10:42:13'),
('31','31','31','1982-02-20 11:42:37'),
('32','32','32','2010-05-05 11:46:46'),
('33','33','33','2000-05-28 13:03:41'),
('34','34','34','2008-01-25 05:57:56'),
('35','35','35','1988-07-22 18:53:45'),
('36','36','36','1977-11-06 19:37:27'),
('37','37','37','2000-11-13 02:15:42'),
('38','38','38','2016-09-18 08:54:16'),
('39','39','39','2018-02-15 11:26:43'),
('40','40','40','2003-06-26 19:57:04'),
('41','41','41','1972-11-03 22:23:48'),
('42','42','42','1991-09-23 15:36:39'),
('43','43','43','1990-12-04 02:07:26'),
('44','44','44','2003-05-03 20:44:04'),
('45','45','45','2012-08-21 13:38:50'),
('46','46','46','1972-05-06 16:06:24'),
('47','47','47','1993-10-23 14:17:04'),
('48','48','48','1986-06-29 20:00:27'),
('49','49','49','2000-04-12 08:17:08'),
('50','50','50','1992-12-03 23:04:10'),
('51','51','51','2002-07-14 06:02:11'),
('52','52','52','1998-04-07 12:14:55'),
('53','53','53','1991-05-14 04:18:28'),
('54','54','54','1992-09-20 16:01:58'),
('55','55','55','1973-02-04 14:55:05'),
('56','56','56','1989-06-20 02:04:53'),
('57','57','57','1991-11-17 01:12:44'),
('58','58','58','2013-01-09 05:08:51'),
('59','59','59','1999-08-01 05:13:04'),
('60','60','60','1978-05-01 20:12:58'),
('61','61','61','2009-09-04 13:10:14'),
('62','62','62','1994-04-05 13:09:02'),
('63','63','63','1991-04-10 11:18:23'),
('64','64','64','2008-10-25 03:22:00'),
('65','65','65','2017-11-02 04:00:12'),
('66','66','66','1974-11-14 11:24:59'),
('67','67','67','1973-11-13 07:30:30'),
('68','68','68','1986-11-20 06:41:29'),
('69','69','69','2017-04-10 04:16:57'),
('70','70','70','1974-05-08 02:40:05'),
('71','71','71','1976-03-06 16:48:52'),
('72','72','72','2011-10-16 19:03:57'),
('73','73','73','1994-05-03 01:32:40'),
('74','74','74','1984-08-11 22:42:18'),
('75','75','75','2010-10-29 18:02:33'),
('76','76','76','2005-06-22 09:22:08'),
('77','77','77','1995-08-25 12:29:18'),
('78','78','78','1975-01-04 13:31:12'),
('79','79','79','1978-08-31 20:19:26'),
('80','80','80','2005-01-05 03:05:03'),
('81','81','81','2010-04-24 18:56:49'),
('82','82','82','2014-07-10 00:59:42'),
('83','83','83','1996-06-14 10:19:12'),
('84','84','84','2012-08-25 05:33:29'),
('85','85','85','2012-01-29 04:40:35'),
('86','86','86','1988-11-22 19:02:29'),
('87','87','87','2013-11-26 11:42:33'),
('88','88','88','1980-02-28 00:02:42'),
('89','89','89','1992-11-22 23:19:42'),
('90','90','90','1999-08-15 11:18:52'),
('91','91','91','1986-08-03 03:58:23'),
('92','92','92','1975-10-22 03:26:34'),
('93','93','93','1983-12-27 08:40:00'),
('94','94','94','1985-08-14 04:09:23'),
('95','95','95','1994-04-22 17:38:12'),
('96','96','96','2012-11-20 05:44:21'),
('97','97','97','1980-03-25 17:05:37'),
('98','98','98','1971-05-10 07:28:41'),
('99','99','99','1982-02-18 18:57:01'),
('100','100','100','2008-01-13 12:41:37'); 


DROP TABLE IF EXISTS `media`;
CREATE TABLE `media` (
  `id` bigint(20) unsigned NOT NULL AUTO_INCREMENT,
  `media_type_id` bigint(20) unsigned NOT NULL,
  `user_id` bigint(20) unsigned NOT NULL,
  `body` text COLLATE utf8_unicode_ci DEFAULT NULL,
  `filename` varchar(255) COLLATE utf8_unicode_ci DEFAULT NULL,
  `size` int(11) DEFAULT NULL,
  `metadata` longtext CHARACTER SET utf8mb4 COLLATE utf8mb4_bin DEFAULT NULL,
  `created_at` datetime DEFAULT current_timestamp(),
  `updated_at` datetime DEFAULT current_timestamp() ON UPDATE current_timestamp(),
  PRIMARY KEY (`id`),
  KEY `user_id` (`user_id`),
  KEY `media_type_id` (`media_type_id`),
  CONSTRAINT `media_ibfk_1` FOREIGN KEY (`user_id`) REFERENCES `users` (`id`),
  CONSTRAINT `media_ibfk_2` FOREIGN KEY (`media_type_id`) REFERENCES `media_types` (`id`)
) ENGINE=InnoDB AUTO_INCREMENT=101 DEFAULT CHARSET=utf8 COLLATE=utf8_unicode_ci;

INSERT INTO `media` VALUES ('1','1','1','Impedit quidem voluptatibus tempore et rerum. Unde officia molestiae quis non laudantium aliquid. Quas dolorem in voluptas dignissimos at enim nostrum.','porro','394402','Quia ut rerum voluptates saepe illum rerum non. Eum quisquam amet tenetur dolor sint. Placeat error ea cum vero.','2013-01-19 17:32:30','1973-01-26 00:28:49'),
('2','2','2','Nihil accusantium sit dolorem cum maxime. Ut laudantium aliquam voluptatem minus. Magnam vel atque sequi et. Laudantium praesentium reiciendis eligendi id id unde.','ipsa','808','Numquam quidem quaerat architecto ut suscipit et est. Et debitis dignissimos maxime totam quae earum qui. Sint aut aut veniam dolorum est qui eos.','2006-10-21 15:06:29','1990-05-21 07:19:43'),
('3','3','3','Consequatur doloremque recusandae voluptate quasi ea et. Repellendus facilis nam fuga aliquam quidem pariatur eligendi. Suscipit odio cumque et maxime officiis accusantium est.','corrupti','260989390','Non vitae sed suscipit quia sint voluptate non. Assumenda necessitatibus quis laborum doloribus consectetur laudantium ea. Amet earum reiciendis consequatur pariatur.','1978-01-17 09:25:19','1982-10-01 18:09:11'),
('4','4','4','Consequatur odit explicabo quidem ea nihil harum est. Ipsa nobis quia consequuntur iste perferendis maxime. Nobis sunt voluptatem quis. Similique temporibus illum qui similique ut.','enim','477403','Magnam labore debitis eveniet omnis perferendis sed. Neque impedit nemo error iusto. Qui suscipit labore sit architecto quis eum. Esse ex voluptas expedita eos quidem et.','1996-05-29 09:07:16','2008-12-23 02:04:57'),
('5','5','5','Quasi voluptatem ab eos distinctio. Amet repudiandae eius quia sed quidem ut. Harum delectus quod eos quae nulla autem excepturi. Rerum eveniet ea nisi veniam. Aut et et tempore at occaecati.','vero','29694634','Quo tempore et aliquid inventore. Possimus quo occaecati id voluptate. Fugiat corrupti voluptatem ut molestiae.','1994-02-14 04:51:19','2013-10-31 13:31:39'),
('6','6','6','Consequatur sint provident possimus distinctio sed nemo. Consequatur tempore sed ut nihil iusto. Ab sint dolor et recusandae omnis distinctio autem.','exercitationem','299567','Ut est corporis aut enim quos magnam. Rerum iste dolores quia quod nam dolores voluptates. Tempora enim nihil ea qui aut ex itaque.','2015-09-04 13:17:15','1973-08-26 23:44:35'),
('7','7','7','Laboriosam incidunt ullam sequi aspernatur eos. Eos maiores in et aliquid rem iusto ratione error. Nisi eaque consectetur et nihil asperiores.','sed','3','At et eius a nihil iure rem. Sapiente aut molestiae id atque quis consequuntur eum id.','1992-02-11 00:27:25','2002-08-15 18:26:08'),
('8','8','8','Nulla nulla saepe vel nobis dolores molestiae. Repellendus voluptas aut non dolorum laboriosam eos incidunt. Voluptates doloribus voluptas quasi nobis. Repellendus exercitationem laudantium soluta ut nulla aspernatur perferendis.','aut','76','Consequuntur eum voluptas eligendi et veniam vero alias. Molestiae ut rem et quae. Esse voluptatem quia ipsa.','1978-11-15 09:53:18','1986-01-31 17:44:04'),
('9','9','9','Iure animi quam veniam labore. Sed exercitationem ex possimus autem repellendus est. Suscipit et exercitationem sit dicta totam labore numquam. Ut eos omnis cumque nam in voluptatem.','veniam','6822','Aperiam alias aut harum minus hic. Placeat aut perferendis et. Suscipit dolor aliquid dolor ut temporibus. Nemo et itaque delectus sint reprehenderit qui et quia.','1988-12-17 05:19:51','1974-09-04 12:01:59'),
('10','10','10','Sequi sunt mollitia sunt unde eum ea dolor sit. Nobis voluptatem et doloribus. Accusantium voluptate ipsa eaque voluptatem. Aliquam unde blanditiis odit facilis qui ullam.','ex','82245336','Adipisci nostrum qui iste. Quidem consequatur porro blanditiis enim distinctio illum quas mollitia. Sed assumenda quos optio asperiores. Totam dolorem sapiente sint necessitatibus.','1971-06-03 18:28:49','1998-02-27 11:10:02'),
('11','11','11','Sit dolorum sed a. Aperiam earum ipsa deleniti eaque. Voluptates sit consequatur sed ipsum similique.','hic','0','Voluptatem non eligendi autem suscipit impedit recusandae. Accusantium possimus dolorum ut ut officia eos.','2003-12-08 10:57:34','2017-04-30 16:18:12'),
('12','12','12','Ut incidunt hic ex aspernatur. Dolores architecto atque expedita excepturi nam et. In nisi qui fuga.','at','820260780','Ut explicabo aliquam vero atque. Aut voluptatem asperiores nesciunt velit. Quidem aspernatur qui repellat iure. Eveniet natus consequatur doloremque ea facere.','2018-09-17 13:35:10','1985-12-19 06:24:22'),
('13','13','13','Et corporis doloremque minima consequuntur eligendi enim recusandae consequatur. Consequatur nemo corrupti nobis distinctio. Qui modi minima ea qui. Enim dolorem inventore qui ut quidem.','nihil','0','Rem ut et sit ut labore et quasi. Ex esse maiores et accusantium. Ex consequatur amet quidem.\nCommodi est vel ullam non id. Et ullam minima qui.','1977-11-12 00:47:14','2007-04-11 21:50:46'),
('14','14','14','Dignissimos ea laudantium quo ut facilis. Doloremque consequatur neque veritatis mollitia. Sapiente cum aliquid dolor dignissimos deleniti vitae eum.','nostrum','1237873','Impedit sit facere quisquam facilis. Esse vitae neque illo. Necessitatibus assumenda quo quaerat.','1985-07-26 03:41:52','2018-04-11 16:53:41'),
('15','15','15','Est eveniet nam ex et. Quas sunt qui et possimus accusamus voluptates eum. Sequi quod delectus recusandae.','quis','90','Temporibus accusantium perspiciatis ea consequatur tempora magnam. Sequi dolorum optio suscipit. Consequatur et repudiandae molestiae cumque est animi. Laborum aut ipsum aut ipsum vel enim.','1971-07-24 09:02:43','1998-05-10 08:26:28'),
('16','16','16','Sunt asperiores impedit ut dolorum. Ad debitis molestiae nam quidem molestias itaque rem.','inventore','311878','Expedita ut ut commodi dignissimos reiciendis rem qui. Ut eveniet saepe occaecati amet vero rerum. Et expedita eaque sit.','1991-06-12 17:57:21','1971-06-28 14:36:01'),
('17','17','17','Quidem possimus accusamus aut blanditiis est aut. Aut ut tempore et autem sint similique. Porro in corporis maxime itaque quo non.','delectus','1420','Voluptatem quos exercitationem ipsum doloribus. Vero iure aut quasi fugit unde alias. Voluptatem earum assumenda error facere.','2009-08-06 20:44:50','2017-10-16 02:27:50'),
('18','18','18','Architecto rerum cumque doloribus. Sint odit nostrum provident tempore est rem repellendus quia. Rerum possimus sunt libero.','veniam','9577','Magni nobis nisi quod est quidem. Ipsa aliquid cumque voluptas. Nesciunt aliquid quod similique nulla laudantium. Qui atque quia reprehenderit doloremque aliquam ut.','1976-10-18 06:26:13','2006-05-26 07:53:49'),
('19','19','19','Velit ut est qui minus rem occaecati. Est excepturi occaecati enim. Enim natus et inventore atque labore hic cum. Nam assumenda est dolores enim quos ipsum voluptatum.','labore','414','Hic est qui doloremque aliquid voluptatem. Doloremque magni non officia suscipit eos quia qui qui. Temporibus eaque esse nam aperiam provident cum vitae. Architecto voluptas incidunt sapiente.','1991-02-19 05:13:39','1978-06-16 07:58:36'),
('20','20','20','Quidem eum veritatis deserunt eos. Vel consequatur repellat tenetur saepe minus. Voluptatem iure optio reiciendis itaque eos quo. Nam id sunt quod blanditiis nihil voluptas.','id','7964661','Voluptatem qui maxime eos. Sed et dolorem rerum iusto ea sit quia qui. Voluptas assumenda voluptatum eos corrupti suscipit.','1984-07-10 08:48:35','2015-01-11 19:28:32'),
('21','21','21','Et qui eos excepturi et qui est in. Numquam officia voluptatem et. Voluptatem quisquam et et et veniam earum. Numquam eveniet animi provident illo.','repellat','519459','Alias voluptate ut quas est ea reiciendis et. Mollitia ex et eligendi cum autem officiis in et. Aut voluptatem voluptas in veritatis. Id quae iure reiciendis repudiandae dolore.','2011-12-31 09:48:49','1972-03-04 03:29:23'),
('22','22','22','Omnis qui libero laboriosam eum. Occaecati ex deserunt ea aliquid animi et.','ut','980978161','Non quia eos praesentium at. In inventore veritatis vitae corporis. In magnam voluptatem error sint et explicabo perferendis.','2016-09-22 01:57:23','1997-06-11 08:14:09'),
('23','23','23','Sed odit odit labore nihil in. Qui voluptatem dolore deserunt aliquid et sed. Veritatis omnis porro aspernatur qui ut id voluptas.','quae','2455','Dolores et quae aut nemo dicta illo voluptas. Sunt ut quidem magnam modi aut quia dolor. Et praesentium veniam sit et et. Autem ut ab totam.','2014-09-15 17:00:11','2013-04-29 21:48:47'),
('24','24','24','Voluptate a fugiat debitis est et aut similique. Suscipit dolor sit illo vel eum minima vero. Tenetur itaque et quis inventore aspernatur nesciunt. Excepturi illum totam est animi et vero consequatur ab.','sapiente','397','Magni nobis repellat aperiam maiores. Aut expedita sint illo necessitatibus. Est qui tempore corporis cum odit aut et. Ut quis incidunt rem et blanditiis.','1985-03-21 17:51:43','2012-10-09 15:18:37'),
('25','25','25','Omnis et et est enim eveniet dolor asperiores. Dolores rem accusamus natus consequatur eos voluptas. Quaerat optio vel excepturi.','sint','78631','Tempore sit et doloremque harum voluptas asperiores. Vel quod molestias ab aperiam libero. Ut beatae ea numquam sit sunt natus.','1978-06-14 13:45:20','1985-12-26 06:18:51'),
('26','26','26','Quas dolor qui minima. Molestiae dolore pariatur occaecati dolores nesciunt enim perferendis. Velit nulla sapiente praesentium corporis. Aut et omnis dignissimos eum tenetur quo.','quia','0','Distinctio voluptatem aut quia non placeat numquam. Eius quam ab et omnis accusantium. Unde non est dicta praesentium vitae.','1987-03-04 01:00:24','1996-07-28 21:41:20'),
('27','27','27','Optio eos voluptatem est molestiae sed. Ut modi adipisci molestiae earum odio esse. Et mollitia sunt earum dolores qui ut quos.','nobis','2427675','Hic amet delectus velit natus velit deserunt dignissimos. Eaque porro et sed reiciendis ducimus atque. Recusandae consectetur modi et.','1977-02-05 20:44:12','2001-05-02 23:14:04'),
('28','28','28','Ipsum error blanditiis eos similique voluptatem qui. Voluptas nam perspiciatis omnis pariatur. Ut officiis nemo optio suscipit. Omnis et molestias saepe aliquid provident aut.','adipisci','834','Deleniti iste aut voluptas. Ut numquam occaecati repellendus quos non. Laboriosam sapiente blanditiis quia officiis.','1977-08-25 02:10:50','2000-04-10 15:54:25'),
('29','29','29','Voluptas modi consequatur laboriosam doloribus ut dolore et. Consequatur modi iste ut dolores. Sunt doloremque magni architecto iste id veritatis dolorem. Asperiores qui nihil non minus.','ipsam','367','Ipsa omnis ut aut sint et. Tempora facilis enim ex a magnam voluptas magnam inventore. Delectus sit voluptate quia facilis rerum omnis.','1970-02-21 04:36:01','2016-06-25 21:15:05'),
('30','30','30','Beatae vel iste cumque architecto. Odio odit fuga omnis ipsa quia ut voluptas.','corporis','245','Magnam sunt vitae voluptatem excepturi id. Nisi quibusdam non sit sit eos. Voluptates voluptates et consectetur earum. Adipisci vel explicabo laborum amet. Mollitia dolor minus nobis.','1997-03-03 19:44:17','1977-12-12 20:02:20'),
('31','31','31','Illum quia asperiores rerum qui eligendi. Ad quasi et veniam. Enim non sit perferendis excepturi. Molestiae est tempore voluptatem et voluptas iusto.','doloremque','3762420','Quaerat tempora dolores ut illo. Voluptatem dolores animi autem quibusdam occaecati nesciunt repudiandae. Placeat facere et debitis dolor.\nNon voluptatem alias sunt et. Ex et veritatis illum.','2002-07-09 07:53:59','1999-05-28 22:31:22'),
('32','32','32','Assumenda mollitia nobis iusto corporis id consequatur. Voluptatem laborum et praesentium ipsa aperiam ab. Pariatur dolore vero eveniet provident consequatur suscipit.','unde','429','Odit rerum tempore amet facilis qui sed. Nulla assumenda praesentium quaerat. Placeat adipisci omnis a.','2015-08-24 03:35:44','1983-12-12 01:44:39'),
('33','33','33','Temporibus qui quis perferendis aut vel. Autem officiis iure nesciunt et sunt aut. Et et dignissimos a doloremque nisi atque.','ut','139175','Aut eum eos laboriosam voluptas excepturi. Dolorem recusandae itaque exercitationem repudiandae velit eum aut adipisci. Veritatis dignissimos perspiciatis ut quia ipsam.','1997-07-01 18:39:03','1989-12-20 20:36:34'),
('34','34','34','Ab omnis est dicta recusandae odio iure. Laboriosam ex impedit sed esse. Aspernatur neque est quas quia consequatur. Vel est qui autem quis.','maxime','70169','Occaecati et quia odio laborum accusamus est. Fugiat illo temporibus omnis id tempora quaerat libero. Blanditiis tempora vitae ut consequatur et eaque officiis.','2012-11-28 15:22:26','2017-11-26 19:01:51'),
('35','35','35','Corrupti saepe est libero fugit. Aut consequatur quam dicta quae odit qui. Rerum alias ad et.','ipsa','4','Dolorem ex magnam maiores nobis ea. Mollitia ex nihil autem aliquam est.','2017-11-25 17:57:52','2006-06-20 16:26:57'),
('36','36','36','Et tenetur aspernatur totam debitis accusantium velit error. Omnis ut et expedita sit.','qui','9','Asperiores rem quaerat animi consequuntur quas. Tempore eum qui quas non possimus temporibus minus. Architecto voluptas et nobis voluptatem modi nulla sed est.','1997-06-22 11:25:29','1994-02-02 14:36:19'),
('37','37','37','Tempora impedit itaque harum dolorum culpa voluptatibus. Quidem esse accusantium consequuntur libero ut. Odit debitis distinctio sit eos. Voluptas distinctio officia voluptatem quis.','eaque','6373','Consequatur sint et quam et placeat mollitia cupiditate. Occaecati ut quae quia perspiciatis vel. Tempora commodi est voluptatem minima in et dolorem.','2018-02-26 11:57:03','1988-11-30 02:28:16'),
('38','38','38','Ea cumque illum nulla quibusdam dolores. Qui qui sunt ipsa doloremque corporis in deleniti.','pariatur','1912723','Autem aut repellat minus assumenda. Officia blanditiis ex rerum error ut in modi. Odit itaque qui aut sapiente culpa.\nEveniet eum omnis et facilis dolorum. Officia neque vel occaecati qui aut.','2017-04-12 04:10:10','2010-07-27 10:19:24'),
('39','39','39','Quo cumque atque ad tempore nihil aut. Quibusdam laboriosam necessitatibus rerum iusto perspiciatis omnis. Vitae dolor quis sit ea suscipit quia repellendus est. Et velit maxime expedita est aspernatur perferendis. Ipsam at tenetur libero eveniet recusandae repudiandae similique.','totam','346330296','Labore veritatis debitis dolorem iusto quisquam tempore repudiandae. Temporibus molestiae iste quisquam tempora et quos et. Dolor nihil voluptatem fugiat alias numquam sed laboriosam error.','1993-06-11 21:29:49','1998-03-22 20:00:50'),
('40','40','40','Aliquid laudantium provident inventore ipsa. Totam laboriosam et quasi. Facere sunt ex aliquam quo exercitationem.','a','8604331','Sit qui iusto cumque ut. Voluptates aut facere autem nobis consequuntur. Voluptas maxime nihil eum in praesentium ut nulla.','2000-08-24 16:05:23','1992-07-08 14:02:53'),
('41','41','41','Nihil nihil repellat excepturi provident qui exercitationem. Rem explicabo eaque facere id voluptatem. Suscipit quas reprehenderit non dolor doloribus doloremque. Et qui omnis ipsa iste dolor cupiditate.','quia','7554725','Doloribus tenetur exercitationem nisi quos similique reiciendis. Ut labore corporis quia sed quia. Eveniet praesentium dignissimos architecto libero animi voluptatibus aut itaque.','2010-08-10 08:27:54','2014-05-25 00:44:25'),
('42','42','42','Delectus velit dolorum officiis fuga. Voluptatem laudantium voluptas velit et velit sint. Necessitatibus quo sint voluptatem aut.','nemo','283','Consequatur iure et occaecati quia quaerat et debitis facilis. Id et optio vero. Nihil voluptas earum consequatur minima ratione non qui laboriosam.','2018-05-05 06:18:31','1990-06-21 10:01:22'),
('43','43','43','Aliquid praesentium ducimus beatae ea sit iure. Dolorem officia occaecati expedita vitae incidunt qui. Consequatur voluptatibus impedit sunt nihil iure laudantium corrupti. Perspiciatis et est voluptas vel quo.','beatae','1549','Qui fuga consectetur quas unde ut repudiandae voluptas neque. Molestiae explicabo beatae voluptatibus quaerat consequatur cupiditate ut quos. Earum commodi magni temporibus minus.','1990-04-06 22:14:37','2005-05-07 06:46:16'),
('44','44','44','Culpa quos nulla dolores autem. Et architecto ut asperiores tenetur et. Sint eveniet dolorem et aut vel et. Et iusto a voluptatem cum est earum nulla.','eos','8277921','Eum id eligendi error in. Et exercitationem quidem molestias in blanditiis. Quo possimus officia illum nihil odit. Sed ut ut est ipsa ipsum numquam facilis.','2002-09-11 00:31:47','1986-08-07 06:38:53'),
('45','45','45','Est accusantium eligendi error ut. Soluta beatae laboriosam sit quia. Et veritatis et dolor. Et in qui magnam omnis a molestiae. Perferendis consequatur repellat sit velit consequatur quia dolorem animi.','minus','8146523','Distinctio sed aut ut voluptatem animi fugit necessitatibus. Nihil ut quia et aut. Est vel qui ducimus sint voluptas omnis in. Autem consectetur numquam dignissimos dicta omnis.','2013-01-14 01:40:43','2004-10-11 16:20:56'),
('46','46','46','Enim nihil dolorem repellat odio autem autem non. Repellat ipsam dicta accusamus doloribus laudantium voluptatem non debitis. Laborum tenetur atque quibusdam qui.','omnis','86254','Dolorem voluptas voluptas qui nemo. Aut est labore ratione. Omnis quisquam exercitationem sed quia facilis cumque sed.','2000-10-12 16:56:14','2015-07-27 19:09:06'),
('47','47','47','Voluptatem sapiente est ratione commodi. Illum nam veniam nam earum molestias. Laboriosam qui molestiae consequatur quasi.','accusantium','0','Et illo alias et provident sunt aperiam sit. Id asperiores aliquid autem impedit sed in. Accusamus aut delectus magnam earum. Ut dolorum deserunt eum reiciendis iste et ut quo.','1980-07-05 12:06:40','1980-01-10 10:18:30'),
('48','48','48','Et dicta quia iste laborum molestiae. Perferendis reprehenderit error vel modi molestias.','similique','0','Illum qui deserunt similique et. Repellat fugit quia ducimus officia aut consequatur. Eius neque enim ipsum enim officiis.','1995-03-20 11:28:57','1973-11-18 10:49:07'),
('49','49','49','Quam officiis nobis consequatur. Ipsum facilis aspernatur nulla eius voluptatem. Dolore error amet eligendi ea quis tempore. Voluptatum veritatis repellendus aliquid et.','molestiae','32110','Corporis molestiae nulla dolor non animi. Velit sint sed officiis. Cumque sit necessitatibus inventore cumque. Molestias molestiae aut provident asperiores asperiores molestias rerum.','1998-05-17 20:36:19','1973-09-09 04:48:44'),
('50','50','50','Doloribus excepturi nostrum alias dolorum. Ex aliquam est officiis esse dignissimos asperiores enim voluptatem. Deleniti aliquam est tempore accusamus quis. Consequatur beatae ad et sed hic.','quia','8','Delectus autem eos rerum voluptatibus voluptatem. Sunt harum laborum ipsa earum et consequatur. Omnis non voluptas qui possimus ut quos. Qui ipsam fuga sint quam id.','1998-01-19 04:55:42','1982-11-16 03:46:37'),
('51','51','51','Exercitationem dolorem laudantium itaque voluptas omnis. Sint rerum dolorem magnam dolor. Provident illum et ut sed.','quos','3','Laboriosam commodi recusandae minus ut consequatur et enim. Voluptas sequi accusamus non consequuntur iure sequi. Qui eum minima accusamus. Cumque vitae rerum aut repellat rerum.','1994-06-04 14:53:17','2000-10-20 02:34:22'),
('52','52','52','Quaerat fuga aliquid tempora aperiam. Ea unde aliquid molestiae perferendis voluptas porro. Maiores non quia est in debitis qui. Soluta sed reprehenderit voluptates voluptates velit recusandae est.','quas','352355794','Quo natus eum nihil reiciendis. Molestiae quasi harum voluptatem quis. Voluptas rerum voluptatem id sed nisi dolores ab. At eos consequatur laboriosam dolor delectus vel.','2002-09-10 16:38:32','2006-12-11 22:58:41'),
('53','53','53','Quam fugit alias et vel sint aut. Deleniti aperiam nihil quia sapiente. Sit iure non aut voluptatem atque eos molestias. Qui quia rerum cum aut.','vero','36217','Nihil occaecati est sit magnam velit nesciunt voluptas. Quidem repellendus iure totam et possimus. Hic eius quaerat voluptatibus enim quis in.','2004-09-11 15:03:59','1981-11-18 06:26:52'),
('54','54','54','In voluptas sit quis quaerat possimus nemo. Eveniet est et qui corporis aliquam nesciunt molestiae. Est quidem et quia sint.','dolores','323019899','Autem facilis atque vel. Incidunt quis dolorem eaque quidem. Consequatur distinctio sed tempora sint.','1983-04-14 20:51:53','1986-06-09 23:13:14'),
('55','55','55','Voluptatem provident perspiciatis ducimus aut libero. Quo aperiam eos nesciunt.','voluptatibus','396272326','Numquam qui eligendi nihil recusandae. Odit quod iure cumque dolores excepturi. Sequi non nam id repellat sit atque.','1987-02-28 13:22:28','2013-01-27 00:02:58'),
('56','56','56','Et rerum sed cupiditate vitae facere alias voluptas tempore. Dicta ipsa maxime quidem debitis tempore. Nostrum ratione rerum doloribus libero. Voluptatem ut magni et voluptatem est non ducimus.','vel','4987412','Consequatur incidunt culpa reiciendis sint. Consequatur ex velit excepturi perferendis in in maxime. Consequuntur sed saepe et magnam. Sunt dolorum perspiciatis sed autem.','1990-04-06 07:25:54','1996-04-21 02:27:53'),
('57','57','57','Non nisi sed tenetur laudantium. Sit enim nostrum optio sed alias qui. Amet a nulla maiores. Nesciunt officiis a dolor voluptate rerum impedit. Numquam illum excepturi praesentium tenetur quae.','suscipit','0','Temporibus voluptatibus consequatur minima consectetur. Est aperiam suscipit ab est fugiat magnam.','1971-03-11 03:37:15','1981-09-09 07:45:03'),
('58','58','58','Enim hic aut porro omnis numquam enim. Non aut quas nostrum dolor repellat est sunt ut. Aperiam dolorum consequuntur ut quia cupiditate in.','necessitatibus','87384714','Possimus occaecati rerum aut quis. Vel labore dolores eum laborum voluptatem. Molestias distinctio facere beatae aut modi nihil et aut. Incidunt ea rem ad qui non aut ipsam.','2012-12-18 12:27:19','1981-12-16 05:17:16'),
('59','59','59','Sed quae aut molestiae corporis rerum sit perferendis. Qui omnis commodi quidem ut maiores ad. Ad molestias quas quae quam.','quis','0','Et voluptas laborum ut at blanditiis. Quae quas enim nihil quo labore impedit. Ex vel dolores quasi sit quibusdam quis.','1987-07-27 20:24:34','2020-01-11 19:10:11'),
('60','60','60','Tempore dolor et voluptas non. Necessitatibus possimus dolorum quae quod. Delectus non ut voluptatibus ad sunt. Ad nam excepturi minus ut ipsa sed voluptatum.','consequatur','0','Quas minus architecto eum impedit reprehenderit nam. At quas laborum dolores repellendus. Aut et esse neque. Numquam laudantium laudantium adipisci molestias quidem expedita quis a.','1996-02-01 11:54:49','2019-05-25 05:09:27'),
('61','61','61','Inventore sint non veritatis saepe quisquam non nam pariatur. Dicta sit error voluptates beatae. Et voluptatem itaque minima debitis ducimus.','vel','797','Labore enim in itaque dolore sit quas et magnam. Optio et quas dolorem sed aliquam nulla aut. Soluta deleniti ipsa harum laborum voluptatem eum. Dolores quis reprehenderit nesciunt et.','1988-07-05 00:13:37','1988-03-11 11:52:27'),
('62','62','62','Iusto deserunt veniam aspernatur similique. Perspiciatis sapiente omnis nihil ut aut recusandae optio. Commodi laborum autem eveniet incidunt qui mollitia accusamus aut. Molestias doloribus impedit ut.','qui','249415089','Amet in rerum ea et magnam perspiciatis expedita. Aut sint quisquam qui enim numquam sit autem. Dolore accusamus eveniet voluptatem atque.','1990-10-11 06:01:13','1984-06-18 05:27:03'),
('63','63','63','Quia eum molestiae neque fuga quos. Neque ipsum aut ut sunt. Qui et dolor esse eos quia accusantium sit. Expedita ex laborum et est quam eaque.','consequatur','11','Est accusantium unde repellendus rerum reiciendis. Itaque a ut sunt nobis nisi velit.','2011-12-30 22:41:37','1986-05-08 12:25:45'),
('64','64','64','Similique qui distinctio cumque consequuntur officiis. Error et doloribus voluptates dolores vel. Et sint sed aut error consequuntur voluptatem. Minus eum nemo et quaerat itaque neque.','sint','0','Soluta dolorum velit ipsa voluptas labore fugit rem. Consectetur ut eos a rerum est quia harum. Aut et omnis quis pariatur vitae qui. Iusto corporis voluptas voluptates totam modi sunt ea.','1977-06-25 16:16:44','1971-02-28 07:32:00'),
('65','65','65','Voluptas molestiae non architecto est accusantium voluptas in dignissimos. Veniam eveniet dicta unde ut itaque omnis sit. Dolores nam aliquid excepturi est. Dolorem repellat consequatur accusantium quis odit voluptate et.','numquam','16351542','Dolorem rerum laboriosam officia qui. Quis odio voluptatibus architecto occaecati tenetur repudiandae. Molestiae sed vel illum est similique. Totam autem distinctio sint ullam vel rerum aliquam.','2019-12-13 21:10:25','1995-04-04 23:42:43'),
('66','66','66','Hic minima temporibus aut voluptatum sequi numquam aut natus. Beatae eum reiciendis dolorum non odit sint omnis. Voluptas minima architecto nihil enim voluptatem illum molestiae. Neque dolore eum ut hic ea praesentium iusto.','corrupti','161','Aut expedita et ut natus quibusdam ut magnam. Nisi doloremque ipsam itaque totam velit est. Officiis tempore suscipit neque. Sequi libero tempora tempore architecto aut deleniti.','2014-02-12 07:20:02','2008-12-25 10:59:13'),
('67','67','67','Repellendus vel quas maiores voluptas. Assumenda voluptatibus voluptatum perferendis eligendi aliquam praesentium. Voluptatem vel officiis numquam enim praesentium.','enim','2','Consequatur nostrum et at blanditiis quia. Quae fugit iure sapiente quidem aut. Veniam accusamus dolores et voluptatem. Unde quia dolorem modi.','1979-06-15 11:55:49','1987-03-26 19:45:11'),
('68','68','68','Consectetur ut molestias id sed consequatur quibusdam. Laboriosam omnis debitis ducimus ducimus officiis. Eligendi voluptatem praesentium cupiditate blanditiis commodi tenetur reiciendis. Maxime excepturi sapiente fugit quia esse.','itaque','3114','Quia ea molestias quia ut. Aut dolorem nemo aspernatur odit provident necessitatibus. Blanditiis fugiat quaerat officia corrupti autem explicabo. Quis dolorum et veritatis.','1995-10-06 03:32:37','1988-08-29 10:31:20'),
('69','69','69','Fuga laudantium dolore voluptas omnis enim non. Maiores dicta officiis velit praesentium aut et at. Illo accusamus aut qui suscipit amet. Commodi ut omnis sapiente rerum soluta aut modi.','qui','875380','Est vel delectus voluptate repellendus omnis sit atque. Excepturi accusamus distinctio qui aut voluptatem minus.\nEius et a iure sit ut doloribus. Et veniam quidem nemo modi doloribus error odit.','1972-01-05 05:52:21','2003-04-21 08:38:39'),
('70','70','70','Autem et facilis qui ut consequatur quia aut. Dolorem iste molestias consequatur odit eligendi ex. Nesciunt nobis quam expedita pariatur.','vitae','7169','Fugiat quos atque beatae qui aut aut velit voluptatem. Eum ut facere fuga inventore blanditiis qui.','2018-03-16 11:30:24','1970-08-28 05:20:37'),
('71','71','71','Et voluptas sapiente tempora et. Dolores ea maiores laudantium adipisci nemo.','facere','92804701','Et sequi ab odit aut. Aut tempore commodi debitis ullam ea mollitia. Facere beatae porro non aperiam rem natus.','2002-08-23 15:05:02','1981-08-17 06:43:50'),
('72','72','72','Consequatur rerum aut ut animi itaque ut. Deleniti tempore ipsa sit consequatur praesentium repudiandae libero. Et vitae id magni quam deserunt non. Id odit perferendis laborum suscipit veritatis. Cum rerum officia debitis accusamus saepe nisi at non.','consequuntur','42613','Provident dolor magnam voluptate autem quos velit et. Quisquam ipsum nulla sunt qui et ea mollitia. Aut neque vel sint dolor rem nihil sed. Ipsa corrupti rerum quis corporis et maxime rerum commodi.','1995-01-18 01:00:29','1989-06-02 11:43:01'),
('73','73','73','Doloribus commodi et quia quod. Sit dolores rem culpa sapiente aut rem. Et ratione iste ut velit minus harum quia.','mollitia','577459591','Officia et fugiat voluptas in qui. Voluptates et consequatur facilis qui. Ab maxime corporis corrupti nemo maxime. Ea atque laborum magnam consequatur dolorum iure enim.','1997-08-16 12:28:36','2010-05-31 04:25:26'),
('74','74','74','Voluptas vel in qui aliquam est. Voluptate officia ipsa ut. Ipsa distinctio vero ut quam est officiis amet. Quo qui et quia reprehenderit magni et eveniet.','aut','7040889','Amet dolores dolor assumenda ut voluptate. Commodi consequatur libero dolorum aut temporibus enim. Velit aut optio officiis ut dolore illo repudiandae. Adipisci deserunt qui earum reprehenderit et.','2016-12-17 13:33:21','2004-08-27 02:42:11'),
('75','75','75','Reprehenderit nesciunt est enim aut dolorem laboriosam ipsa. Molestiae saepe est culpa repellat.','commodi','37975','Doloremque id et facilis ipsa. Velit est asperiores quo aliquid accusantium. Dolorem autem praesentium occaecati laudantium sint. Ea voluptatem eaque adipisci nisi ipsum.','2010-06-23 13:49:08','1987-12-15 21:29:17'),
('76','76','76','Neque blanditiis assumenda ipsa dicta non doloremque quas. Quo voluptate minus in praesentium ipsum. Rem et voluptatum aliquam autem.','qui','227','Laboriosam itaque quia velit debitis veniam consectetur. Iste similique hic delectus rerum. Et est sit hic qui quod. Culpa neque veniam illo.','2012-05-06 17:17:40','2008-08-27 16:11:06'),
('77','77','77','Eum quibusdam amet impedit id optio ipsam non. Iure vero nihil consequuntur et laborum fugit. Dolor occaecati suscipit eius natus consectetur harum aut. Cumque ipsum nobis placeat repellat.','sed','42835739','Quia aut eligendi quibusdam. Impedit ut saepe suscipit et quia dolor.','1993-12-05 06:19:04','2006-01-20 21:48:42'),
('78','78','78','Vel iste inventore cumque. Qui voluptatem neque iste dolores et nulla quae. Ea quam qui ratione laboriosam omnis et. Natus totam aut illum odio temporibus nesciunt.','velit','357294959','Illum aperiam alias culpa eligendi. Iusto eius tenetur est sit et ut. Nam dolores commodi nobis asperiores odio suscipit ducimus.','1989-12-21 18:17:32','2002-11-23 14:54:02'),
('79','79','79','Distinctio quia esse perspiciatis est dignissimos. Et molestiae sit recusandae architecto possimus aut itaque ut. Saepe consequatur tempora consectetur.','modi','4743','Assumenda nobis praesentium sit. Sed maxime est enim. Facilis cum cum aut quia. Ipsa doloremque beatae enim molestias ipsum sequi eum. Ducimus consequatur et impedit iusto.','1981-05-19 03:28:54','2016-08-26 21:15:12'),
('80','80','80','Ipsa velit sed aut natus quae. Reiciendis aut officia impedit sit praesentium esse. Aut aut pariatur consequatur voluptatem iste deserunt ipsum similique.','rerum','0','Dolorem ipsam a sed qui ipsum repudiandae voluptatem. Hic quas aut at. Pariatur et dolorum rerum et officia adipisci. Hic error id earum.','1974-04-11 08:44:47','2015-07-27 14:44:05'),
('81','81','81','Consequatur nemo ipsam ad consequatur dolor accusantium laudantium dolorem. Consequatur ut laborum doloremque delectus rerum repudiandae quae.','quis','61468284','Beatae exercitationem est et voluptas quam quidem eos. Esse et commodi praesentium id quo. Libero neque atque illum in velit. Cum quia in aut sed.','2008-09-25 17:59:14','2014-06-02 18:48:02'),
('82','82','82','Est omnis dolorem ut eveniet a porro enim. Illo quaerat nulla at saepe labore. Dolorum veniam hic qui et sapiente voluptas.','deleniti','10','Maxime et dolorem quia nemo. Consequatur ipsum rerum qui laboriosam nihil facere. Dolore non et nulla quis ipsam porro nulla.','1997-11-09 16:46:13','1971-06-26 15:24:33'),
('83','83','83','Culpa qui et accusantium rem illum et harum harum. Neque quos facere nesciunt nisi. Sit et sed sit esse impedit et officia. Culpa velit sint dolor inventore debitis.','vel','9','Explicabo facere in deleniti debitis tenetur quas voluptas. Consequatur dolorem voluptatibus commodi dolores corrupti. Et molestias velit officia corporis labore.','2008-05-02 00:33:22','1982-10-13 22:30:15'),
('84','84','84','Quis aspernatur voluptate officia doloribus ipsa nihil qui. Ratione tempora blanditiis architecto in sed molestias.','ut','512693701','Facilis et id fugiat non libero eum. Est et impedit debitis quidem qui et veritatis nesciunt. Sit quas sint quisquam quo ut in. Veniam aut placeat inventore nesciunt.','2012-03-27 20:23:46','2012-06-12 17:21:44'),
('85','85','85','Sit reprehenderit nemo quaerat quia. Possimus enim deleniti quibusdam atque. Explicabo dignissimos reprehenderit veritatis qui molestiae nam.','impedit','333075793','Nesciunt magnam et eum eveniet sint. Totam autem earum harum sed incidunt. Deserunt dolorum qui suscipit ut.\nAd quia quibusdam sed assumenda non eum. Laborum dolorem nostrum ex nemo sit est veniam.','2020-01-14 10:21:27','1997-12-31 05:37:57'),
('86','86','86','Commodi porro quisquam sunt autem itaque corrupti. Dignissimos tempora aut aut voluptatem ratione quod. Et id temporibus dolore fugit rem minus necessitatibus. Culpa natus placeat tenetur rerum expedita delectus.','quasi','2','Excepturi mollitia impedit quibusdam id tempora quas. Ut ea dicta pariatur doloremque maxime hic. Labore assumenda qui deleniti incidunt. Sed error est consequatur enim ea.','1990-06-15 18:16:55','1986-02-12 21:56:10'),
('87','87','87','Et est facilis qui sint aliquid animi. Qui voluptatem saepe veniam error. Ut nostrum et harum explicabo mollitia ipsam. Itaque hic fugit vero ab ducimus cumque voluptatum.','quis','215483','Voluptate consectetur rerum cumque accusantium. Dolor ut omnis culpa eos enim ut.\nAlias odit dolore dicta. Facere similique quod explicabo laboriosam quia. Vel provident aut quia est enim.','1970-05-05 06:56:35','1997-11-29 04:17:16'),
('88','88','88','Ea ut commodi delectus velit voluptatem amet. Quidem est quas beatae quidem. Reprehenderit consequatur earum qui incidunt aut.','ipsum','81','Id omnis nihil porro aut blanditiis est qui. Debitis eligendi unde incidunt ut repudiandae laborum perspiciatis. Id sit eum rerum sed. Officiis amet repellendus voluptas aut quo repellat.','2002-02-19 02:34:03','1982-02-06 02:58:44'),
('89','89','89','Tenetur ab consequuntur et voluptate nam. Tempora est officiis similique quam molestiae deleniti. Id quibusdam distinctio error nisi.','possimus','1966372','Eligendi dolorum blanditiis fuga et. Omnis cupiditate iste et voluptatem voluptatum non ex. Nobis molestiae consequuntur et aut est vero quisquam unde. Eveniet nam ullam illo voluptate.','1980-09-04 20:01:05','1998-01-21 08:58:20'),
('90','90','90','Suscipit ad quis possimus consequatur ut. Accusantium sint unde qui rerum.','nobis','567','Voluptas architecto non qui necessitatibus tempore nobis. Aliquam eum et corrupti aut. Aspernatur numquam quidem et quaerat numquam quibusdam quam. Sed provident possimus eveniet qui.','2014-05-21 21:29:53','2008-01-27 23:49:41'),
('91','91','91','Debitis rem quasi in a et. Accusamus nisi mollitia quaerat similique unde ea tenetur.','cupiditate','0','Vel ut maiores quo est aut. Fuga sapiente atque earum accusantium asperiores et. Iure cupiditate illo laborum placeat. Cumque quos dignissimos laudantium quae.','2017-06-21 03:44:51','2018-04-08 23:14:05'),
('92','92','92','Enim debitis aut est nobis blanditiis distinctio. Est voluptatem illo provident eos. Omnis et nesciunt consectetur provident est quos facilis. Qui deserunt laboriosam et et corrupti voluptatem vitae.','aut','992193','Voluptate corrupti deserunt eos voluptatibus. Quo enim facilis eum ut quo voluptatibus accusantium. Ipsam hic doloribus itaque sunt quos aut quia. Accusamus deleniti repellendus placeat voluptatum.','2014-07-17 15:31:56','1982-04-23 11:59:18'),
('93','93','93','Omnis ducimus harum vel rerum. Et ea magni similique quo molestiae libero. Autem modi ratione omnis doloribus quidem.','tempora','78938795','Aliquam sit optio sequi ut eveniet aliquam ut. Quia nihil aut odio molestias est omnis dolor. Facilis beatae ducimus doloremque vero architecto distinctio. Sapiente sint aliquid et quos impedit.','2009-07-24 03:55:56','2006-03-24 00:28:31'),
('94','94','94','Error quia fuga iusto maiores in iusto. Qui neque nostrum doloremque totam dolorem. Sint sint eos vel iusto in facilis.','laborum','810172298','Rerum dolor iure non occaecati aut numquam. Nam qui cupiditate exercitationem distinctio non neque. Nemo sint aut ad qui autem dolores.','1990-01-06 03:41:50','2002-03-01 17:47:19'),
('95','95','95','Voluptatum facilis enim ut voluptatem ullam. Deserunt sequi aliquid numquam vel. Deleniti dolor fuga qui quo eaque adipisci suscipit.','repudiandae','2','Libero nesciunt quis voluptatem error illum dolor consectetur corrupti. Et blanditiis rem aliquam aut quia itaque. Quos eveniet aut non est. Magni sequi aut aut.','1987-09-16 03:03:55','1980-02-05 13:47:23'),
('96','96','96','Ad eveniet nihil culpa dolore quas itaque praesentium. Voluptates incidunt quod rerum. Non et et voluptatibus.','id','783086093','Voluptatum nulla et consequatur nam similique optio in. Soluta qui facere est reprehenderit a. Nemo ex vel rerum aliquam reprehenderit eaque ea. Debitis sed sapiente tempore ducimus aut inventore.','1997-07-26 16:21:09','2019-08-07 04:32:18'),
('97','97','97','Magni assumenda corrupti magnam aliquam asperiores unde repellat. Iusto id maiores quibusdam ad. Ut error qui et libero iusto nobis est.','expedita','61004815','Expedita itaque accusantium veniam dolores nemo et. Doloremque accusantium voluptatem laudantium aliquid enim. In nihil fugit harum deleniti voluptas ut et. Deserunt omnis sunt ipsum vero.','2010-08-30 03:34:16','2011-09-19 06:00:11'),
('98','98','98','Ut vitae odit aut ratione architecto. Occaecati error corrupti aut sit omnis et accusantium. Amet eveniet odit velit sed tempora.','qui','2156','Sed maiores a molestiae et qui cupiditate ut. Ipsum rem dolorem nihil est non eos minus. Velit praesentium autem voluptas neque. Rerum quod aperiam totam sed labore.','2019-09-12 00:10:16','2008-09-29 01:08:38'),
('99','99','99','Voluptas cumque enim inventore voluptatem. Laboriosam suscipit magni doloribus et earum ducimus. Minima vel non dolore non est. Ab molestias asperiores ipsa magni. Et nobis quaerat aut maiores nisi.','voluptatem','2592921','Mollitia officiis modi commodi corrupti pariatur optio. Quis sapiente delectus aperiam iusto dolor est minima. Aut aut amet officiis. Debitis aut quo laborum mollitia.','2019-01-18 10:58:05','2002-11-10 01:43:07'),
('100','100','100','Iure doloremque qui dolores quis iusto libero. Delectus vitae eum quia et perspiciatis voluptatem. Doloremque vero culpa in corporis corrupti. Voluptas magnam quia libero eum rerum voluptas sed.','omnis','0','Labore placeat temporibus porro consequatur et asperiores quis. Consequatur reprehenderit occaecati doloribus rerum. Consequatur et est nostrum voluptatem.','1977-08-12 00:29:29','1996-08-29 04:17:20'); 


DROP TABLE IF EXISTS `media_types`;
CREATE TABLE `media_types` (
  `id` bigint(20) unsigned NOT NULL AUTO_INCREMENT,
  `name` varchar(255) COLLATE utf8_unicode_ci DEFAULT NULL,
  `created_at` datetime DEFAULT current_timestamp(),
  `updated_at` datetime DEFAULT current_timestamp() ON UPDATE current_timestamp(),
  PRIMARY KEY (`id`)
) ENGINE=InnoDB AUTO_INCREMENT=101 DEFAULT CHARSET=utf8 COLLATE=utf8_unicode_ci;

INSERT INTO `media_types` VALUES ('1','dolor','2006-11-19 14:56:30','1977-10-19 05:11:36'),
('2','et','1975-03-24 06:50:04','1984-08-13 12:42:31'),
('3','laudantium','1997-06-22 07:28:30','1983-06-09 12:44:20'),
('4','id','2019-01-04 22:22:13','1979-11-05 03:49:32'),
('5','suscipit','2019-10-02 03:19:45','1980-05-14 07:31:36'),
('6','vitae','1989-10-02 22:38:35','1976-01-08 02:46:16'),
('7','recusandae','1988-01-08 12:45:30','1992-04-04 20:42:29'),
('8','necessitatibus','1996-01-23 20:55:05','1982-11-24 16:48:13'),
('9','excepturi','1984-09-01 16:51:26','1983-06-27 22:59:52'),
('10','eaque','1970-10-09 19:19:05','1973-03-31 21:28:13'),
('11','praesentium','1999-03-29 21:07:02','2019-05-28 08:12:23'),
('12','est','1997-04-12 14:52:15','1980-07-06 01:09:29'),
('13','eum','2001-02-20 19:01:30','1977-08-14 23:40:54'),
('14','quasi','2009-08-26 18:53:55','1994-03-28 00:38:48'),
('15','quia','1997-12-21 08:26:27','2011-12-23 00:22:19'),
('16','saepe','1971-06-04 18:21:50','1982-06-28 19:22:59'),
('17','eligendi','1991-04-29 01:59:01','1981-10-28 22:49:22'),
('18','veritatis','2002-03-14 13:25:49','2011-09-05 06:37:47'),
('19','reiciendis','1981-08-30 16:27:47','2004-02-22 05:48:11'),
('20','tempora','1991-05-14 13:12:50','1998-12-03 04:04:28'),
('21','distinctio','1977-05-14 03:53:10','1976-04-29 05:50:52'),
('22','ut','2016-06-27 07:00:40','2011-05-01 10:50:24'),
('23','veniam','1981-12-13 06:44:13','1979-09-21 22:29:09'),
('24','tempore','2005-01-20 23:52:04','2004-02-16 07:00:39'),
('25','aut','2012-05-21 21:00:59','1981-12-26 12:38:36'),
('26','modi','2006-10-03 18:38:12','2014-11-21 09:35:21'),
('27','provident','1988-05-21 08:23:52','1972-04-25 03:06:41'),
('28','architecto','1981-07-07 10:48:49','1987-08-04 00:31:21'),
('29','asperiores','1978-06-17 22:27:05','1993-12-10 14:45:59'),
('30','reprehenderit','2002-03-21 17:00:59','1983-07-27 23:06:35'),
('31','ut','2015-09-12 14:28:04','1978-10-12 05:29:48'),
('32','dolorem','1973-02-07 10:15:36','1999-01-12 19:33:56'),
('33','blanditiis','1974-10-28 10:13:56','1973-08-15 04:55:23'),
('34','ea','1976-05-08 07:20:39','2006-08-06 12:59:47'),
('35','soluta','1997-03-01 08:37:13','2002-11-05 08:22:47'),
('36','deleniti','1973-05-03 10:43:43','2012-06-04 07:11:40'),
('37','occaecati','1971-08-26 04:23:12','1973-11-09 20:13:58'),
('38','aliquam','1976-10-31 07:24:12','1999-08-15 04:19:59'),
('39','illo','1982-09-05 19:08:51','2017-02-09 23:28:24'),
('40','non','2018-07-23 20:52:49','1997-01-27 11:31:14'),
('41','dolor','1990-05-14 10:53:18','1972-07-12 16:15:52'),
('42','eveniet','1970-06-22 10:00:12','1974-11-03 23:12:32'),
('43','reprehenderit','2017-10-08 11:13:52','1993-04-09 17:24:35'),
('44','cupiditate','1970-07-29 14:06:18','1993-07-10 20:54:36'),
('45','et','1989-06-02 06:43:54','2014-05-13 07:40:42'),
('46','nihil','2018-06-15 02:39:36','2000-03-20 23:28:30'),
('47','suscipit','2013-02-16 16:48:15','2018-01-21 15:38:37'),
('48','odit','1975-09-05 09:15:51','1988-03-12 20:31:15'),
('49','maiores','1992-05-22 04:19:36','2012-04-11 11:34:31'),
('50','qui','1977-11-12 19:35:16','2018-12-09 16:46:45'),
('51','debitis','2009-08-19 05:48:11','1998-07-11 06:50:33'),
('52','cupiditate','2003-03-29 06:50:22','1999-10-25 00:19:45'),
('53','eveniet','1973-10-24 22:32:32','1993-01-15 13:24:39'),
('54','incidunt','2015-08-24 12:52:24','1972-02-23 22:25:51'),
('55','esse','2014-10-08 21:54:07','1993-09-16 04:19:03'),
('56','fuga','1990-02-10 21:16:56','2008-08-01 20:59:51'),
('57','sed','2007-11-02 06:32:20','1971-01-29 20:33:40'),
('58','eius','1994-10-22 13:18:52','2002-01-16 17:57:07'),
('59','ad','1978-08-14 18:08:39','1972-04-16 05:21:57'),
('60','cumque','1970-03-06 22:35:28','2005-08-30 04:15:28'),
('61','veritatis','1992-11-13 14:58:22','1996-07-28 02:24:54'),
('62','ut','2019-06-12 02:12:07','2004-03-30 05:31:53'),
('63','dolorem','1974-10-23 11:39:29','1995-11-30 10:03:51'),
('64','sequi','2007-10-15 18:15:23','2004-02-28 05:33:07'),
('65','cupiditate','1994-03-23 10:30:34','1986-10-25 17:55:03'),
('66','nihil','2008-06-15 03:51:11','2010-08-16 01:21:54'),
('67','debitis','1998-02-05 01:59:27','1977-01-06 10:15:53'),
('68','magnam','1985-05-10 21:45:03','1995-11-13 01:11:17'),
('69','ut','2010-08-19 09:30:42','1972-06-24 14:26:59'),
('70','est','2001-02-13 04:08:59','2018-11-06 14:27:24'),
('71','dicta','2019-09-24 21:42:06','1979-01-18 23:33:36'),
('72','aut','1982-06-14 00:53:17','1996-05-07 18:25:46'),
('73','et','2009-11-25 23:23:23','1986-02-27 16:38:34'),
('74','earum','1986-10-07 04:33:35','2004-03-30 19:43:28'),
('75','soluta','1988-09-29 21:30:11','1978-05-18 15:21:39'),
('76','id','2013-07-23 18:51:38','1995-08-16 10:24:41'),
('77','quas','1984-06-19 05:43:10','2006-12-09 21:39:17'),
('78','cum','1971-10-21 08:59:46','1978-03-30 13:51:16'),
('79','id','1977-04-01 12:08:39','1998-07-12 02:28:56'),
('80','natus','1977-08-05 02:44:42','2003-07-19 08:24:33'),
('81','ut','1970-04-08 14:45:42','2014-04-02 20:32:34'),
('82','minus','1978-04-04 23:05:22','1970-05-27 00:56:05'),
('83','earum','1978-01-13 12:44:27','1999-05-19 00:53:37'),
('84','voluptatem','1985-03-30 23:40:28','2017-05-26 07:48:53'),
('85','omnis','2008-03-02 10:25:05','1978-06-20 09:05:15'),
('86','expedita','2010-09-26 10:59:01','1999-03-20 20:28:25'),
('87','totam','2002-09-28 22:58:09','2007-01-11 09:35:22'),
('88','soluta','2014-03-13 03:28:12','1982-09-21 07:32:08'),
('89','et','1984-11-25 22:59:47','2005-12-23 13:13:40'),
('90','et','2005-02-26 20:45:50','1980-04-18 18:58:36'),
('91','modi','2016-05-10 18:11:09','2015-05-23 04:47:06'),
('92','dignissimos','2014-07-30 01:20:16','1980-05-03 22:53:59'),
('93','eaque','2007-07-31 11:43:31','1974-06-23 19:11:59'),
('94','facere','1985-09-29 19:15:07','1995-10-22 14:45:58'),
('95','eos','1992-12-28 03:21:27','1985-02-07 00:37:20'),
('96','corrupti','1978-10-31 02:21:50','1988-03-07 06:05:00'),
('97','dolorum','2002-06-11 22:39:34','1997-10-06 04:22:00'),
('98','placeat','1976-03-24 19:37:58','2004-09-12 05:42:46'),
('99','reprehenderit','2006-04-01 11:34:27','1972-10-12 05:57:14'),
('100','et','1978-09-13 08:57:43','1977-08-08 04:15:08'); 


DROP TABLE IF EXISTS `messages`;
CREATE TABLE `messages` (
  `id` bigint(20) unsigned NOT NULL AUTO_INCREMENT,
  `from_user_id` bigint(20) unsigned NOT NULL,
  `to_user_id` bigint(20) unsigned NOT NULL,
  `body` text COLLATE utf8_unicode_ci DEFAULT NULL,
  `created_at` datetime DEFAULT current_timestamp(),
  PRIMARY KEY (`id`),
  KEY `messages_from_user_id` (`from_user_id`),
  KEY `messages_to_user_id` (`to_user_id`),
  CONSTRAINT `messages_ibfk_1` FOREIGN KEY (`from_user_id`) REFERENCES `users` (`id`),
  CONSTRAINT `messages_ibfk_2` FOREIGN KEY (`to_user_id`) REFERENCES `users` (`id`)
) ENGINE=InnoDB AUTO_INCREMENT=101 DEFAULT CHARSET=utf8 COLLATE=utf8_unicode_ci;

INSERT INTO `messages` VALUES ('1','1','1','Perspiciatis voluptatem qui consequuntur incidunt culpa ut. Omnis aut ut illo et. Cumque fugit ad amet voluptas.','1980-06-22 08:02:06'),
('2','2','2','Voluptatem cum quod sit corrupti nobis est. Quos reprehenderit quos quas sit alias fugit. Voluptate dicta ad quidem est est.','1975-01-26 21:25:51'),
('3','3','3','Dolor omnis accusamus optio debitis. Rerum similique reiciendis commodi. Fugit amet officia quasi delectus ut.','1977-09-19 21:26:48'),
('4','4','4','Possimus sequi quidem optio laboriosam architecto qui maxime. Qui adipisci minima iusto nemo non ut ullam. Dolorum sed assumenda eos maiores sit inventore quia.','1987-07-17 05:00:33'),
('5','5','5','Impedit consequuntur consequuntur quis vitae. Modi illo sit et dicta assumenda iusto dolorem. Eligendi quidem dolorem quia non.','1993-11-02 01:44:27'),
('6','6','6','Ipsam voluptatum deserunt repellat et rem. Facere facilis possimus non iste neque et adipisci nihil.','1996-09-15 13:02:39'),
('7','7','7','Corporis et cumque nisi. Voluptas perspiciatis modi rerum neque accusamus. Occaecati ipsam nihil et assumenda voluptas sint.','1973-09-10 11:26:55'),
('8','8','8','Dignissimos deserunt ullam placeat minima voluptatem. Consequatur est quaerat nam delectus at reiciendis aspernatur fugiat. Fuga quod odit consequatur minima molestiae quia in. Commodi ea unde mollitia sint. Id reiciendis iure debitis dolore accusantium.','2006-05-25 16:57:56'),
('9','9','9','Officia consequatur non deleniti. Vel molestiae error necessitatibus numquam consectetur. Corrupti consequatur ullam a quo ut.','1981-06-15 08:31:56'),
('10','10','10','Molestias praesentium dolores accusamus porro. Occaecati blanditiis dolorem eaque voluptatibus optio earum cum. Voluptas placeat corrupti ut rerum est. Exercitationem eos quas nemo qui velit esse aut.','1997-07-18 07:31:17'),
('11','11','11','Facilis dolorem maxime recusandae dolorem magni. Alias qui est distinctio ab facere eum. Facere id hic velit.','2012-08-17 07:12:14'),
('12','12','12','Ea dolorem qui sint optio. A ut nulla iste eum consequatur. Est enim ea non debitis.','2019-07-02 09:48:55'),
('13','13','13','Aliquam molestias laudantium quibusdam tenetur consequuntur voluptate. Est quidem est ut vero. Dolores unde ut magnam est modi culpa.','1984-04-04 14:08:52'),
('14','14','14','Rerum illum quia cum temporibus. Accusantium officiis voluptas consectetur id provident. Minus qui fugiat officiis.','1997-09-23 07:28:09'),
('15','15','15','Est sed iste doloribus adipisci recusandae excepturi. Beatae fugit ut pariatur saepe vel alias nulla.','2004-07-19 11:58:42'),
('16','16','16','Ea eveniet veritatis molestiae autem. Voluptatem et facilis libero voluptate dolorem id. Magni dolorem fugit nihil qui. Iste rerum et impedit in velit aut mollitia.','2012-12-23 10:36:35'),
('17','17','17','Consequatur ut fuga molestiae quas qui quis esse praesentium. Quis laborum autem totam eveniet.','2010-04-24 20:05:51'),
('18','18','18','Sequi ut sequi molestiae commodi. Possimus quasi quae nihil ullam animi quia. Maxime et suscipit aliquid omnis est eaque culpa.','2003-03-01 04:42:38'),
('19','19','19','Repellat tempora corporis consequatur laudantium velit reiciendis sunt. Dolores ipsum laboriosam fugiat. Harum numquam voluptatem aliquid placeat corporis ipsam. Labore perspiciatis fugiat incidunt non. Unde temporibus amet sint.','1980-04-06 21:49:59'),
('20','20','20','Ipsa qui nihil eligendi quo ipsa velit voluptas. Voluptatem est non saepe. Vitae sint accusamus consequatur dolorem.','1986-11-15 04:23:55'),
('21','21','21','Fugiat nisi repellat molestiae et dolores eum. Molestiae rerum nobis praesentium. Est eum in sed inventore non vitae nisi quis. Unde numquam voluptatum tenetur.','1988-11-11 15:23:24'),
('22','22','22','Modi quidem rerum aspernatur possimus animi mollitia. Fugit sunt et aut consequuntur. Ut deserunt dolorem laudantium ut sint rerum impedit.','1990-03-14 03:36:57'),
('23','23','23','Ipsum amet alias est officia et id ipsa tempora. At amet sed veniam nemo et et. Eius ut suscipit voluptatum qui animi.','2019-02-27 07:26:52'),
('24','24','24','Vel esse in quas expedita qui. Rem a deserunt earum laudantium explicabo et ut. Quam labore error pariatur provident molestias ut aut.','2011-01-21 19:44:10'),
('25','25','25','Culpa voluptatem facilis a ut dignissimos. Eveniet eos asperiores dolor et ut consequuntur ratione. Aliquam quaerat quam dolores incidunt.','2011-05-15 04:13:28'),
('26','26','26','Repudiandae possimus molestias temporibus aspernatur ut modi rerum. Eius delectus rerum nesciunt tenetur. Eos voluptatibus id quae possimus. Minima quaerat ducimus quidem aut quisquam.','1998-12-05 06:31:25'),
('27','27','27','Aliquam hic ea consequatur ducimus dolorem ducimus dolorem reiciendis. Voluptatem a ut dolore est hic veniam qui. Nesciunt commodi voluptatem distinctio voluptatibus repellendus id culpa. Adipisci sed doloribus amet itaque distinctio.','2012-07-01 22:00:26'),
('28','28','28','Non et eos quae quia dolores recusandae sint. Quibusdam rem vel atque aspernatur. Reprehenderit quae aperiam voluptatem nulla in tempore et nulla.','1976-02-22 06:58:08'),
('29','29','29','Reprehenderit recusandae accusamus dolores aut nobis. Recusandae tenetur natus expedita atque odit. Quos ipsam id voluptatem perferendis.','2010-10-19 05:52:08'),
('30','30','30','Quam qui quibusdam expedita alias molestiae eos. Consequatur qui est labore. Laudantium et aut non dolor ipsam eos. Et culpa blanditiis et aut non.','2011-08-06 11:16:02'),
('31','31','31','Aliquam veniam adipisci id vel. Eligendi suscipit aut laborum repellat dolor. Et facilis totam mollitia. Sed et dolorem architecto quisquam placeat. Omnis quia amet voluptatem iure.','2007-10-23 23:05:27'),
('32','32','32','Fugiat deserunt id est. Numquam porro accusantium cum aut blanditiis. Suscipit deleniti tempora id perspiciatis.','1982-06-26 06:33:11'),
('33','33','33','Voluptatibus in et eius laudantium. Eveniet sit tempore sed rem placeat veniam assumenda.','2005-08-19 00:41:07'),
('34','34','34','Accusantium voluptates incidunt rerum sed iusto. Qui blanditiis debitis et et quam. Adipisci qui aperiam odio ut velit. Voluptatem accusantium enim quia aut minus non. Perferendis voluptas fugit quae deleniti.','2014-06-10 00:04:39'),
('35','35','35','Porro laudantium suscipit voluptatum quos nihil natus nesciunt sunt. Perferendis quibusdam quis rerum quia quo aliquid sit sed. Unde voluptatum at consequatur natus maxime vel. Doloremque quo voluptas nihil praesentium praesentium voluptas harum.','2009-09-23 07:52:39'),
('36','36','36','Perferendis inventore eum rem voluptatem ab eligendi. Sit minus quos aut aliquam aut non laboriosam maiores. Quaerat sunt quis ea atque magnam ipsam. Molestias voluptas voluptate dolor facilis in reiciendis debitis.','1981-06-14 15:44:48'),
('37','37','37','Dolorem pariatur ipsam quis tenetur. Voluptatibus laudantium sint sapiente.','1989-01-30 17:51:46'),
('38','38','38','Minima eos in voluptatem quis repellendus rerum. Aspernatur sapiente et inventore magni. Illo fugiat voluptatibus impedit est doloribus. Incidunt sequi est officia nisi natus nihil quis.','1995-05-13 17:30:48'),
('39','39','39','Omnis quae non ratione. Ea repudiandae vel asperiores cupiditate. Odio reprehenderit magni placeat.','1978-02-14 00:07:05'),
('40','40','40','Impedit consequatur corrupti nulla non iusto corrupti non dolorum. Repellendus esse sit omnis ratione magnam. Molestiae consequatur quasi sit vero pariatur minima laboriosam at.','1997-10-05 23:13:44'),
('41','41','41','Nihil atque in impedit officiis natus. Totam pariatur eveniet accusantium occaecati et harum quae illo. Vero ipsa quam eveniet non aliquam. Facilis aliquam cum ab laboriosam.','1998-05-12 05:50:07'),
('42','42','42','Eum voluptatum qui sed commodi tempora. Velit illum velit cum et autem. Itaque magnam velit sunt molestiae vel distinctio voluptatem. Vel minima labore sed voluptatem.','1991-02-20 07:07:24'),
('43','43','43','Quibusdam eaque quis explicabo eum iure. Sunt tenetur temporibus voluptatum itaque.','1985-10-12 23:00:35'),
('44','44','44','Ut pariatur quia reiciendis sint vel harum deleniti. Beatae et neque eos recusandae. Odio ex facere aut atque magnam excepturi. Placeat dolorem ut omnis consequatur architecto.','1971-10-06 12:28:08'),
('45','45','45','Cumque et similique explicabo incidunt laudantium non numquam. Dolor consequatur provident quis exercitationem dignissimos praesentium. Sed autem occaecati nesciunt error porro omnis. Et tenetur nihil pariatur quia quibusdam excepturi dolore distinctio.','2019-05-19 12:42:46'),
('46','46','46','Provident assumenda aut eius aliquam sint assumenda sit. Excepturi quae illum nam. Autem quod maxime nesciunt autem rem. Nostrum quam itaque corrupti esse ex.','1999-06-05 16:28:32'),
('47','47','47','Porro sint consectetur accusamus qui voluptatum ut et adipisci. Voluptatem commodi qui occaecati vel animi rerum. Voluptatem sunt est consequatur doloribus.','1976-07-19 04:27:44'),
('48','48','48','Rerum omnis minima aut excepturi delectus et molestiae excepturi. Culpa cupiditate vel iure quia ut ducimus. Nostrum corrupti est fugit mollitia laborum magni quo. Et sit voluptatibus natus asperiores impedit quo. Ut rerum laudantium ratione aliquam et.','1977-07-21 02:12:51'),
('49','49','49','Eum dolorum harum quia animi. Perferendis quo similique dolore laborum eum. Placeat error quis molestiae. Corrupti sint sint quam eos sed.','1989-12-29 15:33:48'),
('50','50','50','Voluptas esse omnis veniam odit quis. Adipisci non ipsum alias. Rem nisi totam animi ab.','1972-09-18 02:44:39'),
('51','51','51','Quis natus fugiat eveniet saepe repellat ad. Eos quas blanditiis fugiat cupiditate. Rerum optio amet enim ut.','1976-07-07 01:34:48'),
('52','52','52','Qui inventore vel sapiente. Quasi veniam similique eos qui minus cupiditate omnis. Vel nulla et natus.','2005-01-31 16:19:39'),
('53','53','53','Mollitia ipsa sint deleniti placeat eos earum consequatur quidem. Temporibus necessitatibus aliquid esse voluptatem nostrum.','2019-08-04 05:08:50'),
('54','54','54','Rerum cum non eligendi maiores vel. Quia fuga asperiores facilis sequi molestiae hic. Architecto laboriosam qui ex. Veniam tenetur temporibus quo enim qui.','1987-12-17 13:10:19'),
('55','55','55','Id facere qui sunt vero. Consequatur voluptas atque qui debitis. Debitis porro nam consequatur dolorem ad corrupti qui.','2002-12-23 13:04:48'),
('56','56','56','Et placeat eaque voluptas nesciunt nihil quis. Aspernatur sed impedit facilis cum. Sit consequatur placeat esse eum atque qui dignissimos. Dolorem eius pariatur provident dolore et.','1997-09-14 17:47:45'),
('57','57','57','Aut exercitationem sapiente necessitatibus. Tenetur at autem a provident quo. Nulla sit velit sequi eos. At maiores similique vel reiciendis provident.','1970-05-26 21:09:28'),
('58','58','58','Voluptatibus voluptas perferendis architecto sit est deleniti suscipit. Nulla eum voluptatem ullam aut perferendis voluptatem voluptatem. Voluptatum et iusto molestiae consequatur eos maiores nihil. Recusandae quam quia hic aspernatur occaecati.','1973-10-23 17:06:54'),
('59','59','59','Quam ea iure ipsa officia sed neque harum. Quod rerum quidem vel dolore. Repudiandae et suscipit quia tempore odit optio dolores ut. Fuga repellat aliquid temporibus placeat at.','2014-08-13 03:39:23'),
('60','60','60','Cumque dignissimos et hic quam odit. Vel sint perspiciatis est perspiciatis nihil quo. Temporibus eius voluptatem consequatur dolores ut iure.','1985-12-26 15:21:59'),
('61','61','61','Eveniet consequatur cum excepturi non blanditiis. Animi commodi enim velit occaecati quibusdam. Maiores ipsum tempore tenetur et et dolorem exercitationem occaecati.','1970-01-17 20:42:51'),
('62','62','62','Odio eum officia minus similique architecto delectus. Eius ut eum error et ut. Numquam eaque excepturi saepe quas minima rem nostrum voluptates.','1976-01-05 12:08:09'),
('63','63','63','Quis labore est maxime voluptatem alias dolorum sint. Omnis omnis consectetur id ab. Cum qui qui magni sed minus reiciendis eveniet.','1991-05-26 01:46:15'),
('64','64','64','Dolor et ipsam fuga odit soluta omnis. Et tenetur magnam deleniti laborum nisi.','1998-11-28 10:14:28'),
('65','65','65','Molestiae optio occaecati at quia. Ut quisquam ut eius porro voluptas nesciunt. Nobis aut id quo asperiores eum qui. Omnis aut maiores repellat consequatur. Natus fugit quis dolore quia harum perferendis est ullam.','2000-03-19 22:25:56'),
('66','66','66','Et temporibus quia quos ab aspernatur. Nesciunt aut magnam maxime veniam maiores nisi nulla. Facilis fugit ipsam repellat quis beatae hic ut.','1991-06-29 14:48:42'),
('67','67','67','Odit in culpa a ipsa repudiandae esse. Quia sed odit suscipit provident aperiam non pariatur. Consequatur quo neque natus consequatur. Distinctio odit iusto expedita et.','1994-03-11 19:13:13'),
('68','68','68','Et voluptas necessitatibus enim quisquam. Similique iure eum accusantium recusandae modi repellat rem. Sequi aut numquam et dolor voluptas et assumenda. Illum eos hic nesciunt aut.','2011-07-17 23:41:41'),
('69','69','69','Ut perferendis natus omnis ullam. Labore consequatur labore magnam deleniti dicta. Quod exercitationem suscipit sed rerum rem veniam adipisci. Eius iure dolores veritatis illo impedit. Dicta dolor deserunt ut in.','1989-02-06 23:21:48'),
('70','70','70','Eaque adipisci nisi exercitationem. Sit aperiam dignissimos qui animi sed. Repellat dolor corrupti dolores laborum enim voluptas cum. Officia quia maxime cupiditate itaque minus voluptatem in. Corrupti ut excepturi facilis ducimus.','2009-10-25 10:54:22'),
('71','71','71','Culpa ex tempora ut consectetur. Et illum in dicta mollitia. Quia et veniam voluptatem quod illum rem saepe aut. Rerum sequi quia rem.','1998-03-01 17:46:10'),
('72','72','72','Illum blanditiis deleniti velit quaerat recusandae. Est tenetur ea rem molestiae excepturi quo voluptas aliquid. Voluptas ab aspernatur dolorum illo repellat. Rem necessitatibus sit illo ad. Unde molestias sunt quia velit debitis eos molestiae enim.','1988-12-31 08:56:50'),
('73','73','73','Odio repellat consequatur maiores aut quia et est beatae. Vel quam commodi velit corporis. Eum quia unde corrupti enim ullam velit. Et esse et animi dolores sit accusamus.','1991-03-21 14:29:09'),
('74','74','74','Et aperiam veniam quam quisquam beatae. Blanditiis excepturi cupiditate voluptatem et distinctio repellendus cupiditate. Molestiae voluptas officia illo non consectetur impedit.','1996-11-16 22:45:30'),
('75','75','75','Illum vitae ipsa rerum sit. Velit placeat architecto fuga. Sed beatae rem laboriosam quo laudantium accusamus iusto.','2015-08-05 17:14:44'),
('76','76','76','Mollitia dolorum non voluptates qui iusto voluptas quo. Quidem eos ut minima architecto officia illum enim. Labore animi amet sit reprehenderit ratione.','2004-04-03 00:49:10'),
('77','77','77','Consequatur consequatur et rerum ut dolor vel. Officia nihil occaecati dolorem harum voluptatem nihil omnis minima. Necessitatibus blanditiis ex ipsum ut ducimus. Similique quaerat qui voluptatibus incidunt.','2016-04-29 14:23:13'),
('78','78','78','Minus ut quisquam voluptates totam dolores corrupti. Enim repellendus dolor qui quas aut adipisci. Ea ut dolor impedit esse cupiditate.','2018-02-12 09:07:31'),
('79','79','79','Sunt est magnam odit commodi. Vel ex commodi odio vero minus explicabo. Vitae quod a et numquam est fugiat.','1999-03-22 13:40:59'),
('80','80','80','Voluptatem ut necessitatibus consequuntur. Illo accusantium omnis veritatis quod fuga consequatur. Repudiandae nisi ut aut rem quia eos voluptatem.','2013-12-28 11:48:04'),
('81','81','81','Enim expedita porro debitis voluptas ipsum. Dolore similique officia ipsam animi illo. Earum quis eligendi similique perferendis sed aut magni. Omnis nulla aut est sint.','2005-08-01 09:06:15'),
('82','82','82','Consequatur nesciunt sit eius sunt. Ullam fuga porro dolores necessitatibus soluta impedit. Cum et expedita assumenda iusto atque.','1992-03-10 05:09:36'),
('83','83','83','Velit cum est non sint odio inventore. Est aut unde sed quia beatae porro pariatur. Exercitationem quam tenetur maxime.','2005-10-04 19:40:21'),
('84','84','84','Et qui aut aut quidem iure illo aspernatur. Ut et sed est perspiciatis ea. Adipisci quod quidem odit eos voluptatem similique commodi.','1994-04-30 09:12:00'),
('85','85','85','Nihil rerum eos nihil qui. Temporibus sint et fuga tenetur facilis. Non dolores pariatur alias sint. Ut dicta vel pariatur dolores suscipit ea in.','2012-09-14 03:10:22'),
('86','86','86','Dolores quibusdam facilis qui architecto neque. Voluptas nobis voluptas perferendis dolorem nihil at laboriosam. Et deleniti voluptate quo assumenda sunt.','2009-11-20 19:24:02'),
('87','87','87','Odit fuga quod ea aut ad dicta. Laboriosam quam blanditiis sunt aut nobis adipisci. Et natus commodi ipsa similique.','1977-12-30 11:58:18'),
('88','88','88','Atque nam itaque dolores porro deleniti molestias laudantium. Voluptatem voluptas dicta sint ratione. Dolorem est ipsum suscipit vero quibusdam repellendus. Rerum corrupti repellendus cupiditate.','1985-01-06 15:59:24'),
('89','89','89','Consequatur aut velit nam expedita corporis consequatur voluptatem. Eaque aliquam repellendus dolorem quia. Quod omnis placeat praesentium distinctio necessitatibus. Quasi quasi similique a sed aspernatur sit.','2006-02-06 16:19:38'),
('90','90','90','Hic ab temporibus sed fuga quis vel. Rerum hic iure ut sapiente quia. Voluptatem id praesentium sapiente enim tempore.','1985-05-11 20:09:22'),
('91','91','91','Ratione quibusdam officiis nisi suscipit. Asperiores rerum eos voluptatibus fugiat consequuntur dignissimos tenetur. Nostrum et cupiditate ipsum odio. Enim qui amet ut eos laudantium officiis.','1997-03-08 01:32:43'),
('92','92','92','Mollitia et cumque deserunt omnis quibusdam et officiis non. Dolore blanditiis eum voluptatum autem. Nisi accusamus adipisci quidem explicabo exercitationem omnis tempore. Quasi libero sunt nemo pariatur temporibus.','2002-04-21 13:40:08'),
('93','93','93','Ab autem et blanditiis quod aperiam nobis sapiente. Itaque explicabo corrupti consectetur porro perferendis qui consequatur ut. Eveniet voluptas assumenda eius.','2001-03-12 07:44:54'),
('94','94','94','Mollitia voluptas est in consectetur. Voluptas aliquid distinctio fugiat omnis consequatur. Repellendus voluptate sit expedita blanditiis et consequatur.','1978-02-18 22:57:52'),
('95','95','95','Asperiores totam in deserunt saepe. Blanditiis omnis sequi incidunt. At asperiores eum et et dolore rem possimus. Non eaque dignissimos aut possimus maiores iste eos. Voluptas sequi consequatur sint.','1973-09-29 21:04:08'),
('96','96','96','Vero quae voluptate quasi quas ipsam. Esse qui possimus omnis culpa reiciendis. Pariatur dolor et natus quis.','1995-06-19 02:19:45'),
('97','97','97','Fuga quasi fuga suscipit. Harum et ex amet dolores. Magnam ut rerum quos dolor in ipsum vero.','2006-08-18 01:44:30'),
('98','98','98','Quasi praesentium ipsum hic modi quia. Magni quis enim tempore quaerat. Hic eum non ex est totam.','1975-09-17 05:51:35'),
('99','99','99','Corporis omnis tempore tempora quod culpa. Dolorem odio quod totam officia consequatur. Voluptatibus cum aut alias ipsam quo laudantium. Eveniet voluptas sit qui quia.','2006-08-29 23:16:35'),
('100','100','100','Excepturi molestiae qui consequatur. Adipisci suscipit eos et. Aspernatur maiores autem accusamus ut iusto.','1973-06-02 05:00:27'); 


DROP TABLE IF EXISTS `music`;
CREATE TABLE `music` (
  `id` bigint(20) unsigned NOT NULL AUTO_INCREMENT,
  `song_name` varchar(255) COLLATE utf8_unicode_ci DEFAULT NULL,
  `artist` varchar(255) COLLATE utf8_unicode_ci DEFAULT NULL,
  `album` varchar(255) COLLATE utf8_unicode_ci DEFAULT NULL,
  `album_id` bigint(20) unsigned NOT NULL,
  `media_id` bigint(20) unsigned NOT NULL,
  PRIMARY KEY (`id`),
  KEY `song_artist_idx` (`song_name`,`artist`),
  KEY `album_id` (`album_id`),
  KEY `media_id` (`media_id`),
  CONSTRAINT `music_ibfk_1` FOREIGN KEY (`album_id`) REFERENCES `music_playlist` (`id`),
  CONSTRAINT `music_ibfk_2` FOREIGN KEY (`media_id`) REFERENCES `media` (`id`)
) ENGINE=InnoDB AUTO_INCREMENT=101 DEFAULT CHARSET=utf8 COLLATE=utf8_unicode_ci;

INSERT INTO `music` VALUES ('1','enim','Amanda','Ronny Cole','1','1'),
('2','rerum','Clare','Nichole Langosh','2','2'),
('3','omnis','Roel','Mrs. Linnea Shields Sr.','3','3'),
('4','alias','Dawn','Fae Aufderhar','4','4'),
('5','consequatur','Nadia','Rahul Cassin','5','5'),
('6','quos','Heaven','Miss Lenna Bergstrom DVM','6','6'),
('7','nesciunt','Elliott','Ila Schamberger','7','7'),
('8','enim','Antonina','Alyce D\'Amore','8','8'),
('9','dolorem','Jaclyn','Hulda Mills','9','9'),
('10','qui','Marlon','Dr. Isabella Rogahn Sr.','10','10'),
('11','amet','Rosella','Kaitlin McLaughlin','11','11'),
('12','qui','Forrest','Sophia Jones','12','12'),
('13','quasi','Jonathon','Eliseo Steuber','13','13'),
('14','provident','Demetris','Mrs. Kathryne Rodriguez','14','14'),
('15','aut','Buster','Brooks Goldner','15','15'),
('16','nihil','Buck','Toy Koelpin','16','16'),
('17','nulla','Verda','Lukas Considine III','17','17'),
('18','fugiat','Tessie','Abel Green','18','18'),
('19','ullam','Taryn','Darrel McGlynn','19','19'),
('20','facere','Leola','Justine Hettinger','20','20'),
('21','enim','Violette','Gerhard Hermann','21','21'),
('22','sed','Liliane','Mrs. Bulah Dickens I','22','22'),
('23','voluptas','Vivianne','Dr. Cletus Wehner','23','23'),
('24','nisi','Houston','Davion Cruickshank','24','24'),
('25','unde','Kattie','Kailyn Heidenreich III','25','25'),
('26','quia','Kasey','Ayla Veum','26','26'),
('27','consequatur','Drew','Fleta Rutherford','27','27'),
('28','esse','Skylar','Dr. Isom Sauer','28','28'),
('29','vero','Laury','Shany Keeling','29','29'),
('30','ratione','Geovanni','Merlin Farrell','30','30'),
('31','est','Noble','Miss Rylee Rice IV','31','31'),
('32','qui','Abel','Marlee Reilly','32','32'),
('33','fugiat','Roel','Edgar Upton','33','33'),
('34','nam','Clifton','Paul Wolf','34','34'),
('35','mollitia','Jamarcus','Rene Franecki','35','35'),
('36','repudiandae','Alanis','Van Kozey IV','36','36'),
('37','rerum','Consuelo','Lavina Langworth','37','37'),
('38','aperiam','Lucinda','Kurtis Carter I','38','38'),
('39','nihil','Thora','Earnest Purdy PhD','39','39'),
('40','nemo','Berneice','Kariane Halvorson','40','40'),
('41','qui','Melyssa','Karolann Mayer Jr.','41','41'),
('42','voluptate','Athena','Dr. Raquel Kuhic','42','42'),
('43','impedit','Wilson','Franz Heathcote','43','43'),
('44','aliquam','Tre','Mrs. Yasmeen White','44','44'),
('45','inventore','Danial','Schuyler Graham','45','45'),
('46','facere','Gwendolyn','Concepcion Mayert','46','46'),
('47','est','Porter','Clark Hegmann','47','47'),
('48','est','Jayden','Laura Hyatt Jr.','48','48'),
('49','eaque','Jerald','Pat Goodwin','49','49'),
('50','dolorem','Kirsten','Kali VonRueden','50','50'),
('51','maxime','Lera','Miss Kali Cummings V','51','51'),
('52','earum','Elliott','Jackie Hermiston','52','52'),
('53','et','Keaton','Bruce Herman','53','53'),
('54','dolores','Destiny','Dr. Ari Auer','54','54'),
('55','magni','Elinor','Gennaro Grimes','55','55'),
('56','rem','Virgil','Shea Larkin','56','56'),
('57','quisquam','Will','Noble D\'Amore','57','57'),
('58','atque','Brandy','Issac Deckow DDS','58','58'),
('59','adipisci','Buddy','Thaddeus Marvin III','59','59'),
('60','ab','Shaun','Tracey Hyatt','60','60'),
('61','dignissimos','Isaias','Marcelina Effertz','61','61'),
('62','minus','Jessie','Dr. Major Turner IV','62','62'),
('63','facere','Bell','Cornell Botsford','63','63'),
('64','quae','Mason','Nathanael Crona I','64','64'),
('65','nesciunt','Laurence','Sylvia Mante','65','65'),
('66','autem','Aliza','Brain Ritchie','66','66'),
('67','id','Simeon','Nathaniel Greenfelder','67','67'),
('68','qui','Ettie','Mr. Demond Olson DVM','68','68'),
('69','quidem','Carlos','Ernesto Osinski','69','69'),
('70','neque','Jeff','Miss Estel Volkman I','70','70'),
('71','assumenda','Fern','Dr. Sarah Graham Sr.','71','71'),
('72','iure','Gloria','Dr. Orpha Schoen','72','72'),
('73','tempore','Keshawn','Rollin Wintheiser','73','73'),
('74','voluptatem','Lera','Ike Gislason','74','74'),
('75','quo','Jody','Miss Lucile Wilderman','75','75'),
('76','rerum','Anais','Jeffry Reynolds','76','76'),
('77','voluptatem','Everett','Nyah Pfeffer MD','77','77'),
('78','repellat','Dillan','Susan Jenkins','78','78'),
('79','unde','Alexandre','Jonas Auer','79','79'),
('80','id','Alverta','Miss Sophie Hyatt III','80','80'),
('81','ipsam','Andres','Dr. Elvis Marquardt','81','81'),
('82','amet','Carolanne','Brennan Hartmann','82','82'),
('83','ad','Twila','Prof. Marco Ritchie','83','83'),
('84','ad','Edd','Mr. Valentin Ward II','84','84'),
('85','eligendi','Talia','Mrs. Letitia Schroeder','85','85'),
('86','blanditiis','Antoinette','Reagan Homenick','86','86'),
('87','vero','Jennyfer','Mr. Cornelius Kilback I','87','87'),
('88','eos','Corene','Ryan Von','88','88'),
('89','qui','Kenny','Nikko Kirlin','89','89'),
('90','inventore','Mandy','Palma Oberbrunner','90','90'),
('91','aperiam','Bertram','Eldred Waters','91','91'),
('92','voluptas','Billy','Eula Wuckert','92','92'),
('93','occaecati','Rupert','Ms. Laney Abernathy PhD','93','93'),
('94','assumenda','Otto','Retha Hyatt','94','94'),
('95','ut','Bernhard','Laron Stiedemann V','95','95'),
('96','itaque','Dianna','Mariane Gleichner','96','96'),
('97','distinctio','Lavonne','Dr. Brando Hegmann PhD','97','97'),
('98','qui','Alicia','Miss Loma Marquardt MD','98','98'),
('99','omnis','Tobin','Kariane Russel','99','99'),
('100','consequuntur','Prince','Alvena Kutch','100','100'); 


DROP TABLE IF EXISTS `music_playlist`;
CREATE TABLE `music_playlist` (
  `id` bigint(20) unsigned NOT NULL AUTO_INCREMENT,
  `user_id` bigint(20) unsigned DEFAULT NULL,
  PRIMARY KEY (`id`),
  KEY `user_id` (`user_id`),
  CONSTRAINT `music_playlist_ibfk_1` FOREIGN KEY (`user_id`) REFERENCES `users` (`id`)
) ENGINE=InnoDB AUTO_INCREMENT=101 DEFAULT CHARSET=utf8 COLLATE=utf8_unicode_ci;

INSERT INTO `music_playlist` VALUES ('1','1'),
('2','2'),
('3','3'),
('4','4'),
('5','5'),
('6','6'),
('7','7'),
('8','8'),
('9','9'),
('10','10'),
('11','11'),
('12','12'),
('13','13'),
('14','14'),
('15','15'),
('16','16'),
('17','17'),
('18','18'),
('19','19'),
('20','20'),
('21','21'),
('22','22'),
('23','23'),
('24','24'),
('25','25'),
('26','26'),
('27','27'),
('28','28'),
('29','29'),
('30','30'),
('31','31'),
('32','32'),
('33','33'),
('34','34'),
('35','35'),
('36','36'),
('37','37'),
('38','38'),
('39','39'),
('40','40'),
('41','41'),
('42','42'),
('43','43'),
('44','44'),
('45','45'),
('46','46'),
('47','47'),
('48','48'),
('49','49'),
('50','50'),
('51','51'),
('52','52'),
('53','53'),
('54','54'),
('55','55'),
('56','56'),
('57','57'),
('58','58'),
('59','59'),
('60','60'),
('61','61'),
('62','62'),
('63','63'),
('64','64'),
('65','65'),
('66','66'),
('67','67'),
('68','68'),
('69','69'),
('70','70'),
('71','71'),
('72','72'),
('73','73'),
('74','74'),
('75','75'),
('76','76'),
('77','77'),
('78','78'),
('79','79'),
('80','80'),
('81','81'),
('82','82'),
('83','83'),
('84','84'),
('85','85'),
('86','86'),
('87','87'),
('88','88'),
('89','89'),
('90','90'),
('91','91'),
('92','92'),
('93','93'),
('94','94'),
('95','95'),
('96','96'),
('97','97'),
('98','98'),
('99','99'),
('100','100'); 


DROP TABLE IF EXISTS `photo_albums`;
CREATE TABLE `photo_albums` (
  `id` bigint(20) unsigned NOT NULL AUTO_INCREMENT,
  `name` varchar(255) COLLATE utf8_unicode_ci DEFAULT NULL,
  `user_id` bigint(20) unsigned DEFAULT NULL,
  PRIMARY KEY (`id`),
  UNIQUE KEY `id` (`id`),
  KEY `user_id` (`user_id`),
  CONSTRAINT `photo_albums_ibfk_1` FOREIGN KEY (`user_id`) REFERENCES `users` (`id`)
) ENGINE=InnoDB AUTO_INCREMENT=101 DEFAULT CHARSET=utf8 COLLATE=utf8_unicode_ci;

INSERT INTO `photo_albums` VALUES ('1','impedit','1'),
('2','et','2'),
('3','cum','3'),
('4','occaecati','4'),
('5','sunt','5'),
('6','facilis','6'),
('7','excepturi','7'),
('8','quos','8'),
('9','corrupti','9'),
('10','quis','10'),
('11','et','11'),
('12','ea','12'),
('13','ipsum','13'),
('14','eveniet','14'),
('15','cumque','15'),
('16','eum','16'),
('17','qui','17'),
('18','omnis','18'),
('19','perferendis','19'),
('20','quasi','20'),
('21','iusto','21'),
('22','incidunt','22'),
('23','ipsa','23'),
('24','eaque','24'),
('25','natus','25'),
('26','ea','26'),
('27','praesentium','27'),
('28','nesciunt','28'),
('29','beatae','29'),
('30','sequi','30'),
('31','non','31'),
('32','rem','32'),
('33','dolorem','33'),
('34','non','34'),
('35','itaque','35'),
('36','non','36'),
('37','recusandae','37'),
('38','amet','38'),
('39','facere','39'),
('40','animi','40'),
('41','consequatur','41'),
('42','minus','42'),
('43','magnam','43'),
('44','neque','44'),
('45','laborum','45'),
('46','provident','46'),
('47','voluptatum','47'),
('48','neque','48'),
('49','qui','49'),
('50','sapiente','50'),
('51','enim','51'),
('52','dolorem','52'),
('53','molestias','53'),
('54','possimus','54'),
('55','iusto','55'),
('56','aperiam','56'),
('57','possimus','57'),
('58','quis','58'),
('59','molestiae','59'),
('60','autem','60'),
('61','corporis','61'),
('62','nam','62'),
('63','esse','63'),
('64','ipsam','64'),
('65','non','65'),
('66','earum','66'),
('67','maxime','67'),
('68','nisi','68'),
('69','vero','69'),
('70','dolores','70'),
('71','ab','71'),
('72','laudantium','72'),
('73','qui','73'),
('74','magnam','74'),
('75','autem','75'),
('76','est','76'),
('77','eum','77'),
('78','corrupti','78'),
('79','quaerat','79'),
('80','doloremque','80'),
('81','quam','81'),
('82','deleniti','82'),
('83','corrupti','83'),
('84','earum','84'),
('85','eveniet','85'),
('86','porro','86'),
('87','dolor','87'),
('88','ipsum','88'),
('89','cum','89'),
('90','quia','90'),
('91','nisi','91'),
('92','nihil','92'),
('93','culpa','93'),
('94','voluptates','94'),
('95','exercitationem','95'),
('96','rem','96'),
('97','assumenda','97'),
('98','maiores','98'),
('99','autem','99'),
('100','illum','100'); 


DROP TABLE IF EXISTS `photos`;
CREATE TABLE `photos` (
  `id` bigint(20) unsigned NOT NULL AUTO_INCREMENT,
  `album_id` bigint(20) unsigned NOT NULL,
  `media_id` bigint(20) unsigned NOT NULL,
  PRIMARY KEY (`id`),
  KEY `album_id` (`album_id`),
  KEY `media_id` (`media_id`),
  CONSTRAINT `photos_ibfk_1` FOREIGN KEY (`album_id`) REFERENCES `photo_albums` (`id`),
  CONSTRAINT `photos_ibfk_2` FOREIGN KEY (`media_id`) REFERENCES `media` (`id`)
) ENGINE=InnoDB AUTO_INCREMENT=101 DEFAULT CHARSET=utf8 COLLATE=utf8_unicode_ci;

INSERT INTO `photos` VALUES ('1','1','1'),
('2','2','2'),
('3','3','3'),
('4','4','4'),
('5','5','5'),
('6','6','6'),
('7','7','7'),
('8','8','8'),
('9','9','9'),
('10','10','10'),
('11','11','11'),
('12','12','12'),
('13','13','13'),
('14','14','14'),
('15','15','15'),
('16','16','16'),
('17','17','17'),
('18','18','18'),
('19','19','19'),
('20','20','20'),
('21','21','21'),
('22','22','22'),
('23','23','23'),
('24','24','24'),
('25','25','25'),
('26','26','26'),
('27','27','27'),
('28','28','28'),
('29','29','29'),
('30','30','30'),
('31','31','31'),
('32','32','32'),
('33','33','33'),
('34','34','34'),
('35','35','35'),
('36','36','36'),
('37','37','37'),
('38','38','38'),
('39','39','39'),
('40','40','40'),
('41','41','41'),
('42','42','42'),
('43','43','43'),
('44','44','44'),
('45','45','45'),
('46','46','46'),
('47','47','47'),
('48','48','48'),
('49','49','49'),
('50','50','50'),
('51','51','51'),
('52','52','52'),
('53','53','53'),
('54','54','54'),
('55','55','55'),
('56','56','56'),
('57','57','57'),
('58','58','58'),
('59','59','59'),
('60','60','60'),
('61','61','61'),
('62','62','62'),
('63','63','63'),
('64','64','64'),
('65','65','65'),
('66','66','66'),
('67','67','67'),
('68','68','68'),
('69','69','69'),
('70','70','70'),
('71','71','71'),
('72','72','72'),
('73','73','73'),
('74','74','74'),
('75','75','75'),
('76','76','76'),
('77','77','77'),
('78','78','78'),
('79','79','79'),
('80','80','80'),
('81','81','81'),
('82','82','82'),
('83','83','83'),
('84','84','84'),
('85','85','85'),
('86','86','86'),
('87','87','87'),
('88','88','88'),
('89','89','89'),
('90','90','90'),
('91','91','91'),
('92','92','92'),
('93','93','93'),
('94','94','94'),
('95','95','95'),
('96','96','96'),
('97','97','97'),
('98','98','98'),
('99','99','99'),
('100','100','100'); 


DROP TABLE IF EXISTS `profiles`;
CREATE TABLE `profiles` (
  `user_id` bigint(20) unsigned NOT NULL AUTO_INCREMENT,
  `gender` char(1) COLLATE utf8_unicode_ci DEFAULT NULL,
  `birthday` date DEFAULT NULL,
  `photo_id` bigint(20) unsigned DEFAULT NULL,
  `created_at` datetime DEFAULT current_timestamp(),
  `hometown` varchar(100) COLLATE utf8_unicode_ci DEFAULT NULL,
  PRIMARY KEY (`user_id`),
  CONSTRAINT `profiles_ibfk_1` FOREIGN KEY (`user_id`) REFERENCES `users` (`id`) ON UPDATE CASCADE
) ENGINE=InnoDB AUTO_INCREMENT=101 DEFAULT CHARSET=utf8 COLLATE=utf8_unicode_ci;

INSERT INTO `profiles` VALUES ('1','1','2012-05-24','1','2019-05-10 10:58:19','Jarodfurt'),
('2','','2016-08-13','2','1987-11-11 11:39:15','North Gregoriomouth'),
('3','1','2000-07-11','3','2001-04-11 12:01:50','Felipeberg'),
('4','','1989-12-13','4','1995-02-03 21:45:50','Tedburgh'),
('5','','1985-12-28','5','2014-01-16 06:33:24','Swaniawskibury'),
('6','','1994-02-17','6','1996-05-19 15:02:48','West Waldo'),
('7','1','1990-11-18','7','2018-09-21 14:13:24','Port Angelashire'),
('8','','1997-12-21','8','1972-05-10 08:19:21','Alyssonfurt'),
('9','1','2003-11-29','9','2005-08-28 01:51:40','Smithfurt'),
('10','','1977-04-01','10','2019-06-30 23:03:35','Runtebury'),
('11','','1971-06-10','11','2016-11-03 16:10:50','Adanborough'),
('12','1','2016-07-20','12','2018-03-10 11:15:11','Port Elyseborough'),
('13','','2015-04-06','13','1980-09-08 11:52:49','Sandyshire'),
('14','','2018-02-24','14','1979-07-26 09:40:40','West Aydenfort'),
('15','','1983-12-01','15','1975-10-28 16:38:53','Spinkaburgh'),
('16','','2010-10-02','16','1987-10-03 14:28:02','Schowaltershire'),
('17','','2000-12-23','17','1980-10-19 09:42:33','North Reynaport'),
('18','1','1992-07-25','18','1992-08-16 01:41:26','Lake Akeem'),
('19','','1982-01-18','19','1976-03-30 16:50:52','Beulahmouth'),
('20','','1997-10-26','20','2013-01-09 06:03:41','Port Wilburn'),
('21','','2007-06-24','21','2019-03-23 01:29:17','Jackiemouth'),
('22','1','1992-05-07','22','1973-09-18 14:19:46','Kovacekland'),
('23','','1984-10-19','23','1986-07-06 14:46:35','Adolfhaven'),
('24','1','1985-03-09','24','2014-10-27 23:00:30','Mosesmouth'),
('25','1','1975-12-11','25','1979-10-20 18:38:04','O\'Haramouth'),
('26','','1976-08-25','26','1989-01-09 22:27:28','East Adahview'),
('27','1','2016-08-25','27','1998-12-20 13:42:46','Gaylordton'),
('28','1','2010-04-26','28','2008-09-01 10:00:37','North Duncan'),
('29','1','2018-06-15','29','1976-02-24 10:28:06','West Tony'),
('30','1','1982-08-26','30','2018-04-02 16:06:18','West Altachester'),
('31','1','1973-04-29','31','2019-02-23 21:19:57','Oniestad'),
('32','','1984-11-11','32','1987-12-28 06:54:15','Lake Thad'),
('33','1','2007-01-27','33','1976-11-05 14:14:44','East Harrisonborough'),
('34','','2016-05-17','34','1977-10-15 23:33:30','Lake Abrahamburgh'),
('35','1','2012-05-05','35','2018-07-11 13:20:36','Madilynfurt'),
('36','1','1972-10-18','36','1979-04-21 16:14:41','Gilesmouth'),
('37','','1980-04-22','37','1996-11-02 17:20:16','Mooreport'),
('38','','1973-09-14','38','2018-08-23 02:37:04','Kuphalhaven'),
('39','','1972-02-25','39','2009-11-06 14:11:57','Lindsayhaven'),
('40','','2016-08-05','40','1989-10-17 15:48:35','Shawnaview'),
('41','','2006-05-18','41','1975-02-05 02:19:39','Port Kelvinshire'),
('42','1','1994-07-21','42','1993-03-16 18:22:28','Ritaton'),
('43','1','1974-04-06','43','1983-08-13 13:23:20','New Ashlee'),
('44','1','1992-08-19','44','1978-11-08 00:21:11','Jeradfort'),
('45','','1987-09-02','45','1976-03-22 23:41:08','East Billiemouth'),
('46','','1998-05-20','46','1994-08-15 07:29:14','New Paxton'),
('47','','1971-06-25','47','2014-10-27 11:13:42','North Frances'),
('48','1','1972-08-30','48','1975-02-18 07:01:00','Howechester'),
('49','','1980-01-09','49','1980-08-03 03:20:34','Tadberg'),
('50','','2009-09-06','50','2000-03-10 21:12:35','Lake Richmond'),
('51','','2016-05-19','51','1977-01-19 05:48:56','Lake Luellabury'),
('52','1','2000-01-11','52','1988-06-05 16:02:42','West Morton'),
('53','','1998-03-28','53','1971-12-11 02:46:51','Hayeshaven'),
('54','','1995-05-20','54','2016-04-24 02:20:25','Lake Siennamouth'),
('55','','1991-07-09','55','2004-07-04 18:15:31','Lake Gerardo'),
('56','','1982-09-25','56','2014-02-21 18:42:56','West Maryport'),
('57','','1970-04-28','57','2018-11-01 17:03:08','Saraifurt'),
('58','1','1978-12-30','58','1976-08-22 19:32:08','DuBuquehaven'),
('59','','1990-01-08','59','1999-07-13 22:16:15','Clintbury'),
('60','','2006-07-31','60','2007-02-21 01:06:06','Leslyport'),
('61','1','1979-06-19','61','2015-12-20 19:44:28','Kleinberg'),
('62','1','1976-03-12','62','1989-12-25 01:39:49','New Juvenalfort'),
('63','1','1997-05-06','63','1972-01-25 02:52:26','Lake Taureanstad'),
('64','1','2006-02-16','64','2016-08-22 12:19:28','Kennedihaven'),
('65','','1970-04-18','65','2005-11-18 22:31:14','Rogahnburgh'),
('66','','2011-03-24','66','2018-11-23 00:23:57','Heidenreichfurt'),
('67','','1987-11-27','67','1976-07-20 04:00:25','Port Giovanna'),
('68','','2011-11-08','68','1995-02-11 00:51:00','New Felix'),
('69','1','1995-07-02','69','1992-07-27 04:03:26','Taureantown'),
('70','1','1980-04-27','70','2000-09-18 12:13:26','Lonniemouth'),
('71','','2010-07-13','71','1999-12-06 10:11:54','Letaside'),
('72','','1998-10-19','72','2018-12-12 08:05:04','South Yessenia'),
('73','1','2009-04-29','73','1979-12-28 04:57:56','Rauport'),
('74','1','2001-05-03','74','2016-06-25 18:48:10','Angelitaborough'),
('75','','1972-10-12','75','2014-05-22 00:10:41','Smithamville'),
('76','','2016-11-22','76','1996-05-24 14:38:56','Lake Glenna'),
('77','','2013-11-11','77','1985-09-11 08:17:01','Okunevaland'),
('78','','2001-05-31','78','2007-01-22 21:25:41','Mckennaborough'),
('79','1','2016-05-06','79','1988-05-17 11:30:41','New Haskell'),
('80','1','1984-12-13','80','2005-07-29 11:29:21','New Myleneburgh'),
('81','1','2000-09-05','81','2004-01-05 16:53:06','Westborough'),
('82','1','2002-10-16','82','1972-11-22 04:37:49','New Fay'),
('83','1','2013-10-17','83','2016-07-09 23:34:24','East Roy'),
('84','1','2002-02-02','84','2019-11-15 12:28:11','Paucekville'),
('85','1','1996-08-28','85','1978-03-07 23:23:28','Lake Joelle'),
('86','','2005-03-22','86','2003-03-20 23:51:17','Gulgowskibury'),
('87','1','1985-07-31','87','1972-09-23 09:01:41','North Collinton'),
('88','','1979-06-24','88','2002-01-15 06:17:15','O\'Reillymouth'),
('89','','1971-11-07','89','1972-04-18 22:03:10','Fritschport'),
('90','1','1980-01-30','90','2003-10-26 23:02:42','Norwoodville'),
('91','','1985-12-16','91','1973-01-07 11:35:40','South Khalil'),
('92','','1993-08-24','92','1977-06-20 21:25:16','West Maureen'),
('93','1','1989-06-07','93','2005-02-21 08:50:02','Tiaraville'),
('94','','1978-10-29','94','1984-09-29 19:16:17','O\'Connerburgh'),
('95','1','1974-03-01','95','1970-05-16 17:13:38','Lake Genoveva'),
('96','1','2002-12-26','96','2007-04-24 02:22:15','Buckridgemouth'),
('97','','1979-10-27','97','2007-08-11 16:38:23','Hudsonside'),
('98','','1994-05-23','98','2002-05-01 22:34:19','West Blaze'),
('99','','1997-03-20','99','1987-07-28 03:07:18','Wildermantown'),
('100','1','1973-08-31','100','1990-03-27 23:06:26','Huelside'); 


DROP TABLE IF EXISTS `users`;
CREATE TABLE `users` (
  `id` bigint(20) unsigned NOT NULL AUTO_INCREMENT,
  `firstname` varchar(50) COLLATE utf8_unicode_ci DEFAULT NULL,
  `lastname` varchar(50) COLLATE utf8_unicode_ci DEFAULT NULL COMMENT '',
  `email` varchar(120) COLLATE utf8_unicode_ci DEFAULT NULL,
  `phone` bigint(20) DEFAULT NULL,
  PRIMARY KEY (`id`),
  UNIQUE KEY `email` (`email`),
  KEY `users_phone_idx` (`phone`),
  KEY `users_firstname_lastname_idx` (`firstname`,`lastname`)
) ENGINE=InnoDB AUTO_INCREMENT=101 DEFAULT CHARSET=utf8 COLLATE=utf8_unicode_ci;

INSERT INTO `users` VALUES ('1','Estrella','Denesik','izaiah.cronin@example.com','316'),
('2','Luna','Roob','vschuster@example.com','529'),
('3','Kaitlyn','Kris','jaden.johns@example.net','769'),
('4','Bradley','Hyatt','milo83@example.org','0'),
('5','Flo','Dickinson','stokes.marcelino@example.org','1'),
('6','Marcel','Crooks','ankunding.annamae@example.net','1'),
('7','Lorine','Lakin','rcole@example.net','337'),
('8','Richard','Orn','bennett99@example.org','1'),
('9','Arturo','Koelpin','pietro.leffler@example.org','301773'),
('10','Paige','Brown','mitchell.delfina@example.com','231'),
('11','Laney','Robel','roob.rhett@example.org','5'),
('12','Jeremie','Feeney','dianna25@example.org','1'),
('13','Fritz','Stracke','betty.fadel@example.net','1'),
('14','Valentina','Nienow','langworth.claud@example.com','84'),
('15','Rolando','Leannon','westley34@example.org','1'),
('16','Alycia','Breitenberg','hschumm@example.org','7931346300'),
('17','Elmo','Hayes','beer.osborne@example.net','5972031405'),
('18','Herbert','Hagenes','mpowlowski@example.net','0'),
('19','Vern','Considine','lupe.langworth@example.org','33'),
('20','Carmelo','Hahn','oswald.bartell@example.org','28700'),
('21','Anita','Kirlin','o\'hara.krystal@example.org','0'),
('22','Adolph','Littel','rozella53@example.net','77'),
('23','Keegan','Oberbrunner','wdavis@example.com','1'),
('24','Ford','Mueller','beau86@example.org','1'),
('25','Viva','Bosco','gerhold.maymie@example.com','6196997726'),
('26','Alysson','Crona','stacey.schultz@example.com','0'),
('27','Melyna','Lind','sipes.cynthia@example.net','239'),
('28','Gage','VonRueden','edmond89@example.org','469'),
('29','Myah','Hilpert','tony.carroll@example.org','8'),
('30','Mack','D\'Amore','xsporer@example.org','215099'),
('31','Bret','Kuphal','cedrick61@example.net','1'),
('32','Lloyd','Reichel','jermaine76@example.org','1'),
('33','Armand','Abshire','rmoen@example.com','676917'),
('34','Reva','Kreiger','qlangworth@example.org','267'),
('35','Sonny','VonRueden','jaime.predovic@example.org','0'),
('36','Coby','Reinger','grimes.omer@example.net','1'),
('37','Ernesto','Langworth','esteuber@example.com','1'),
('38','Terrill','Nicolas','holden.wyman@example.com','97'),
('39','Moises','O\'Connell','carroll.mccullough@example.net','1'),
('40','Brittany','Satterfield','clint41@example.org','871603'),
('41','Donnie','Muller','flo34@example.net','495699'),
('42','Barrett','Funk','tabitha79@example.com','0'),
('43','Lucinda','King','eda06@example.org','428'),
('44','Rodolfo','Schamberger','wehner.esther@example.org','1'),
('45','Tyrese','Bode','mdibbert@example.com','19'),
('46','Krystel','Goodwin','wwehner@example.net','27'),
('47','Shanie','Breitenberg','thora.watsica@example.org','96'),
('48','Quentin','Hermiston','perry68@example.net','136'),
('49','Austyn','Johns','fahey.gladys@example.net','268'),
('50','Harold','Mitchell','sydnie87@example.com','17'),
('51','Celestine','Jast','grayson91@example.net','1'),
('52','Roosevelt','Luettgen','jrunte@example.com','611179'),
('53','Osborne','Koch','brakus.dorothy@example.org','1'),
('54','Willie','Greenholt','alanna.kling@example.org','1'),
('55','Joanny','Grant','srowe@example.net','1'),
('56','Charles','Harris','rebeca87@example.org','28'),
('57','Daphnee','Haley','raymundo.roob@example.org','0'),
('58','Hester','Murray','konopelski.ramiro@example.org','0'),
('59','Kurt','Ullrich','tbashirian@example.com','1'),
('60','Melvina','Greenfelder','leif81@example.net','60'),
('61','Porter','Pfeffer','abigayle20@example.com','1'),
('62','Darian','Hackett','dkautzer@example.org','1'),
('63','Dallas','Runolfsdottir','gerardo06@example.net','0'),
('64','Abdullah','Spinka','ulises.ondricka@example.org','0'),
('65','Ramon','Volkman','domenico.kunze@example.org','0'),
('66','Rodrigo','Leannon','urunolfsdottir@example.net','4747577415'),
('67','Holly','Dach','schamberger.charity@example.org','736'),
('68','Kariane','Heller','holly41@example.org','21'),
('69','Silas','Nicolas','adolphus.kovacek@example.com','528'),
('70','Benedict','Metz','jyundt@example.net','100791'),
('71','Monica','Harber','nfeeney@example.org','0'),
('72','Jaunita','Kohler','aida.lebsack@example.org','0'),
('73','Jannie','Boyer','dlehner@example.org','0'),
('74','Cassandre','Ondricka','jhilpert@example.com','1'),
('75','Emely','Kertzmann','eveline45@example.org','7861767333'),
('76','Giovanny','Welch','louie.gaylord@example.org','64'),
('77','Grady','Abernathy','howell.winifred@example.com','1'),
('78','Viviane','Mayert','malinda76@example.org','201888'),
('79','Marge','Block','jon.pacocha@example.com','337'),
('80','Laura','Purdy','dorian76@example.com','6073312910'),
('81','Roberto','Brown','titus72@example.org','771476'),
('82','Tito','Gerlach','schaden.talia@example.net','1'),
('83','Devan','Rolfson','qboyle@example.com','0'),
('84','Sofia','Rogahn','jennyfer86@example.net','1'),
('85','Vickie','Corwin','yolanda.casper@example.net','344'),
('86','Deangelo','Torphy','uriah70@example.org','1'),
('87','Adolfo','Rau','tiara.yundt@example.com','0'),
('88','Gilberto','Paucek','mitchell.stracke@example.net','1'),
('89','Serena','Feest','toney50@example.net','999'),
('90','Tanner','Haag','bschulist@example.org','139955'),
('91','Olga','Abernathy','nedra.dietrich@example.com','1'),
('92','Lindsey','Parisian','ikoelpin@example.org','57'),
('93','Karina','Kilback','wilmer.schimmel@example.org','0'),
('94','Jenifer','Lueilwitz','portiz@example.com','3422343791'),
('95','Lyda','Bradtke','roselyn.lebsack@example.com','608818'),
('96','Dorothea','Douglas','ellis.buckridge@example.net','316088'),
('97','Sherwood','Schowalter','modesto31@example.org','381'),
('98','Shirley','Zboncak','pbarton@example.com','499194713'),
('99','Pete','Ortiz','nelson.abshire@example.org','899179'),
('100','Roman','Becker','kautzer.syble@example.org','4302708817'); 


DROP TABLE IF EXISTS `users_communities`;
CREATE TABLE `users_communities` (
  `user_id` bigint(20) unsigned NOT NULL,
  `community_id` bigint(20) unsigned NOT NULL,
  PRIMARY KEY (`user_id`,`community_id`),
  KEY `community_id` (`community_id`),
  CONSTRAINT `users_communities_ibfk_1` FOREIGN KEY (`user_id`) REFERENCES `users` (`id`),
  CONSTRAINT `users_communities_ibfk_2` FOREIGN KEY (`community_id`) REFERENCES `communities` (`id`)
) ENGINE=InnoDB DEFAULT CHARSET=utf8 COLLATE=utf8_unicode_ci;

INSERT INTO `users_communities` VALUES ('1','1'),
('2','2'),
('3','3'),
('4','4'),
('5','5'),
('6','6'),
('7','7'),
('8','8'),
('9','9'),
('10','10'),
('11','11'),
('12','12'),
('13','13'),
('14','14'),
('15','15'),
('16','16'),
('17','17'),
('18','18'),
('19','19'),
('20','20'),
('21','21'),
('22','22'),
('23','23'),
('24','24'),
('25','25'),
('26','26'),
('27','27'),
('28','28'),
('29','29'),
('30','30'),
('31','31'),
('32','32'),
('33','33'),
('34','34'),
('35','35'),
('36','36'),
('37','37'),
('38','38'),
('39','39'),
('40','40'),
('41','41'),
('42','42'),
('43','43'),
('44','44'),
('45','45'),
('46','46'),
('47','47'),
('48','48'),
('49','49'),
('50','50'),
('51','51'),
('52','52'),
('53','53'),
('54','54'),
('55','55'),
('56','56'),
('57','57'),
('58','58'),
('59','59'),
('60','60'),
('61','61'),
('62','62'),
('63','63'),
('64','64'),
('65','65'),
('66','66'),
('67','67'),
('68','68'),
('69','69'),
('70','70'),
('71','71'),
('72','72'),
('73','73'),
('74','74'),
('75','75'),
('76','76'),
('77','77'),
('78','78'),
('79','79'),
('80','80'),
('81','81'),
('82','82'),
('83','83'),
('84','84'),
('85','85'),
('86','86'),
('87','87'),
('88','88'),
('89','89'),
('90','90'),
('91','91'),
('92','92'),
('93','93'),
('94','94'),
('95','95'),
('96','96'),
('97','97'),
('98','98'),
('99','99'),
('100','100'); 


DROP TABLE IF EXISTS `visit_history`;
CREATE TABLE `visit_history` (
  `session_id` binary(16) NOT NULL,
  `user_id` bigint(20) unsigned NOT NULL,
  `ipv4` int(10) unsigned DEFAULT NULL,
  `ipv6` binary(16) DEFAULT NULL,
  `loged_in` datetime DEFAULT current_timestamp(),
  `loged_out` datetime DEFAULT NULL,
  PRIMARY KEY (`session_id`),
  KEY `user_id` (`user_id`),
  CONSTRAINT `visit_history_ibfk_1` FOREIGN KEY (`user_id`) REFERENCES `users` (`id`)
) ENGINE=InnoDB DEFAULT CHARSET=utf8 COLLATE=utf8_unicode_ci;

INSERT INTO `visit_history` VALUES ('02858b9a-259f-3b','27','119218','1\0\0\0\0\0\0\0\0\0\0\0\0\0\0\0','1978-05-31 16:33:22','2001-08-29 12:06:36'),
('06a1ea41-1807-3c','69','10766','1\0\0\0\0\0\0\0\0\0\0\0\0\0\0\0','1987-07-16 03:35:11','1993-03-23 12:05:23'),
('098c9a93-86f1-32','9','87143','7\0\0\0\0\0\0\0\0\0\0\0\0\0\0\0','2010-09-22 01:44:40','1991-11-07 09:00:02'),
('165f6d60-d6a1-32','75','228190','6\0\0\0\0\0\0\0\0\0\0\0\0\0\0\0','2013-05-12 17:26:56','1972-08-22 11:23:14'),
('188adafc-3a54-3c','90','15711','7\0\0\0\0\0\0\0\0\0\0\0\0\0\0\0','1992-08-22 07:30:52','1987-01-06 19:08:26'),
('2210981c-a477-3f','71','207246','1\0\0\0\0\0\0\0\0\0\0\0\0\0\0\0','2001-02-07 04:51:48','1994-08-09 20:16:44'),
('2fe3784d-2af6-3c','80','128169','9\0\0\0\0\0\0\0\0\0\0\0\0\0\0\0','1987-05-02 17:58:44','1995-08-12 11:09:18'),
('32ae9df4-5680-31','11','820','7\0\0\0\0\0\0\0\0\0\0\0\0\0\0\0','1986-12-05 13:46:49','2017-10-07 01:52:42'),
('3374f1da-b5e2-32','19','133126','5\0\0\0\0\0\0\0\0\0\0\0\0\0\0\0','2007-04-04 21:24:32','2010-08-31 06:17:00'),
('34664477-3603-3c','61','30122','7\0\0\0\0\0\0\0\0\0\0\0\0\0\0\0','2015-08-26 17:47:52','2017-08-05 07:55:07'),
('3478d908-0e01-31','45','141123','7\0\0\0\0\0\0\0\0\0\0\0\0\0\0\0','1976-03-19 03:31:05','1973-11-13 22:56:54'),
('35316cc7-a8b8-30','37','184124','4\0\0\0\0\0\0\0\0\0\0\0\0\0\0\0','1982-10-16 20:23:55','1970-07-08 00:47:58'),
('3597de1e-5c12-36','30','69244','6\0\0\0\0\0\0\0\0\0\0\0\0\0\0\0','1974-05-12 19:25:12','2007-09-16 07:03:30'),
('382d4a5b-fd7e-35','58','174182','5\0\0\0\0\0\0\0\0\0\0\0\0\0\0\0','1977-11-25 06:12:22','1986-03-04 12:38:08'),
('38d5f6c7-195b-39','22','207195','3\0\0\0\0\0\0\0\0\0\0\0\0\0\0\0','1979-10-18 13:49:32','1993-02-16 13:02:15'),
('3b0f5628-8733-3b','43','6974','3\0\0\0\0\0\0\0\0\0\0\0\0\0\0\0','1996-11-07 04:08:18','1978-05-10 15:52:48'),
('3b21caf5-5775-3e','5','9784','5\0\0\0\0\0\0\0\0\0\0\0\0\0\0\0','2019-07-23 04:47:14','1991-09-07 08:13:23'),
('3db4dc92-cd18-39','70','239179','4\0\0\0\0\0\0\0\0\0\0\0\0\0\0\0','2004-07-30 11:18:43','2001-08-15 18:36:20'),
('3f963fca-dc54-3f','65','18130','3\0\0\0\0\0\0\0\0\0\0\0\0\0\0\0','2014-07-17 21:10:27','2018-05-27 07:08:18'),
('40f14b80-2af8-39','76','233158','7\0\0\0\0\0\0\0\0\0\0\0\0\0\0\0','1984-04-18 01:43:11','1999-12-10 08:36:19'),
('43c6c728-5e89-3f','32','254201','6\0\0\0\0\0\0\0\0\0\0\0\0\0\0\0','2011-02-08 17:25:18','1977-10-18 07:55:35'),
('444cadd3-939c-39','85','18583','1\0\0\0\0\0\0\0\0\0\0\0\0\0\0\0','1992-08-06 03:36:03','1989-11-02 12:50:04'),
('468bd412-82d3-3b','17','85100','3\0\0\0\0\0\0\0\0\0\0\0\0\0\0\0','2008-11-03 22:12:34','1978-04-07 12:36:48'),
('47f371ae-f086-3e','53','182251','9\0\0\0\0\0\0\0\0\0\0\0\0\0\0\0','1981-02-10 13:14:24','1975-10-05 15:55:26'),
('4953dcb7-ddfd-3e','84','3273','9\0\0\0\0\0\0\0\0\0\0\0\0\0\0\0','1998-08-03 06:17:55','1996-08-25 07:46:16'),
('4ca0a249-96e6-37','20','10663','8\0\0\0\0\0\0\0\0\0\0\0\0\0\0\0','1998-06-04 13:11:58','1977-02-18 20:20:04'),
('4d1e81af-1520-3f','51','97236','9\0\0\0\0\0\0\0\0\0\0\0\0\0\0\0','2009-05-21 21:13:11','1981-02-19 17:13:58'),
('53195a43-3fe5-3c','23','149174','7\0\0\0\0\0\0\0\0\0\0\0\0\0\0\0','2019-09-15 17:37:17','1986-11-18 09:56:31'),
('588faeb2-c4f6-39','24','1416','4\0\0\0\0\0\0\0\0\0\0\0\0\0\0\0','1999-06-20 08:54:20','1970-03-11 21:23:37'),
('5b0b661a-81dc-34','81','156233','\0\0\0\0\0\0\0\0\0\0\0\0\0\0\0\0','1984-06-11 03:29:24','2018-03-11 16:18:56'),
('5b4551f6-6cf1-39','31','56230','8\0\0\0\0\0\0\0\0\0\0\0\0\0\0\0','1988-05-02 18:44:31','2017-09-03 09:11:59'),
('5efe713e-58ab-39','14','16453','2\0\0\0\0\0\0\0\0\0\0\0\0\0\0\0','1982-02-19 19:27:01','1990-08-23 10:12:58'),
('61880e44-c09c-3b','59','205253','4\0\0\0\0\0\0\0\0\0\0\0\0\0\0\0','1978-02-08 00:18:46','1975-11-26 03:10:48'),
('6306864a-a2be-3e','56','236148','9\0\0\0\0\0\0\0\0\0\0\0\0\0\0\0','1976-11-09 06:45:27','2009-10-11 00:35:41'),
('63db1e7d-f046-33','99','24832','6\0\0\0\0\0\0\0\0\0\0\0\0\0\0\0','1989-10-23 02:15:22','2007-03-15 09:47:46'),
('657b6a71-7d2c-38','97','185239','9\0\0\0\0\0\0\0\0\0\0\0\0\0\0\0','1988-04-21 13:36:50','1980-02-29 03:28:36'),
('65d78363-401a-32','3','65226','8\0\0\0\0\0\0\0\0\0\0\0\0\0\0\0','2005-01-23 09:32:58','2006-02-13 12:05:25'),
('68ba8b3a-2dbf-3a','91','155244','7\0\0\0\0\0\0\0\0\0\0\0\0\0\0\0','1972-01-17 18:30:18','1982-12-21 18:35:23'),
('692482d0-a0d1-37','55','887','3\0\0\0\0\0\0\0\0\0\0\0\0\0\0\0','1991-10-14 02:54:49','1989-12-24 07:58:42'),
('6b11ab6e-7485-38','83','1152','9\0\0\0\0\0\0\0\0\0\0\0\0\0\0\0','2017-07-21 02:17:04','2002-02-14 06:08:31'),
('71070a6c-ec51-3e','41','130125','8\0\0\0\0\0\0\0\0\0\0\0\0\0\0\0','2008-06-29 14:21:21','1979-10-28 05:09:47'),
('79b0273b-c758-33','62','13628','5\0\0\0\0\0\0\0\0\0\0\0\0\0\0\0','1975-04-13 23:09:42','1975-07-23 04:45:57'),
('7a170e47-04f9-3b','98','91191','4\0\0\0\0\0\0\0\0\0\0\0\0\0\0\0','1995-10-11 13:54:17','1992-12-21 22:26:55'),
('7dc2cdc2-7af3-3b','74','97144','9\0\0\0\0\0\0\0\0\0\0\0\0\0\0\0','1994-08-12 09:17:31','1979-01-15 05:57:39'),
('801c5254-3e5f-32','28','181142','2\0\0\0\0\0\0\0\0\0\0\0\0\0\0\0','1985-08-07 17:38:03','1999-04-16 22:25:38'),
('84b8216e-1974-3e','93','97242','9\0\0\0\0\0\0\0\0\0\0\0\0\0\0\0','1971-08-16 20:53:51','1971-06-19 13:38:47'),
('870679e5-0ce3-38','39','135163','1\0\0\0\0\0\0\0\0\0\0\0\0\0\0\0','1971-03-23 11:55:27','2014-11-07 16:49:17'),
('88a7d07f-6c2c-3e','64','4359','4\0\0\0\0\0\0\0\0\0\0\0\0\0\0\0','1988-05-25 21:57:18','1990-12-12 20:34:48'),
('894c8d3b-44c3-35','33','1775','9\0\0\0\0\0\0\0\0\0\0\0\0\0\0\0','2003-09-18 02:47:29','1974-03-23 05:51:35'),
('8a3c1b89-eb90-3d','78','8484','\0\0\0\0\0\0\0\0\0\0\0\0\0\0\0\0','1987-02-14 23:13:20','1991-10-05 17:03:13'),
('8a550c26-fe17-3f','96','252119','\0\0\0\0\0\0\0\0\0\0\0\0\0\0\0\0','1987-08-23 08:36:39','1973-12-19 17:02:34'),
('8d1a6727-42ae-3b','44','12597','9\0\0\0\0\0\0\0\0\0\0\0\0\0\0\0','1987-01-17 05:38:32','1998-08-10 08:05:20'),
('998b2695-24be-30','29','115247','9\0\0\0\0\0\0\0\0\0\0\0\0\0\0\0','1984-05-18 12:32:45','1992-04-27 00:43:03'),
('9aec3bb6-f446-31','89','20970','2\0\0\0\0\0\0\0\0\0\0\0\0\0\0\0','1972-04-29 19:27:22','1975-08-28 19:34:19'),
('a0ad7742-485f-38','16','46193','2\0\0\0\0\0\0\0\0\0\0\0\0\0\0\0','1984-12-03 14:58:23','2014-07-19 12:59:19'),
('a1b80e30-d36e-30','36','43143','9\0\0\0\0\0\0\0\0\0\0\0\0\0\0\0','2015-05-13 13:36:24','2012-05-03 07:29:19'),
('a46941c2-7f28-30','15','9334','6\0\0\0\0\0\0\0\0\0\0\0\0\0\0\0','1998-10-19 10:23:17','1983-09-26 16:26:38'),
('a46aebe9-122e-30','34','71159','\0\0\0\0\0\0\0\0\0\0\0\0\0\0\0\0','1982-07-21 11:43:03','1981-02-17 21:10:03'),
('a5336c5c-5040-37','87','19083','4\0\0\0\0\0\0\0\0\0\0\0\0\0\0\0','2013-10-25 20:17:40','2011-09-14 01:09:28'),
('a7b1326d-c1ca-3c','35','235255','5\0\0\0\0\0\0\0\0\0\0\0\0\0\0\0','1995-04-11 05:42:01','1997-05-22 04:22:01'),
('ab70555d-9c14-36','60','81205','6\0\0\0\0\0\0\0\0\0\0\0\0\0\0\0','1986-01-21 03:07:55','1976-11-23 18:07:18'),
('abc1c2fa-144d-3d','54','10429','3\0\0\0\0\0\0\0\0\0\0\0\0\0\0\0','2013-08-19 11:34:01','1976-10-24 13:13:22'),
('ac28a0e7-0dd7-30','100','68147','4\0\0\0\0\0\0\0\0\0\0\0\0\0\0\0','1980-03-19 01:52:24','1994-12-16 17:59:23'),
('ac2db906-a0a1-36','88','142184','1\0\0\0\0\0\0\0\0\0\0\0\0\0\0\0','2004-12-31 11:58:26','1984-03-18 00:57:24'),
('b3b39436-b9fb-33','94','111211','2\0\0\0\0\0\0\0\0\0\0\0\0\0\0\0','1976-12-06 12:01:36','2001-03-17 23:28:17'),
('bc22e9b8-b5a3-31','25','71211','7\0\0\0\0\0\0\0\0\0\0\0\0\0\0\0','1993-08-21 22:57:35','1975-10-11 21:27:43'),
('c068ccc2-4469-3f','47','21524','5\0\0\0\0\0\0\0\0\0\0\0\0\0\0\0','2018-05-03 22:17:36','1979-02-27 14:24:10'),
('c0d53656-8110-36','73','11963','1\0\0\0\0\0\0\0\0\0\0\0\0\0\0\0','1974-07-03 21:33:10','2019-07-06 09:40:07'),
('c245d345-b7ba-35','52','2512','3\0\0\0\0\0\0\0\0\0\0\0\0\0\0\0','1970-01-18 13:48:41','1970-07-24 23:52:02'),
('c25cdaf4-c673-33','2','3698','8\0\0\0\0\0\0\0\0\0\0\0\0\0\0\0','1980-05-19 23:43:34','1972-02-21 07:50:35'),
('c541160f-583c-30','82','24253','4\0\0\0\0\0\0\0\0\0\0\0\0\0\0\0','1983-08-18 11:21:33','1996-05-07 03:49:36'),
('c54b8a4f-aa40-32','68','63239','1\0\0\0\0\0\0\0\0\0\0\0\0\0\0\0','1998-05-24 00:56:03','2013-11-15 18:38:51'),
('c63deb77-acee-35','72','14116','9\0\0\0\0\0\0\0\0\0\0\0\0\0\0\0','2017-05-17 01:37:39','1970-11-05 17:22:21'),
('c6de5cf2-175c-3d','49','82167','3\0\0\0\0\0\0\0\0\0\0\0\0\0\0\0','2003-12-06 13:09:06','1995-03-18 00:13:17'),
('c7cbe4a6-7e94-38','8','90101','3\0\0\0\0\0\0\0\0\0\0\0\0\0\0\0','1996-04-29 00:39:30','1997-11-21 19:04:05'),
('d0325a23-c79a-31','42','207207','3\0\0\0\0\0\0\0\0\0\0\0\0\0\0\0','1978-08-04 16:27:02','2019-02-27 23:10:09'),
('d0c944e4-2bac-3c','92','104166','2\0\0\0\0\0\0\0\0\0\0\0\0\0\0\0','1972-12-23 11:08:37','2016-07-30 23:42:25'),
('d0e63568-3842-34','77','161108','5\0\0\0\0\0\0\0\0\0\0\0\0\0\0\0','2010-08-01 07:00:38','2007-01-05 10:46:15'),
('d4be5e9c-d189-34','18','1239','1\0\0\0\0\0\0\0\0\0\0\0\0\0\0\0','2000-11-12 12:06:22','2005-12-31 15:18:42'),
('def9704f-6805-34','38','228180','6\0\0\0\0\0\0\0\0\0\0\0\0\0\0\0','2012-05-01 17:19:59','2001-09-28 03:18:51'),
('e160d77b-e415-35','57','163116','6\0\0\0\0\0\0\0\0\0\0\0\0\0\0\0','1979-04-17 04:42:25','2009-09-14 06:03:19'),
('e4c2eb53-2815-3b','86','134124','\0\0\0\0\0\0\0\0\0\0\0\0\0\0\0\0','2020-02-08 23:27:09','2006-03-09 23:56:56'),
('e8641ada-6ca0-3d','67','3518','8\0\0\0\0\0\0\0\0\0\0\0\0\0\0\0','1991-10-20 16:37:03','1990-11-19 05:53:30'),
('eb8c8217-adb8-36','6','141200','3\0\0\0\0\0\0\0\0\0\0\0\0\0\0\0','1981-01-10 14:49:24','1987-09-25 09:00:42'),
('ebd5c0b7-3181-3b','7','7419','\0\0\0\0\0\0\0\0\0\0\0\0\0\0\0\0','1979-06-03 17:10:04','1988-03-18 14:58:52'),
('ed065f0f-f666-38','50','92187','1\0\0\0\0\0\0\0\0\0\0\0\0\0\0\0','1984-12-14 23:05:42','2000-04-27 08:54:49'),
('ed110e67-55aa-34','4','8229','8\0\0\0\0\0\0\0\0\0\0\0\0\0\0\0','1988-03-13 01:51:23','1988-10-30 09:08:04'),
('eda8c28d-a54f-31','21','22743','7\0\0\0\0\0\0\0\0\0\0\0\0\0\0\0','1977-10-30 14:50:15','1970-10-10 20:15:47'),
('ee5c53a9-fcd6-3f','13','24616','6\0\0\0\0\0\0\0\0\0\0\0\0\0\0\0','1975-07-01 22:52:54','1983-01-11 11:22:29'),
('eeced1aa-47dd-36','79','15246','8\0\0\0\0\0\0\0\0\0\0\0\0\0\0\0','1998-03-25 12:11:09','1994-07-03 10:35:21'),
('f0257348-9850-34','1','242216','1\0\0\0\0\0\0\0\0\0\0\0\0\0\0\0','2001-12-07 09:00:00','1973-12-27 14:39:06'),
('f476d26e-878d-36','46','11973','1\0\0\0\0\0\0\0\0\0\0\0\0\0\0\0','1971-10-28 23:54:34','2006-05-31 00:28:43'),
('f4fa77e4-d9b4-30','40','197207','4\0\0\0\0\0\0\0\0\0\0\0\0\0\0\0','2005-09-07 23:34:30','1994-08-25 03:23:25'),
('fa039bd7-c550-35','12','14742','5\0\0\0\0\0\0\0\0\0\0\0\0\0\0\0','1979-03-16 12:31:37','1985-07-21 02:46:59'),
('fc7bdd45-75d2-35','26','207184','5\0\0\0\0\0\0\0\0\0\0\0\0\0\0\0','1978-08-13 20:13:56','2018-01-26 00:24:57'),
('fcc2f81a-2d02-37','66','1995','1\0\0\0\0\0\0\0\0\0\0\0\0\0\0\0','1978-08-30 15:09:49','1982-01-22 13:42:33'),
('fccc5cd2-b397-39','95','8238','2\0\0\0\0\0\0\0\0\0\0\0\0\0\0\0','1977-05-30 18:09:22','2009-03-30 21:34:21'),
('fd5d66b8-5ac1-38','10','5542','1\0\0\0\0\0\0\0\0\0\0\0\0\0\0\0','1979-02-18 23:15:18','2001-01-05 04:00:20'),
('fd6d1a1a-76e5-34','63','159124','2\0\0\0\0\0\0\0\0\0\0\0\0\0\0\0','1972-01-30 00:14:45','1997-03-25 22:39:31'),
('ffacf855-a6bf-32','48','2393','\0\0\0\0\0\0\0\0\0\0\0\0\0\0\0\0','2000-04-22 09:44:32','2015-01-09 15:16:44'); 




/*!40101 SET SQL_MODE=@OLD_SQL_MODE */;
/*!40014 SET FOREIGN_KEY_CHECKS=@OLD_FOREIGN_KEY_CHECKS */;
/*!40014 SET UNIQUE_CHECKS=@OLD_UNIQUE_CHECKS */;
/*!40101 SET CHARACTER_SET_CLIENT=@OLD_CHARACTER_SET_CLIENT */;
/*!40101 SET CHARACTER_SET_RESULTS=@OLD_CHARACTER_SET_RESULTS */;
/*!40101 SET COLLATION_CONNECTION=@OLD_COLLATION_CONNECTION */;
/*!40111 SET SQL_NOTES=@OLD_SQL_NOTES */;

