-- Generation time: Wed, 04 Mar 2020 16:08:09 +0000
-- Host: mysql.hostinger.ro
-- DB name: u574849695_23
/*!40030 SET NAMES UTF8 */;
/*!40101 SET @OLD_CHARACTER_SET_CLIENT=@@CHARACTER_SET_CLIENT */;
/*!40101 SET @OLD_CHARACTER_SET_RESULTS=@@CHARACTER_SET_RESULTS */;
/*!40101 SET @OLD_COLLATION_CONNECTION=@@COLLATION_CONNECTION */;
/*!40103 SET @OLD_TIME_ZONE=@@TIME_ZONE */;
/*!40103 SET TIME_ZONE='+00:00' */;
/*!40014 SET @OLD_UNIQUE_CHECKS=@@UNIQUE_CHECKS, UNIQUE_CHECKS=0 */;
/*!40014 SET @OLD_FOREIGN_KEY_CHECKS=@@FOREIGN_KEY_CHECKS, FOREIGN_KEY_CHECKS=0 */;
/*!40101 SET @OLD_SQL_MODE=@@SQL_MODE, SQL_MODE='NO_AUTO_VALUE_ON_ZERO' */;
/*!40111 SET @OLD_SQL_NOTES=@@SQL_NOTES, SQL_NOTES=0 */;

DROP TABLE IF EXISTS `catalogs`;
CREATE TABLE `catalogs` (
  `id` bigint(20) unsigned NOT NULL AUTO_INCREMENT,
  `name` varchar(255) COLLATE utf8_unicode_ci DEFAULT NULL COMMENT 'Название раздела',
  PRIMARY KEY (`id`),
  UNIQUE KEY `name` (`name`)
) ENGINE=InnoDB AUTO_INCREMENT=11 DEFAULT CHARSET=utf8 COLLATE=utf8_unicode_ci COMMENT='Разделы интернет-магазина';

INSERT INTO `catalogs` VALUES ('4','assumenda'),
('2','consequatur'),
('9','cupiditate'),
('7','et'),
('5','facere'),
('6','id'),
('3','non'),
('1','praesentium'),
('10','ut'),
('8','voluptates'); 


DROP TABLE IF EXISTS `city`;
CREATE TABLE `city` (
  `id` bigint(20) unsigned NOT NULL AUTO_INCREMENT,
  `locale_id` bigint(20) unsigned DEFAULT NULL COMMENT 'id локали',
  `country_id` bigint(20) unsigned DEFAULT NULL COMMENT 'id страны',
  `name` varchar(255) COLLATE utf8_unicode_ci DEFAULT NULL COMMENT 'Имя города',
  PRIMARY KEY (`id`),
  KEY `country_id` (`country_id`),
  KEY `locale_id` (`locale_id`),
  CONSTRAINT `city_ibfk_1` FOREIGN KEY (`country_id`) REFERENCES `country` (`id`),
  CONSTRAINT `city_ibfk_2` FOREIGN KEY (`locale_id`) REFERENCES `locales` (`id`)
) ENGINE=InnoDB AUTO_INCREMENT=101 DEFAULT CHARSET=utf8 COLLATE=utf8_unicode_ci COMMENT='Города';

INSERT INTO `city` VALUES ('1','3','6','South Liana'),
('2','9','9','Reillyshire'),
('3','6','1','Sanfordview'),
('4','6','5','Adityaview'),
('5','4','7','North Omer'),
('6','2','8','West Isomton'),
('7','6','10','Emerymouth'),
('8','8','8','Douglastown'),
('9','7','10','West Reyes'),
('10','7','5','Lake Minerva'),
('11','1','10','East Eliton'),
('12','5','9','Schuppetown'),
('13','4','1','East Thelma'),
('14','1','5','Chazberg'),
('15','2','1','Carolynland'),
('16','8','4','Maximoberg'),
('17','6','7','West Rogelioport'),
('18','3','2','South Cristinafort'),
('19','7','9','East Sydnie'),
('20','7','1','Ismaelshire'),
('21','5','8','New Alexandro'),
('22','8','1','Lake Nikoton'),
('23','8','6','Abnerhaven'),
('24','9','5','Port Carmenville'),
('25','5','5','Torpmouth'),
('26','9','6','East Samir'),
('27','5','4','West Osbaldomouth'),
('28','4','9','Geneshire'),
('29','5','5','Casperfort'),
('30','3','7','Veumberg'),
('31','6','1','Hermannview'),
('32','10','2','West Robin'),
('33','7','3','Bergstromberg'),
('34','3','4','Olsonshire'),
('35','1','9','Hudsonmouth'),
('36','4','6','Morissettebury'),
('37','7','1','Rempelbury'),
('38','7','5','Croninmouth'),
('39','6','5','Leonorshire'),
('40','9','1','South Cameron'),
('41','9','8','Greenholtstad'),
('42','7','3','Lake Zechariah'),
('43','2','1','Margieburgh'),
('44','2','6','Arvillafurt'),
('45','5','5','Federicoborough'),
('46','2','1','South Jerrellland'),
('47','5','2','Aliceland'),
('48','2','1','North Chloechester'),
('49','4','4','New Marlene'),
('50','5','5','Schultzhaven'),
('51','3','8','Dudleyshire'),
('52','10','9','Steubermouth'),
('53','8','6','Marjolainetown'),
('54','3','4','Lednerland'),
('55','10','1','Littlefort'),
('56','5','9','Dickiburgh'),
('57','9','1','Lake Nicole'),
('58','2','10','Lake Jayson'),
('59','1','3','Port Kennedyside'),
('60','6','6','South Llewellynstad'),
('61','7','8','West Jammie'),
('62','6','1','East Laverne'),
('63','9','8','Rueckermouth'),
('64','2','3','Ambermouth'),
('65','1','6','Anibalport'),
('66','7','4','Rowetown'),
('67','4','6','Schuppefurt'),
('68','2','2','East Brandy'),
('69','2','4','Dachview'),
('70','5','1','Millerland'),
('71','5','9','Port Marianastad'),
('72','10','4','South Hayden'),
('73','10','1','New Brooke'),
('74','3','10','Kelvinstad'),
('75','3','9','Yoshikomouth'),
('76','6','10','Oletatown'),
('77','6','1','South Amalia'),
('78','1','5','North Antoniofurt'),
('79','9','2','New Vicentaton'),
('80','7','10','Sydneeton'),
('81','8','4','Port Yvonne'),
('82','3','1','Nicolasland'),
('83','10','4','Bartolettiville'),
('84','2','1','Lake Ronaldomouth'),
('85','8','7','Millsside'),
('86','2','3','Orrinview'),
('87','5','1','Susanaberg'),
('88','6','4','Port Alexandrehaven'),
('89','2','9','Jenkinsmouth'),
('90','4','5','East Ardella'),
('91','7','9','Reingerhaven'),
('92','4','2','Kubport'),
('93','10','4','North Litzy'),
('94','6','8','South Cathrineside'),
('95','6','3','Kertzmannville'),
('96','7','3','Port Venaview'),
('97','7','9','Lake Jaqueline'),
('98','4','6','Mitchellborough'),
('99','3','5','Port Garrickbury'),
('100','7','10','Scotborough'); 


DROP TABLE IF EXISTS `country`;
CREATE TABLE `country` (
  `id` bigint(20) unsigned NOT NULL AUTO_INCREMENT,
  `locale_id` bigint(20) unsigned DEFAULT NULL,
  `name` varchar(255) COLLATE utf8_unicode_ci NOT NULL,
  PRIMARY KEY (`id`),
  UNIQUE KEY `name` (`name`),
  KEY `locale_id` (`locale_id`),
  CONSTRAINT `country_ibfk_1` FOREIGN KEY (`locale_id`) REFERENCES `locales` (`id`)
) ENGINE=InnoDB AUTO_INCREMENT=11 DEFAULT CHARSET=utf8 COLLATE=utf8_unicode_ci COMMENT='Страны';

INSERT INTO `country` VALUES ('1','3','United Arab Emirates'),
('2','5','Afghanistan'),
('3','3','American Samoa'),
('4','10','Malta'),
('5','3','Marshall Islands'),
('6','5','Monaco'),
('7','5','Comoros'),
('8','7','British Virgin Islands'),
('9','8','Colombia'),
('10','9','Bahrain'); 


DROP TABLE IF EXISTS `locales`;
CREATE TABLE `locales` (
  `id` bigint(20) unsigned NOT NULL AUTO_INCREMENT,
  `name` varchar(255) COLLATE utf8_unicode_ci NOT NULL,
  PRIMARY KEY (`id`),
  UNIQUE KEY `name` (`name`)
) ENGINE=InnoDB AUTO_INCREMENT=11 DEFAULT CHARSET=utf8 COLLATE=utf8_unicode_ci COMMENT='Локали';

INSERT INTO `locales` VALUES ('8','CN'),
('6','DE'),
('5','ES'),
('10','FR'),
('4','GB'),
('9','IE'),
('1','IN'),
('7','IT'),
('2','PT'),
('3','US'); 


DROP TABLE IF EXISTS `orders`;
CREATE TABLE `orders` (
  `id` bigint(20) unsigned NOT NULL AUTO_INCREMENT,
  `user_id` bigint(20) unsigned DEFAULT NULL,
  `status` enum('Submitted','Paid','Parts Picked','Parts Verified','Scanned for Dispatch','Ready to Ship','Picked Up by Carrier','Traceable','Delivered') COLLATE utf8_unicode_ci DEFAULT NULL,
  `created_at` datetime DEFAULT current_timestamp(),
  `updated_at` datetime DEFAULT current_timestamp() ON UPDATE current_timestamp(),
  PRIMARY KEY (`id`),
  KEY `index_of_user_id` (`user_id`),
  CONSTRAINT `orders_ibfk_1` FOREIGN KEY (`user_id`) REFERENCES `users` (`id`) ON DELETE SET NULL ON UPDATE CASCADE
) ENGINE=InnoDB AUTO_INCREMENT=701 DEFAULT CHARSET=utf8 COLLATE=utf8_unicode_ci COMMENT='Скидки';

INSERT INTO `orders` VALUES ('1','305','','2005-09-08 00:36:40','1997-09-29 12:30:56'),
('2','253','','1974-11-12 18:45:50','1970-10-18 14:50:37'),
('3','394','','1986-07-06 03:19:26','1974-08-13 03:27:22'),
('4','261','','1980-04-13 10:37:11','2013-08-31 17:51:42'),
('5','399','','1976-05-11 03:17:20','2019-07-21 01:44:27'),
('6','393','','2007-10-20 06:36:19','1998-11-10 22:04:00'),
('7','284','','2009-09-25 11:20:56','2018-10-13 12:12:42'),
('8','211','','1995-05-11 08:52:56','2016-10-23 17:25:48'),
('9','308','','1991-03-04 07:13:04','2005-08-17 06:44:15'),
('10','363','','1993-05-29 14:19:16','2016-03-10 07:14:03'),
('11','207','','2013-11-24 22:54:16','1996-11-21 12:02:06'),
('12','330','','1995-01-16 22:08:55','1972-04-06 05:36:43'),
('13','265','','2005-11-23 11:37:22','1994-06-27 17:48:11'),
('14','240','','1996-12-31 23:47:09','1997-07-13 21:22:00'),
('15','273','','1991-07-09 13:25:18','1998-04-24 04:04:48'),
('16','385','','1991-05-12 17:37:07','1999-11-19 13:55:10'),
('17','271','','1995-07-03 17:41:29','1973-10-24 01:24:35'),
('18','363','','2002-01-28 03:41:18','1988-09-05 07:13:50'),
('19','254','','1999-03-29 11:23:16','1996-04-16 16:27:11'),
('20','203','','1998-05-08 23:25:22','1986-02-19 03:21:48'),
('21','206','','2008-01-25 05:35:34','2000-05-28 02:37:47'),
('22','341','','1982-03-31 19:53:03','1975-08-30 15:42:05'),
('23','351','','2018-04-12 12:30:13','2004-06-11 10:50:08'),
('24','360','','2017-11-29 08:08:38','1996-02-08 09:13:22'),
('25','308','','2014-11-17 11:44:08','1974-07-23 04:16:32'),
('26','334','','2002-02-28 02:48:18','1992-03-18 01:56:21'),
('27','259','','1983-02-01 13:16:57','2016-06-14 08:53:04'),
('28','219','','1978-02-01 10:42:40','1974-08-15 11:00:37'),
('29','252','','1981-05-20 05:56:11','2006-04-01 22:55:08'),
('30','343','','1991-12-09 20:26:04','2011-06-16 23:37:55'),
('31','210','','1976-06-09 23:26:50','1982-05-10 18:47:47'),
('32','344','','1984-06-02 20:35:55','1983-08-02 04:23:04'),
('33','400','','2013-02-16 18:12:29','1989-11-06 10:20:00'),
('34','203','','2001-03-10 07:35:30','1989-08-08 08:35:58'),
('35','210','','2001-08-21 17:26:12','1990-02-04 05:38:54'),
('36','399','','1981-10-10 16:18:30','1975-08-01 12:13:04'),
('37','398','','1988-03-27 10:08:07','2004-12-10 04:46:37'),
('38','302','','1991-06-23 10:30:07','1985-06-04 06:14:34'),
('39','209','','1989-07-20 06:45:28','2005-12-06 08:14:19'),
('40','305','','2009-05-30 23:44:53','1993-05-19 18:44:07'),
('41','265','','2008-01-24 18:46:54','1997-02-22 16:08:25'),
('42','215','','1982-04-03 09:02:17','1977-02-12 05:05:26'),
('43','233','','2004-11-08 02:54:49','1970-07-07 16:05:07'),
('44','329','','2013-01-02 15:22:28','2003-12-20 15:35:32'),
('45','263','','1972-03-29 15:50:44','2005-12-21 23:54:59'),
('46','309','','2008-04-14 08:59:51','2001-02-04 20:13:45'),
('47','313','','1991-12-05 03:08:51','2009-07-21 21:20:02'),
('48','332','','1972-09-27 22:08:41','1979-12-05 20:48:42'),
('49','273','','1997-11-07 00:04:28','1991-09-01 05:52:17'),
('50','363','','1976-06-08 16:52:47','2018-08-01 03:51:11'),
('51','334','','1975-07-24 07:24:29','1981-03-24 09:49:10'),
('52','281','','2009-04-13 06:44:32','1978-05-03 23:30:30'),
('53','313','','2012-08-18 08:55:03','2014-10-20 21:17:15'),
('54','296','','2000-12-09 01:43:23','2011-10-21 00:25:40'),
('55','249','','2016-09-03 08:22:10','1994-10-06 17:11:35'),
('56','215','','1994-08-26 19:03:32','1985-12-10 03:23:52'),
('57','227','','2005-08-25 18:13:16','2007-12-04 10:22:50'),
('58','304','','2018-05-24 16:01:52','2020-02-19 02:35:22'),
('59','252','','1975-08-24 05:42:41','1971-08-10 16:46:04'),
('60','281','','1988-12-29 09:36:44','1982-07-10 11:57:09'),
('61','254','','2019-04-02 06:20:40','1974-01-10 08:52:52'),
('62','261','','1975-11-08 12:14:19','2016-02-10 21:43:31'),
('63','227','','2007-06-27 19:22:21','1983-09-16 16:02:37'),
('64','254','','1991-10-28 15:37:42','1976-03-23 15:08:37'),
('65','266','','2008-07-26 17:59:32','1988-05-27 22:52:17'),
('66','250','','2002-07-23 16:55:50','1977-11-02 07:58:07'),
('67','252','','1992-08-29 01:45:13','1982-12-30 12:43:10'),
('68','261','','1970-07-26 09:38:13','2009-08-28 13:49:49'),
('69','340','','1982-06-28 15:31:42','1970-11-25 02:10:17'),
('70','261','','2005-02-12 01:10:44','2007-06-29 08:12:51'),
('71','363','','2008-04-17 13:45:05','1977-03-01 22:27:08'),
('72','207','','1970-04-06 07:05:28','1983-09-16 12:27:49'),
('73','282','','1978-06-08 08:30:56','2000-09-24 22:21:21'),
('74','400','','1989-04-17 22:59:49','1998-01-28 18:53:15'),
('75','335','','2012-08-14 17:34:23','1977-08-27 16:01:38'),
('76','339','','2009-03-28 13:17:56','1987-05-27 12:32:30'),
('77','308','','1983-01-02 03:44:39','1980-06-01 00:14:03'),
('78','254','','1993-05-11 18:00:49','2004-10-24 00:57:13'),
('79','278','','1979-09-14 03:56:45','2005-05-24 02:43:04'),
('80','384','','1980-05-27 01:02:58','2019-11-08 04:18:41'),
('81','213','','1984-10-05 18:18:23','1998-04-29 14:40:18'),
('82','213','','2016-12-10 19:16:29','2005-11-14 18:57:04'),
('83','265','','2003-11-29 05:57:09','2001-07-28 05:12:29'),
('84','330','','2004-09-25 00:11:45','2012-10-22 08:49:56'),
('85','312','','1998-01-07 09:35:46','1995-01-14 05:28:54'),
('86','309','','1982-07-06 03:48:52','1976-01-01 22:31:04'),
('87','344','','1990-04-11 12:55:41','1989-08-14 02:37:22'),
('88','339','','2011-03-19 10:32:36','2015-12-19 08:43:38'),
('89','209','','1996-01-23 20:01:15','1979-09-07 17:50:47'),
('90','400','','2018-01-20 11:35:43','1998-08-27 21:32:26'),
('91','219','','1989-01-06 05:39:00','2019-12-14 02:45:52'),
('92','265','','1991-04-22 18:07:47','2009-03-09 12:40:22'),
('93','261','','1982-12-03 15:29:39','2018-12-09 09:11:48'),
('94','261','','2011-03-29 04:13:33','1973-12-30 20:41:10'),
('95','314','','1980-05-26 04:45:22','1990-12-27 14:21:04'),
('96','327','','2000-01-30 16:38:45','1992-10-11 01:00:47'),
('97','308','','2000-12-04 10:01:41','1984-06-11 02:46:38'),
('98','363','','1990-01-17 05:25:28','2010-10-28 04:22:00'),
('99','387','','2018-12-07 05:20:52','1996-07-18 12:30:52'),
('100','255','','1977-02-18 02:23:32','1992-04-26 05:45:58'),
('101','217','','1981-02-07 20:22:45','1973-12-30 11:39:57'),
('102','344','','1998-03-28 05:33:41','1996-12-29 02:54:58'),
('103','263','','1985-05-05 18:37:57','2016-07-02 21:54:14'),
('104','309','','2000-06-05 05:11:43','1988-08-07 20:19:03'),
('105','343','','1980-01-15 05:17:57','1970-07-25 04:05:56'),
('106','201','','1977-07-07 15:41:18','1994-02-11 10:45:07'),
('107','255','','1990-12-17 22:30:44','2003-12-25 10:48:44'),
('108','259','','1983-07-20 20:31:27','2011-12-04 02:30:39'),
('109','255','','2003-09-15 19:44:48','1970-11-29 04:03:01'),
('110','331','','2009-08-25 15:21:06','2018-07-11 13:33:55'),
('111','239','','1994-09-24 09:11:02','1997-04-22 23:34:02'),
('112','270','','1998-08-05 06:02:09','1998-09-11 00:06:23'),
('113','343','','1998-07-05 14:16:17','1983-02-10 16:32:36'),
('114','304','','1981-11-12 09:28:08','1970-05-12 19:58:13'),
('115','201','','2001-07-03 11:28:30','1970-01-14 19:31:12'),
('116','263','','1989-07-04 05:13:15','1986-06-19 17:52:48'),
('117','209','','1998-05-01 01:53:47','1992-09-30 09:41:58'),
('118','347','','2000-09-04 22:14:27','1993-12-16 07:04:26'),
('119','206','','2012-02-27 08:22:24','1992-12-06 18:46:10'),
('120','216','','2003-07-01 02:46:52','2002-04-07 23:11:09'),
('121','347','','2005-07-20 07:50:23','1979-01-13 13:32:59'),
('122','233','','2014-07-23 17:24:04','1978-04-05 10:06:28'),
('123','284','','1999-01-21 08:59:05','2006-02-06 01:14:35'),
('124','210','','1980-11-25 03:28:37','2005-12-12 18:39:16'),
('125','297','','2002-03-07 10:11:08','2015-01-11 11:21:46'),
('126','202','','1986-10-11 10:32:05','2016-01-08 10:38:22'),
('127','335','','1982-07-18 23:42:30','2016-11-30 13:21:35'),
('128','203','','2017-09-03 04:20:13','1973-02-15 15:21:20'),
('129','366','','1972-02-09 11:26:34','1980-03-23 16:54:11'),
('130','327','','2008-12-30 08:34:17','1989-07-15 17:24:06'),
('131','259','','2015-04-07 03:48:33','2002-04-21 08:17:43'),
('132','394','','1988-04-06 01:23:55','1982-07-15 23:46:32'),
('133','274','','1970-10-21 08:25:54','2016-05-18 01:18:53'),
('134','319','','1982-12-04 03:18:35','2015-11-27 23:06:27'),
('135','302','','1973-11-27 13:49:10','1979-08-20 13:25:42'),
('136','219','','2017-02-22 18:55:23','2015-08-30 22:12:41'),
('137','320','','2015-04-28 12:14:33','2014-05-19 23:08:42'),
('138','347','','2011-03-14 00:33:44','1973-02-11 17:15:28'),
('139','282','','1999-04-20 09:12:26','2001-08-31 00:12:10'),
('140','374','','2000-11-13 01:19:27','1982-06-28 15:11:44'),
('141','284','','2017-08-15 01:06:59','2017-01-21 16:19:43'),
('142','320','','1989-07-06 16:43:54','1970-10-20 01:49:14'),
('143','249','','1991-06-21 08:36:30','1978-06-07 05:02:56'),
('144','233','','1992-03-17 23:22:31','1986-11-06 02:53:36'),
('145','217','','2006-04-12 03:31:50','1984-02-04 22:43:07'),
('146','250','','2017-09-21 17:46:37','1996-06-24 04:34:46'),
('147','300','','1975-05-04 16:34:35','1996-12-29 05:45:00'),
('148','233','','2003-07-27 11:10:04','1974-01-02 02:37:25'),
('149','201','','1999-12-30 13:49:31','2017-05-19 20:21:35'),
('150','307','','2002-11-13 07:07:54','2012-11-07 06:18:16'),
('151','260','','2017-03-16 20:34:38','1970-01-11 23:28:37'),
('152','347','','2015-06-26 10:08:03','1976-11-05 03:48:05'),
('153','336','','1974-11-03 20:22:07','2010-09-15 05:05:10'),
('154','339','','1983-03-20 00:29:31','2005-06-26 13:42:47'),
('155','366','','2002-07-05 10:53:34','1986-11-10 14:08:41'),
('156','235','','1986-12-18 20:04:13','2003-11-16 15:39:41'),
('157','340','','1992-08-10 22:41:08','1989-06-17 05:37:07'),
('158','307','','2010-05-24 06:41:33','1991-06-09 06:05:51'),
('159','240','','1981-01-16 14:01:41','1971-12-01 20:28:56'),
('160','313','','2008-12-15 13:35:30','2010-10-04 22:24:56'),
('161','224','','1970-01-12 22:22:02','1985-02-18 06:26:14'),
('162','300','','1986-10-10 12:14:59','2013-01-21 07:58:55'),
('163','307','','1992-12-29 23:37:03','1990-04-10 20:44:03'),
('164','309','','1974-08-15 09:24:36','2014-03-09 03:11:50'),
('165','213','','1996-08-04 11:22:27','1976-02-02 08:54:06'),
('166','204','','2009-09-19 17:08:35','2013-05-22 20:07:43'),
('167','332','','1988-05-07 03:19:09','1973-08-19 00:27:14'),
('168','335','','1978-07-24 10:11:56','1970-05-23 13:31:14'),
('169','358','','1985-12-26 06:22:35','1991-02-20 05:23:00'),
('170','213','','1972-08-03 18:47:13','2019-11-21 02:57:31'),
('171','313','','1984-06-09 16:37:51','2015-07-23 11:34:29'),
('172','249','','1997-07-15 05:32:40','1978-01-30 09:39:36'),
('173','335','','1998-07-29 01:31:06','2019-05-17 17:03:50'),
('174','358','','1993-11-11 23:58:11','1982-02-22 01:40:35'),
('175','278','','1972-11-30 00:56:48','1970-12-16 11:46:27'),
('176','363','','2014-06-27 00:59:37','1997-09-01 19:54:03'),
('177','204','','1993-03-11 02:08:50','2002-08-31 12:57:04'),
('178','381','','1996-04-14 15:07:37','2019-11-25 10:54:53'),
('179','400','','2005-10-13 04:16:14','1989-06-06 21:45:43'),
('180','206','','2017-02-05 22:35:22','1989-07-29 07:45:53'),
('181','282','','2007-11-13 14:23:10','2009-02-04 02:51:37'),
('182','260','','2013-04-12 02:10:56','1983-07-22 04:04:40'),
('183','359','','1975-10-12 14:22:11','1999-07-28 18:24:53'),
('184','217','','2005-12-27 20:11:27','1984-11-19 06:52:05'),
('185','202','','2016-10-21 12:08:30','1999-07-22 02:29:16'),
('186','328','','1987-08-10 11:09:42','1996-09-03 16:06:46'),
('187','261','','1993-11-06 23:47:59','1994-02-10 22:03:45'),
('188','343','','2006-06-01 00:04:49','2008-03-24 07:49:34'),
('189','227','','1989-02-18 02:14:45','1995-07-20 11:08:21'),
('190','304','','2015-10-16 04:13:14','1994-02-15 16:24:52'),
('191','265','','2006-06-19 12:07:55','1994-06-30 08:13:10'),
('192','266','','1991-04-15 05:19:35','2008-09-17 03:06:48'),
('193','400','','2002-10-30 08:02:10','2011-09-04 12:26:06'),
('194','369','','1978-10-30 17:38:52','1989-03-18 13:35:43'),
('195','371','','2003-08-13 06:34:33','1999-06-30 15:36:43'),
('196','213','','2002-07-09 22:53:32','1994-05-25 09:14:21'),
('197','374','','1984-02-09 19:30:51','1999-05-31 21:54:00'),
('198','308','','1981-08-16 22:42:01','2004-03-01 10:41:20'),
('199','351','','2017-11-02 12:53:41','1993-09-04 00:40:46'),
('200','332','','1976-11-03 08:55:49','2010-03-16 17:01:49'),
('201','327','','2016-12-23 22:19:20','2008-08-29 04:39:41'),
('202','270','','2014-03-17 10:22:54','1999-05-11 02:32:27'),
('203','381','','2007-05-13 22:44:04','1990-02-19 11:14:29'),
('204','266','','1993-02-12 05:05:39','1986-05-27 07:58:06'),
('205','223','','1975-11-19 15:01:32','1974-11-17 05:27:14'),
('206','260','','1992-07-03 07:53:31','2013-12-30 19:08:07'),
('207','223','','2013-02-10 11:30:46','2006-05-24 14:43:39'),
('208','235','','2010-02-05 02:20:08','1981-09-19 09:08:49'),
('209','235','','2007-04-11 03:11:21','1988-09-06 21:43:41'),
('210','223','','1977-06-14 15:59:31','1989-09-15 11:17:51'),
('211','249','','1986-09-29 13:42:32','1970-04-13 23:32:59'),
('212','319','','1985-06-11 06:22:37','1975-12-03 13:32:45'),
('213','287','','1970-03-17 11:14:52','2014-07-07 06:21:56'),
('214','204','','1971-12-08 01:13:11','1977-01-09 19:25:37'),
('215','339','','2005-11-21 17:35:33','1997-02-08 08:20:34'),
('216','292','','1991-10-27 12:11:59','2010-04-08 03:36:43'),
('217','331','','2015-01-10 06:37:32','1999-08-27 05:50:14'),
('218','204','','1972-04-29 09:49:28','1981-01-29 19:53:17'),
('219','246','','2014-11-17 09:53:32','1976-08-26 22:39:17'),
('220','366','','1996-09-25 04:50:10','1979-10-02 23:25:24'),
('221','308','','1992-11-20 01:58:10','2002-01-01 08:22:48'),
('222','307','','1995-04-08 21:29:14','1988-10-11 09:16:17'),
('223','224','','2010-06-11 07:07:56','2019-01-20 00:01:20'),
('224','308','','2018-03-06 13:58:32','1994-01-18 22:41:26'),
('225','273','','2018-10-18 13:41:03','1991-12-28 21:26:41'),
('226','203','','2017-09-21 14:41:45','1972-06-08 00:09:20'),
('227','323','','2008-12-02 20:15:06','1993-09-08 05:09:37'),
('228','253','','1995-03-25 05:31:03','1985-02-26 11:47:30'),
('229','312','','1972-05-16 04:11:15','2008-10-04 18:15:36'),
('230','281','','1989-03-31 02:10:59','1970-08-07 07:17:45'),
('231','385','','1972-05-20 10:47:08','1974-06-19 07:37:15'),
('232','239','','1985-11-20 11:48:22','2010-01-03 14:35:06'),
('233','344','','2000-07-27 00:08:55','1988-09-10 18:34:21'),
('234','360','','1975-11-02 18:43:46','1973-06-25 04:46:19'),
('235','305','','2014-08-11 17:43:50','1975-05-29 09:47:31'),
('236','384','','1982-02-12 05:12:17','2013-10-31 02:05:08'),
('237','215','','2017-06-14 06:14:11','2002-06-26 17:15:16'),
('238','332','','1971-07-15 23:38:46','1999-07-15 00:11:57'),
('239','214','','1979-02-15 15:56:10','1993-09-26 23:05:51'),
('240','259','','2011-04-06 16:07:17','2015-03-12 13:18:29'),
('241','360','','2008-11-22 15:16:30','1970-09-01 03:21:35'),
('242','265','','2001-10-14 15:15:51','1992-08-16 10:20:51'),
('243','381','','1994-02-25 06:21:15','2000-05-24 18:05:32'),
('244','254','','1994-04-12 21:05:37','1972-02-22 18:30:36'),
('245','268','','2015-12-18 12:28:07','1975-09-18 15:24:18'),
('246','320','','2017-08-24 02:42:51','1973-01-27 13:56:05'),
('247','338','','2019-02-08 22:49:33','2016-03-05 23:20:09'),
('248','202','','1986-02-18 07:36:10','1985-12-15 00:58:20'),
('249','329','','1979-06-18 08:25:59','1983-11-05 00:22:59'),
('250','386','','1999-12-25 12:21:34','1986-08-06 19:51:33'),
('251','369','','2017-05-01 21:21:08','2010-12-05 19:18:19'),
('252','235','','2010-07-26 02:12:12','1973-12-11 21:25:55'),
('253','291','','2017-04-21 12:23:39','2007-05-20 09:35:09'),
('254','202','','2012-03-17 12:46:26','2010-09-08 06:42:11'),
('255','338','','1978-03-07 10:52:32','2017-11-29 07:55:15'),
('256','363','','2011-06-14 05:15:17','2013-05-19 06:02:07'),
('257','206','','2004-07-16 17:13:53','1981-09-27 17:50:09'),
('258','267','','2005-01-31 01:33:05','1975-12-10 18:14:16'),
('259','211','','1972-07-23 17:30:01','1978-06-11 13:52:31'),
('260','319','','2001-09-21 03:03:39','2014-03-01 11:02:31'),
('261','341','','2017-01-06 07:37:37','2011-02-02 04:07:34'),
('262','400','','1997-08-11 00:53:15','2020-02-17 21:01:53'),
('263','353','','1982-04-27 05:20:22','2001-08-23 23:13:56'),
('264','302','','2013-01-03 21:25:02','1985-09-10 13:49:52'),
('265','359','','2008-10-21 23:59:10','1974-09-20 13:33:15'),
('266','261','','2009-08-05 23:30:46','1974-08-29 10:55:18'),
('267','281','','2006-07-03 14:37:44','2015-03-15 00:46:54'),
('268','385','','1985-08-01 01:08:27','1984-05-28 02:51:15'),
('269','398','','1983-03-11 21:37:52','1971-05-16 03:35:59'),
('270','304','','1978-06-18 00:38:17','1973-03-19 09:33:43'),
('271','246','','1976-04-24 13:39:58','2019-02-24 05:03:18'),
('272','353','','2009-08-08 19:19:53','1982-06-04 10:50:37'),
('273','366','','2011-03-31 18:28:59','2000-02-29 17:02:49'),
('274','214','','1987-07-14 23:09:59','2019-04-07 03:11:24'),
('275','207','','1997-01-17 07:37:09','1976-04-07 10:42:56'),
('276','235','','1991-03-22 19:44:31','2009-08-09 09:33:11'),
('277','338','','1987-01-13 00:46:48','2014-07-28 10:49:18'),
('278','347','','1988-10-07 11:35:09','2014-05-05 08:06:27'),
('279','240','','1975-08-20 15:43:20','1977-03-21 02:10:30'),
('280','270','','1980-01-20 01:47:12','1996-12-10 11:30:03'),
('281','334','','1983-01-23 09:49:24','2012-02-27 19:23:22'),
('282','209','','2005-03-08 12:58:00','1990-03-30 23:31:53'),
('283','309','','1985-04-08 05:44:44','1991-10-24 06:58:52'),
('284','222','','2007-05-08 17:46:37','1973-02-07 15:09:52'),
('285','210','','2002-12-14 17:46:01','1971-07-13 11:21:27'),
('286','253','','1980-02-06 23:23:43','1987-06-21 10:55:47'),
('287','395','','1978-07-03 18:38:28','1983-03-11 21:10:33'),
('288','214','','1983-08-21 00:40:31','1980-03-29 14:03:02'),
('289','317','','1993-09-10 14:31:53','1977-05-20 04:28:25'),
('290','207','','2006-09-20 11:40:43','2002-11-25 04:32:41'),
('291','335','','1977-12-12 05:32:33','1998-01-07 01:46:23'),
('292','266','','1989-09-08 03:40:16','1981-02-07 18:16:02'),
('293','206','','2005-08-30 17:39:01','1998-02-24 13:16:29'),
('294','297','','1986-10-20 02:27:10','2018-04-10 22:05:55'),
('295','363','','1982-08-16 17:31:41','2010-12-08 11:30:35'),
('296','369','','1998-10-07 19:32:12','1981-07-11 05:50:36'),
('297','353','','1996-11-11 06:21:15','1974-01-21 18:18:55'),
('298','250','','2000-07-09 05:23:34','2011-08-24 09:45:13'),
('299','347','','2018-01-02 12:16:31','1993-09-27 19:49:09'),
('300','347','','1972-05-16 07:09:50','2019-02-14 23:14:02'),
('301','343','','2012-05-09 19:37:20','2007-12-11 01:36:59'),
('302','395','','1984-03-04 05:33:08','1979-12-25 23:05:21'),
('303','312','','1979-10-14 13:40:15','2011-07-06 13:34:00'),
('304','316','','1970-10-13 14:38:47','2007-07-31 00:36:40'),
('305','211','','1970-11-24 16:14:06','2015-06-11 01:15:51'),
('306','320','','2010-01-01 22:51:37','2014-09-10 22:10:11'),
('307','347','','1996-11-12 13:58:11','2018-04-29 04:06:42'),
('308','351','','1981-12-09 14:55:58','1979-06-04 19:33:12'),
('309','274','','1983-09-20 22:36:40','1993-06-17 22:50:42'),
('310','394','','1992-01-27 21:33:33','2001-03-16 12:32:35'),
('311','222','','1992-08-07 23:58:20','1979-04-05 05:15:56'),
('312','210','','1972-11-01 13:48:23','2010-04-24 10:53:17'),
('313','202','','2001-08-28 19:28:35','1981-08-12 20:29:16'),
('314','333','','1992-05-01 02:21:10','1986-10-06 23:37:05'),
('315','246','','1994-11-18 18:46:10','1975-01-27 21:55:46'),
('316','212','','1993-04-10 19:21:07','2008-04-05 02:02:45'),
('317','387','','1991-07-28 16:17:01','1992-08-06 21:31:20'),
('318','233','','2007-09-27 03:39:11','1986-01-26 03:29:32'),
('319','233','','2013-03-15 22:09:57','1984-10-05 16:21:23'),
('320','307','','2004-09-02 18:41:13','2001-09-13 01:37:45'),
('321','247','','1985-07-09 09:32:52','2004-09-24 22:26:07'),
('322','374','','1983-05-09 16:43:55','1972-03-21 10:04:12'),
('323','370','','1975-03-20 05:25:39','1989-08-20 20:48:20'),
('324','254','','2011-12-15 19:55:08','2015-12-15 11:34:26'),
('325','271','','1990-03-24 00:56:48','2018-05-27 23:30:25'),
('326','334','','1974-09-17 02:57:20','1985-12-10 23:40:42'),
('327','215','','2007-07-14 14:41:08','2013-02-16 20:32:40'),
('328','223','','1998-10-08 06:29:56','2005-07-09 17:13:20'),
('329','386','','2008-09-09 14:54:42','1992-11-24 23:41:03'),
('330','371','','1996-09-23 06:06:37','1983-12-02 23:44:50'),
('331','385','','2016-02-29 13:13:53','2015-10-04 14:39:17'),
('332','332','','1974-07-12 12:43:42','1976-02-03 06:10:01'),
('333','368','','2015-11-02 04:23:06','1991-12-07 12:20:39'),
('334','297','','1996-07-07 15:27:23','2015-11-19 22:11:58'),
('335','253','','1980-11-28 23:45:11','2001-11-28 02:33:33'),
('336','384','','1998-08-26 02:26:41','2002-04-30 15:17:01'),
('337','214','','1972-02-21 04:00:23','1988-03-27 10:31:31'),
('338','203','','1978-12-03 14:44:26','1977-11-11 07:09:38'),
('339','335','','2013-12-25 11:06:21','2010-12-14 19:47:14'),
('340','296','','1987-12-28 00:58:00','1986-11-17 03:54:20'),
('341','399','','2009-11-06 20:53:58','1979-10-29 16:25:35'),
('342','366','','1975-02-09 08:24:47','2002-01-27 05:30:38'),
('343','309','','1970-02-26 20:39:21','1978-11-03 11:18:04'),
('344','400','','2018-03-10 07:54:24','2007-03-13 14:03:01'),
('345','305','','2006-04-06 12:47:37','2015-08-21 15:09:36'),
('346','343','','1977-11-16 21:32:35','1976-01-17 22:39:40'),
('347','212','','2009-09-29 21:06:40','1990-06-17 00:11:16'),
('348','292','','1990-01-25 03:29:35','1991-04-13 08:22:38'),
('349','386','','1992-05-15 13:22:27','2005-11-10 01:14:18'),
('350','253','','2017-03-11 02:44:02','1998-10-06 15:51:55'),
('351','399','','2002-11-08 12:38:59','1996-02-29 20:21:46'),
('352','223','','1990-12-21 04:13:16','2000-11-21 23:09:38'),
('353','217','','1975-12-27 16:21:13','2008-09-19 00:03:00'),
('354','368','','1986-07-22 05:26:12','1975-03-08 04:04:27'),
('355','281','','1981-04-01 19:58:28','1970-06-10 19:57:13'),
('356','297','','2006-04-23 08:49:20','2010-09-21 05:44:54'),
('357','307','','1975-01-30 13:31:47','1998-09-02 12:47:31'),
('358','305','','1998-12-01 16:34:24','1990-09-13 22:13:33'),
('359','328','','1986-02-17 08:29:35','1976-08-04 08:31:03'),
('360','292','','2000-06-02 23:58:22','2005-12-20 04:21:11'),
('361','276','','2012-09-30 22:28:38','1993-10-25 10:21:14'),
('362','312','','1996-05-19 23:08:06','1971-01-27 10:01:40'),
('363','219','','1970-03-25 09:09:03','1996-08-04 07:15:57'),
('364','249','','1994-02-05 11:45:53','1982-01-30 02:29:59'),
('365','207','','1997-11-24 17:15:18','1992-06-13 18:13:16'),
('366','276','','1970-03-16 13:19:34','1970-11-26 10:45:27'),
('367','222','','1973-12-21 13:17:05','2001-10-23 17:46:59'),
('368','222','','1984-10-01 12:29:29','1984-06-22 09:59:53'),
('369','281','','1974-07-30 03:05:40','1992-07-09 19:47:12'),
('370','366','','2019-11-14 23:19:33','1995-11-14 21:17:31'),
('371','320','','2000-02-27 19:33:54','1998-10-22 08:34:47'),
('372','276','','1977-05-10 18:56:43','1984-01-01 11:20:42'),
('373','332','','1993-01-11 19:54:10','2013-05-22 10:09:46'),
('374','223','','1999-07-06 15:01:54','2000-03-30 04:05:56'),
('375','276','','1981-09-22 09:39:09','1974-06-05 05:51:15'),
('376','239','','2011-10-10 01:53:49','1972-07-11 14:26:53'),
('377','381','','1987-03-08 00:51:03','1979-10-30 02:23:19'),
('378','294','','1973-01-15 04:06:42','1988-02-17 03:39:42'),
('379','329','','2007-10-18 13:11:40','1974-07-05 11:09:16'),
('380','363','','1993-04-16 05:52:36','1996-12-16 20:50:33'),
('381','339','','2016-11-04 15:34:21','1978-12-16 14:31:54'),
('382','327','','2003-03-19 10:39:31','2002-11-19 02:05:44'),
('383','395','','2018-12-07 02:46:06','1980-03-21 14:17:22'),
('384','369','','1984-05-29 08:40:29','1992-01-19 09:50:11'),
('385','294','','1971-11-28 21:24:17','2007-11-27 01:59:16'),
('386','274','','2016-06-25 06:08:55','1985-09-04 01:46:23'),
('387','266','','1987-07-06 22:44:26','1993-11-06 12:20:57'),
('388','400','','1971-09-12 23:29:41','1979-03-09 22:59:35'),
('389','381','','2003-01-22 03:14:55','2010-11-25 01:21:44'),
('390','395','','1991-02-05 00:13:56','2013-03-01 20:19:02'),
('391','291','','1991-02-28 23:14:51','2016-08-07 06:16:56'),
('392','257','','2001-05-23 23:53:55','1986-12-21 02:59:30'),
('393','308','','1970-06-04 03:21:56','1970-03-22 04:09:01'),
('394','316','','1990-09-25 04:13:17','2018-01-29 06:56:27'),
('395','304','','2006-11-30 00:51:50','1973-12-30 21:17:21'),
('396','314','','1974-03-10 19:04:56','1991-09-20 15:50:31'),
('397','395','','1997-12-07 00:55:00','1999-05-13 17:03:35'),
('398','329','','1985-06-29 22:52:42','1973-12-09 22:58:05'),
('399','338','','2004-05-17 11:43:51','1982-10-18 19:42:04'),
('400','273','','1983-02-05 19:28:41','1972-12-25 17:34:48'),
('401','297','','1991-02-09 07:16:35','1972-08-21 13:06:42'),
('402','265','','1975-10-05 22:07:27','2013-12-15 20:10:17'),
('403','347','','2007-02-22 19:34:16','1971-08-19 04:04:42'),
('404','223','','2016-09-24 19:40:56','1992-03-04 21:33:10'),
('405','296','','2009-04-25 05:12:15','2006-03-11 06:53:26'),
('406','223','','2011-02-14 15:37:46','1996-03-17 02:39:24'),
('407','267','','2011-11-14 16:59:58','1996-07-09 10:07:49'),
('408','271','','1973-06-13 04:58:44','2009-08-23 07:40:16'),
('409','323','','2006-03-09 18:40:39','2015-11-07 20:21:49'),
('410','398','','1990-09-10 02:56:54','2003-02-15 01:06:34'),
('411','239','','1995-08-31 22:24:23','2011-10-08 22:12:01'),
('412','267','','1978-02-28 16:41:34','1995-01-28 02:30:59'),
('413','320','','1985-04-13 13:10:44','2012-11-30 20:04:54'),
('414','224','','2014-05-02 05:19:22','1981-05-19 08:27:15'),
('415','235','','1975-10-01 09:52:02','2018-09-10 02:10:28'),
('416','211','','1975-06-29 05:59:06','1994-01-04 16:18:03'),
('417','309','','1996-12-17 18:23:56','1987-07-28 20:11:10'),
('418','305','','1979-05-01 15:44:17','2014-08-01 21:46:00'),
('419','211','','2002-07-22 06:44:38','2003-11-27 06:35:15'),
('420','284','','2017-02-10 12:55:49','1995-10-27 20:05:23'),
('421','297','','2008-10-04 19:31:32','1980-07-28 00:31:44'),
('422','307','','1974-12-11 12:17:48','1984-10-09 08:37:12'),
('423','338','','1986-07-30 22:13:48','1999-06-04 19:27:29'),
('424','203','','2017-05-02 05:43:45','1983-11-17 10:56:44'),
('425','215','','2005-08-29 02:42:51','1993-09-30 08:34:34'),
('426','247','','2011-05-04 07:29:54','1978-12-24 14:32:50'),
('427','317','','2013-01-27 22:15:25','2006-01-13 15:43:11'),
('428','211','','2011-01-29 10:36:25','1995-01-16 04:46:51'),
('429','371','','2014-05-29 21:00:55','2014-06-11 06:51:30'),
('430','261','','2004-03-10 18:43:22','1975-03-31 10:20:54'),
('431','291','','1987-09-05 17:26:22','1975-01-19 05:00:21'),
('432','268','','1981-06-25 19:08:46','2016-10-13 18:33:46'),
('433','327','','2001-07-22 13:28:22','1970-07-30 07:38:01'),
('434','246','','1970-02-11 03:57:42','2000-11-10 01:39:56'),
('435','300','','1979-02-03 03:08:13','1995-12-15 14:27:56'),
('436','214','','1980-06-03 15:02:48','1981-02-17 22:53:17'),
('437','271','','1978-05-19 11:43:17','2017-02-15 19:05:36'),
('438','366','','2003-05-24 10:30:14','1979-06-26 09:12:19'),
('439','294','','1993-02-25 14:55:26','1995-08-19 13:40:55'),
('440','399','','1988-07-05 09:15:11','1977-09-23 02:07:50'),
('441','359','','2002-05-31 15:42:55','1977-11-11 06:21:39'),
('442','330','','1973-10-29 11:38:32','1992-05-08 10:02:53'),
('443','265','','2014-10-20 23:01:58','1985-10-16 17:16:31'),
('444','282','','1998-11-30 12:28:27','1992-07-22 11:02:32'),
('445','360','','1999-03-29 18:09:31','1972-02-02 19:49:03'),
('446','304','','1984-08-22 02:53:58','2010-04-04 15:58:56'),
('447','300','','2007-06-16 12:31:05','2019-10-21 18:52:31'),
('448','270','','2019-08-21 11:27:06','2003-03-03 05:38:22'),
('449','204','','2013-08-11 21:26:13','2006-01-25 14:56:48'),
('450','313','','1971-03-05 02:07:11','1976-04-28 19:41:32'),
('451','353','','2015-07-30 08:42:01','1986-04-28 13:54:43'),
('452','305','','2017-03-15 22:57:35','2004-06-22 02:14:33'),
('453','213','','1991-02-12 19:47:08','1997-07-02 07:42:22'),
('454','302','','1977-04-09 02:44:05','2001-03-20 16:47:35'),
('455','308','','1998-05-28 09:32:29','1993-01-01 06:35:16'),
('456','240','','1983-07-19 18:35:26','2013-01-24 19:09:33'),
('457','339','','2004-04-18 01:06:25','1995-02-24 06:58:11'),
('458','217','','1991-06-18 00:48:35','1999-01-28 10:12:39'),
('459','257','','2011-06-21 22:59:30','1984-09-13 11:36:41'),
('460','316','','2019-03-01 07:06:18','1987-01-23 18:49:47'),
('461','283','','1986-04-03 05:10:10','1989-05-22 03:51:00'),
('462','340','','2012-04-22 06:35:56','1977-03-22 21:41:59'),
('463','386','','1980-06-09 16:15:51','2005-09-26 03:07:08'),
('464','209','','1981-05-12 14:50:29','1988-06-23 11:42:08'),
('465','387','','1985-04-06 11:16:36','2003-01-10 10:55:02'),
('466','283','','1997-04-09 23:17:53','1983-08-11 16:31:32'),
('467','223','','1993-06-28 16:12:14','2013-05-18 20:04:29'),
('468','261','','2016-04-07 13:55:06','2006-10-16 23:54:22'),
('469','253','','1974-10-04 05:49:06','1970-10-17 17:31:31'),
('470','323','','1978-04-03 19:40:36','1977-03-13 04:53:34'),
('471','259','','2015-12-19 16:46:52','1979-05-31 14:04:20'),
('472','210','','2001-07-23 02:33:43','2000-03-16 05:35:06'),
('473','255','','2011-05-08 05:27:20','2016-01-25 02:26:28'),
('474','320','','1976-03-27 10:14:35','2017-06-17 21:50:24'),
('475','297','','2015-01-02 23:39:57','1989-08-29 14:06:45'),
('476','213','','1976-07-28 11:24:07','1975-12-12 02:56:40'),
('477','216','','2019-07-23 20:04:30','1987-03-29 22:58:07'),
('478','398','','2011-09-29 02:46:30','2010-03-06 09:29:33'),
('479','287','','2009-04-11 08:54:36','2015-08-20 09:46:58'),
('480','223','','2002-03-18 16:04:52','2014-06-10 03:30:37'),
('481','309','','2012-06-04 06:46:46','2019-05-04 14:34:17'),
('482','249','','1985-01-16 22:26:39','2003-10-05 15:39:55'),
('483','331','','2019-03-03 10:09:51','2000-01-09 04:59:48'),
('484','328','','1994-04-20 22:11:12','1970-07-10 17:55:34'),
('485','340','','2016-01-31 01:36:36','2007-06-25 01:16:14'),
('486','239','','2012-05-16 23:01:26','2013-05-09 05:54:22'),
('487','366','','1994-06-21 19:53:44','1973-04-15 01:03:16'),
('488','291','','1971-11-11 16:16:59','1996-09-30 20:40:42'),
('489','263','','2004-02-21 02:56:58','2017-07-23 04:33:37'),
('490','216','','1987-06-25 13:46:41','1985-01-13 03:28:54'),
('491','206','','1993-10-08 13:50:09','1982-07-05 22:12:20'),
('492','341','','1976-08-25 23:14:53','1988-01-28 01:57:36'),
('493','368','','1989-06-15 06:29:12','2012-01-09 03:30:35'),
('494','395','','1970-12-23 12:50:36','1978-07-25 08:36:41'),
('495','353','','2010-10-16 12:29:52','1993-03-27 20:19:17'),
('496','351','','2017-02-17 07:39:24','1998-03-08 17:50:50'),
('497','276','','2009-03-31 18:58:23','2019-12-01 03:18:29'),
('498','388','','1999-01-29 14:42:43','2010-05-13 04:55:03'),
('499','212','','1998-07-14 05:40:22','1979-02-07 14:12:55'),
('500','329','','2014-12-06 22:49:36','1992-01-03 10:49:50'),
('501','312','','1999-02-09 05:01:13','1992-06-18 18:25:05'),
('502','273','','2005-04-09 11:57:28','2007-01-31 09:21:35'),
('503','336','','1987-08-08 13:50:49','1970-12-19 22:29:31'),
('504','366','','2011-04-21 20:25:08','2018-09-12 15:30:41'),
('505','398','','2008-12-12 21:31:19','2016-08-25 20:51:51'),
('506','239','','1992-08-12 04:24:30','2000-02-16 07:24:28'),
('507','385','','1999-12-18 09:32:24','1984-04-09 10:43:19'),
('508','214','','1987-04-16 02:58:33','1992-03-11 23:59:08'),
('509','227','','1992-08-28 06:53:51','1982-05-24 16:01:29'),
('510','271','','1986-12-13 15:19:40','2010-02-09 00:51:07'),
('511','252','','1984-03-17 17:40:23','1982-05-30 04:07:02'),
('512','336','','1997-01-18 19:11:26','1986-01-01 16:20:24'),
('513','317','','1993-12-11 20:11:46','2013-09-21 08:10:49'),
('514','383','','1993-06-06 13:08:18','2010-12-25 18:08:36'),
('515','267','','1978-03-04 18:41:24','1988-10-27 10:22:32'),
('516','265','','1977-02-26 00:55:51','2006-08-07 01:56:06'),
('517','213','','1997-07-30 11:20:15','1975-08-05 23:52:37'),
('518','233','','2006-09-06 06:50:21','2013-11-23 23:37:04'),
('519','350','','1996-02-12 02:18:35','1970-03-28 09:47:15'),
('520','281','','1989-09-07 15:47:41','2010-01-16 15:01:07'),
('521','260','','1982-11-08 12:30:34','1977-11-17 17:39:56'),
('522','359','','1980-01-03 22:32:04','1987-12-26 08:39:08'),
('523','223','','2011-03-08 20:48:43','1973-07-14 23:28:34'),
('524','219','','2004-07-01 01:52:09','1979-04-15 17:26:49'),
('525','350','','1992-12-25 05:01:46','2016-02-06 17:17:15'),
('526','388','','2010-10-05 12:48:52','1984-03-01 00:33:50'),
('527','385','','1992-01-23 23:28:15','1979-07-03 22:31:03'),
('528','227','','1972-03-22 19:14:48','1997-08-07 10:37:36'),
('529','380','','1977-08-22 01:32:25','2017-12-30 13:18:38'),
('530','201','','1973-12-03 12:26:45','2013-10-12 07:52:13'),
('531','359','','2019-09-18 03:20:22','1996-06-30 04:02:57'),
('532','291','','1997-02-19 23:28:13','1985-09-18 09:17:42'),
('533','273','','1993-07-25 20:38:16','2008-12-27 11:14:53'),
('534','305','','2007-08-03 07:48:37','2001-11-28 15:42:39'),
('535','259','','2018-11-12 16:24:07','1973-04-09 06:47:13'),
('536','270','','1978-07-20 06:05:06','1970-01-31 05:58:19'),
('537','336','','1996-05-20 06:10:49','2009-09-16 06:58:12'),
('538','240','','1985-03-29 17:29:03','1990-11-07 13:14:30'),
('539','291','','2017-09-10 12:15:16','2013-02-24 19:46:01'),
('540','371','','1985-09-06 09:33:09','1984-02-01 00:40:17'),
('541','313','','1970-07-11 06:22:34','1988-12-30 07:30:40'),
('542','335','','2002-12-07 04:07:21','1990-11-20 06:23:44'),
('543','314','','2003-08-08 05:18:10','2000-12-22 16:40:25'),
('544','224','','2015-07-02 18:08:32','2009-02-02 04:11:48'),
('545','317','','1999-02-16 06:55:07','2003-01-01 06:18:53'),
('546','385','','1990-01-02 12:48:47','2015-07-04 17:58:32'),
('547','297','','1997-03-17 22:25:25','2007-05-24 16:03:54'),
('548','334','','1993-04-10 04:31:37','2009-05-09 06:38:30'),
('549','214','','1998-02-17 03:29:43','1986-09-08 07:35:42'),
('550','254','','1994-03-06 16:54:35','1983-04-14 06:30:05'),
('551','214','','1998-09-07 12:44:06','1976-09-15 16:52:48'),
('552','276','','1970-04-18 15:27:05','1994-11-07 06:29:15'),
('553','210','','1995-08-08 16:47:40','2004-12-30 15:54:09'),
('554','252','','1996-11-24 08:20:22','1991-08-23 15:03:11'),
('555','307','','2008-07-26 17:22:32','2009-12-01 17:26:53'),
('556','368','','2002-10-22 20:04:42','1999-08-17 19:28:18'),
('557','235','','1981-09-24 17:56:06','2003-09-21 03:56:01'),
('558','291','','2015-01-25 10:59:45','2004-02-22 09:07:53'),
('559','202','','1995-01-13 06:03:25','1982-09-21 01:24:42'),
('560','211','','1978-06-12 23:08:33','2009-02-17 17:58:08'),
('561','291','','2014-09-27 10:36:17','2015-12-19 03:04:14'),
('562','363','','2009-06-16 05:41:44','2005-01-24 01:01:01'),
('563','307','','1995-08-06 10:13:30','2016-08-20 21:34:31'),
('564','360','','2006-03-27 02:17:43','1985-03-16 07:11:12'),
('565','267','','2005-06-18 23:59:12','1992-08-18 16:38:07'),
('566','359','','2013-01-11 07:56:06','1970-04-05 15:17:28'),
('567','227','','2010-06-23 21:24:39','1986-07-03 01:41:44'),
('568','207','','1981-02-18 17:35:18','1973-10-22 03:40:19'),
('569','202','','1984-01-03 22:45:23','1979-04-17 16:28:44'),
('570','323','','1997-07-21 16:07:53','1973-07-28 23:59:19'),
('571','384','','1971-10-15 22:03:31','2009-05-29 00:36:46'),
('572','314','','2017-09-22 03:18:10','2004-11-30 06:04:25'),
('573','263','','1983-01-25 03:52:16','1989-10-12 08:53:09'),
('574','300','','2015-05-12 01:55:15','1989-10-29 07:55:26'),
('575','341','','1977-05-16 17:41:19','1997-09-24 19:43:52'),
('576','383','','1974-01-21 19:27:42','1990-11-23 09:56:45'),
('577','281','','1988-07-17 03:11:00','1971-03-16 05:01:12'),
('578','247','','1992-07-13 10:27:17','1999-10-11 06:51:48'),
('579','317','','1976-01-14 17:51:16','2012-04-03 06:02:07'),
('580','302','','2000-08-27 08:32:23','2003-10-12 11:48:18'),
('581','296','','2015-10-24 01:45:42','1973-06-30 10:50:36'),
('582','334','','2009-01-07 19:03:36','1988-05-01 07:15:48'),
('583','381','','2001-11-30 05:19:41','1990-07-31 20:52:06'),
('584','309','','2004-04-01 13:59:49','1972-04-11 15:03:34'),
('585','387','','1983-04-25 16:11:01','1989-03-06 03:29:31'),
('586','282','','1972-08-09 22:24:08','1974-08-01 17:19:00'),
('587','276','','1996-09-19 05:31:58','1995-05-23 09:53:48'),
('588','217','','1987-02-09 13:53:37','2000-08-10 10:29:41'),
('589','370','','1979-06-12 20:10:28','2005-03-10 06:36:08'),
('590','281','','1980-12-15 05:38:51','1982-06-30 13:52:58'),
('591','239','','2005-04-18 08:41:56','1989-08-31 09:00:36'),
('592','263','','1993-10-10 20:25:29','1997-01-23 16:50:56'),
('593','249','','2000-05-13 05:20:16','1972-03-09 22:29:37'),
('594','339','','1995-08-21 12:25:49','2004-01-20 12:56:18'),
('595','217','','2007-05-13 19:55:11','2002-09-14 15:11:42'),
('596','312','','1994-03-23 16:44:24','2005-08-16 15:09:25'),
('597','307','','1971-10-20 21:14:29','2003-11-07 07:18:20'),
('598','260','','2003-08-21 19:08:53','2011-05-14 00:41:33'),
('599','319','','1979-08-19 14:46:52','2012-10-06 12:43:23'),
('600','308','','2002-04-21 16:20:49','1991-09-08 03:38:42'),
('601','384','','1990-02-02 23:02:29','1996-10-22 07:05:39'),
('602','305','','1995-07-11 01:15:10','2009-01-17 09:27:03'),
('603','216','','1997-12-11 05:49:22','2011-04-03 08:57:54'),
('604','247','','1977-08-06 17:59:27','1971-07-15 16:15:25'),
('605','201','','1987-06-23 13:57:30','2006-11-19 03:51:07'),
('606','369','','2004-04-19 11:20:07','1982-10-22 18:04:21'),
('607','217','','2011-05-17 09:33:12','2011-08-29 19:56:03'),
('608','281','','1995-05-25 18:28:42','2018-07-14 13:07:02'),
('609','210','','1980-10-12 04:50:16','2016-05-20 18:07:37'),
('610','339','','1975-08-07 22:23:29','1989-04-04 03:17:00'),
('611','384','','2016-03-08 00:21:47','2001-07-23 16:20:54'),
('612','309','','1971-07-04 16:35:54','2002-04-23 05:00:23'),
('613','282','','2008-06-10 14:51:03','2016-02-08 22:48:12'),
('614','358','','2010-05-11 09:39:36','2000-11-07 06:20:49'),
('615','213','','1972-09-20 13:04:57','1982-07-15 21:38:59'),
('616','268','','2013-09-18 21:15:17','2005-09-27 09:02:58'),
('617','247','','2017-10-20 03:00:49','2016-09-24 07:34:11'),
('618','297','','2013-06-20 05:32:19','1995-08-08 02:09:06'),
('619','294','','2002-11-16 11:19:58','1985-09-24 23:35:45'),
('620','212','','2009-03-26 19:55:43','1982-12-09 06:32:12'),
('621','380','','2018-12-06 21:33:59','1999-04-12 04:04:27'),
('622','331','','2002-01-24 21:14:45','1983-02-02 11:35:15'),
('623','276','','1974-03-09 00:43:37','2005-06-13 07:56:37'),
('624','215','','1972-08-02 21:15:57','2002-08-09 07:38:58'),
('625','274','','1991-05-07 21:21:28','1994-03-19 01:16:48'),
('626','305','','2010-04-23 23:42:59','2006-04-30 19:56:52'),
('627','332','','2019-02-01 08:37:12','1989-12-01 20:15:10'),
('628','384','','2014-02-28 06:34:07','1990-01-14 13:51:38'),
('629','359','','2009-11-21 14:20:37','1976-12-01 13:42:48'),
('630','257','','2008-10-01 09:42:50','2004-06-14 08:57:11'),
('631','291','','1994-10-24 07:04:29','1976-01-03 01:54:05'),
('632','339','','1997-06-30 02:37:57','2007-08-28 23:52:43'),
('633','353','','1978-12-08 08:08:05','1970-03-05 13:32:56'),
('634','312','','1972-06-01 04:50:01','1979-09-28 23:24:46'),
('635','388','','2000-10-08 02:59:05','1988-09-01 23:16:23'),
('636','358','','2010-03-03 17:14:20','1989-09-17 01:27:07'),
('637','281','','2009-03-19 09:46:42','1994-08-17 02:14:11'),
('638','210','','2019-09-30 03:25:33','2018-04-29 16:04:07'),
('639','246','','2000-06-22 00:16:27','2016-05-30 10:49:59'),
('640','296','','1984-03-26 04:07:55','1985-08-18 05:59:10'),
('641','353','','1980-08-13 06:53:54','1971-06-10 12:12:30'),
('642','216','','1974-04-26 08:30:17','1971-02-24 20:00:45'),
('643','203','','1979-01-16 15:30:36','1998-04-15 21:22:25'),
('644','240','','1988-12-02 14:56:13','1981-07-09 15:33:02'),
('645','385','','2018-03-10 03:25:15','2000-05-11 05:42:46'),
('646','215','','2020-02-14 03:10:24','2016-07-22 07:53:50'),
('647','310','','1971-02-12 16:51:12','2017-03-06 03:54:14'),
('648','222','','1989-06-22 07:52:05','2013-08-06 09:26:24'),
('649','317','','2000-07-30 17:32:32','1998-11-09 05:20:40'),
('650','203','','2008-09-20 21:12:18','2007-06-29 05:13:34'),
('651','247','','2002-05-01 03:43:20','2010-07-06 13:18:47'),
('652','296','','1977-01-07 03:41:37','2018-12-09 20:47:14'),
('653','334','','2003-02-27 16:05:38','1994-11-12 11:42:40'),
('654','320','','2006-04-19 18:32:17','2020-02-04 23:26:09'),
('655','316','','1980-12-20 11:16:17','1994-11-23 19:38:14'),
('656','211','','2019-02-07 17:17:51','2013-01-18 02:07:31'),
('657','217','','2008-11-02 18:59:16','1987-03-07 08:02:34'),
('658','253','','1992-03-19 00:12:15','1990-07-20 14:53:45'),
('659','398','','1976-01-04 09:47:09','2009-04-25 07:36:36'),
('660','387','','2008-08-03 04:54:52','2010-09-15 10:01:41'),
('661','307','','1999-11-19 04:29:00','2015-11-09 09:02:17'),
('662','283','','2009-06-19 17:24:49','1978-08-17 08:36:29'),
('663','330','','1980-01-12 11:14:07','1987-06-26 13:24:34'),
('664','265','','1979-01-10 10:03:13','2014-04-17 03:48:26'),
('665','398','','2018-03-24 03:58:54','1994-11-15 02:07:23'),
('666','317','','2000-11-23 14:07:27','1973-01-14 07:16:27'),
('667','216','','2013-05-17 19:16:03','2017-10-05 16:18:09'),
('668','276','','2009-06-26 14:04:56','1974-07-30 01:09:52'),
('669','331','','2007-02-02 07:23:24','1993-02-01 04:51:18'),
('670','265','','1975-06-19 05:17:41','2014-11-06 15:24:53'),
('671','370','','1971-01-11 23:34:56','1980-01-09 17:01:19'),
('672','291','','2016-07-12 04:30:46','2006-11-05 03:03:57'),
('673','287','','1974-11-18 08:07:57','1983-12-31 19:49:51'),
('674','374','','1977-06-07 15:33:27','1999-10-28 21:55:24'),
('675','330','','2012-08-09 10:21:25','2015-05-07 01:42:44'),
('676','271','','1988-01-30 22:16:44','1996-09-19 04:12:07'),
('677','399','','2005-03-12 20:22:30','1983-10-28 06:39:16'),
('678','240','','1983-12-23 05:10:04','1997-04-29 09:18:55'),
('679','302','','2014-02-05 14:52:23','1974-05-27 01:32:11'),
('680','314','','1999-12-20 08:52:56','2002-12-19 22:24:57'),
('681','249','','1990-07-21 20:36:33','2014-03-31 20:17:36'),
('682','338','','2005-10-28 20:24:58','1993-11-22 13:41:28'),
('683','209','','2011-08-11 21:47:07','1995-09-13 03:38:44'),
('684','384','','1995-09-19 22:41:37','1985-06-02 11:43:02'),
('685','265','','2002-07-09 15:56:42','2017-09-17 08:46:45'),
('686','328','','1975-06-27 17:03:20','1980-11-16 00:07:04'),
('687','398','','2013-11-20 07:03:01','1973-01-20 13:05:53'),
('688','291','','2000-08-04 09:22:46','2003-02-01 23:18:28'),
('689','381','','1976-08-23 23:56:21','2013-12-25 19:42:18'),
('690','394','','1972-04-03 11:53:17','2018-04-22 19:53:38'),
('691','274','','2008-01-31 00:19:07','1981-04-21 09:15:34'),
('692','283','','2005-04-10 02:53:37','2011-08-31 10:01:26'),
('693','274','','1979-02-17 10:59:41','2005-12-30 12:58:06'),
('694','204','','1985-07-18 03:15:07','2000-08-18 12:23:56'),
('695','343','','2019-10-02 18:00:20','1970-04-30 12:12:43'),
('696','271','','2018-06-26 07:09:59','1995-02-02 20:12:14'),
('697','323','','1978-03-12 22:16:21','2017-08-22 03:04:06'),
('698','370','','2002-12-05 18:11:15','2012-04-28 06:35:01'),
('699','343','','2015-01-14 11:06:05','1990-05-11 20:39:29'),
('700','257','','1983-06-12 05:00:06','2018-01-28 07:17:32'); 


DROP TABLE IF EXISTS `orders_products`;
CREATE TABLE `orders_products` (
  `id` bigint(20) unsigned NOT NULL AUTO_INCREMENT,
  `order_id` bigint(20) unsigned DEFAULT NULL,
  `product_id` bigint(20) unsigned DEFAULT NULL,
  `total` int(10) unsigned DEFAULT 1 COMMENT 'Количество заказанных товарных позиций',
  `created_at` datetime DEFAULT current_timestamp(),
  `updated_at` datetime DEFAULT current_timestamp() ON UPDATE current_timestamp(),
  PRIMARY KEY (`id`),
  KEY `order_id` (`order_id`),
  KEY `product_id` (`product_id`),
  CONSTRAINT `orders_products_ibfk_1` FOREIGN KEY (`order_id`) REFERENCES `orders` (`id`) ON DELETE SET NULL ON UPDATE CASCADE,
  CONSTRAINT `orders_products_ibfk_2` FOREIGN KEY (`product_id`) REFERENCES `products` (`id`) ON DELETE SET NULL ON UPDATE CASCADE
) ENGINE=InnoDB AUTO_INCREMENT=601 DEFAULT CHARSET=utf8 COLLATE=utf8_unicode_ci COMMENT='Состав заказа';

INSERT INTO `orders_products` VALUES ('1','409','188','9','2005-12-20 00:15:04','1976-12-01 07:37:11'),
('2','356','443','9','2016-10-07 18:51:43','2014-12-31 02:24:54'),
('3','516','163','4','2015-07-22 12:02:02','1982-03-06 01:45:00'),
('4','127','493','8','2005-07-13 03:20:41','2013-10-04 16:14:17'),
('5','116','415','6','1994-07-26 22:21:21','2003-09-11 13:21:58'),
('6','75','62','3','2016-08-08 14:54:00','1984-12-13 06:46:28'),
('7','41','416','8','2012-12-06 03:08:46','1989-03-31 02:54:50'),
('8','451','486','6','1972-03-25 05:13:27','1976-10-31 12:09:43'),
('9','128','290','0','1988-12-15 13:48:04','1983-05-11 16:00:58'),
('10','583','430','7','2000-06-28 21:38:50','2015-04-09 04:10:20'),
('11','341','242','5','2008-05-14 06:17:58','1973-03-18 02:59:08'),
('12','280','117','9','2009-01-12 19:38:00','1980-08-05 09:17:18'),
('13','355','290','5','2000-11-27 03:19:57','2004-12-13 17:00:00'),
('14','316','105','4','2006-03-19 07:13:26','2009-07-13 02:01:42'),
('15','188','240','2','1996-03-24 13:37:37','2008-07-03 18:59:39'),
('16','669','426','7','1978-02-22 10:23:17','2018-08-17 05:56:48'),
('17','598','231','5','2012-08-17 12:46:46','1992-12-09 11:45:05'),
('18','515','295','1','1988-02-27 11:18:35','1986-10-01 13:24:51'),
('19','551','459','7','1989-09-21 08:24:07','1992-10-21 18:13:35'),
('20','403','477','2','2017-07-13 13:24:32','1986-04-02 04:33:26'),
('21','522','341','9','1981-10-30 06:37:22','2014-10-08 16:20:15'),
('22','52','402','6','2016-01-31 22:14:21','2007-03-02 17:15:29'),
('23','359','359','0','1983-05-04 08:28:40','2013-11-10 06:03:58'),
('24','542','348','2','2011-06-19 15:55:18','1999-09-25 21:50:12'),
('25','208','303','0','1970-05-15 18:49:28','1978-06-09 19:10:49'),
('26','387','392','7','2004-03-18 02:15:49','1985-05-11 06:01:46'),
('27','63','476','7','1981-01-26 19:53:52','1973-07-31 05:49:39'),
('28','12','298','1','2019-10-28 16:42:55','1984-05-20 08:42:12'),
('29','372','234','5','2014-04-25 01:53:53','2007-03-17 18:45:59'),
('30','564','400','6','1996-12-28 20:52:00','2016-02-25 21:21:42'),
('31','663','380','8','1992-04-10 17:07:24','1978-12-02 12:52:39'),
('32','455','400','5','1981-05-31 04:08:47','1978-08-26 07:29:10'),
('33','155','192','4','1998-04-25 02:30:31','2003-09-10 13:46:10'),
('34','273','4','3','2018-07-19 15:59:46','1994-05-20 01:25:19'),
('35','210','483','5','2004-05-07 10:02:34','1978-01-14 14:41:59'),
('36','672','23','1','2004-02-29 00:45:06','1985-11-17 05:43:01'),
('37','453','17','4','2005-06-27 09:25:12','2019-12-26 08:42:15'),
('38','594','80','5','2001-07-22 11:01:35','2010-06-17 11:53:39'),
('39','526','312','9','2019-12-13 15:14:11','2018-10-13 02:33:36'),
('40','597','24','2','1987-03-09 04:25:11','1990-09-17 04:46:27'),
('41','160','203','0','1970-08-23 07:44:54','1981-03-07 03:44:38'),
('42','582','159','0','1981-06-02 02:55:43','1994-03-04 06:46:32'),
('43','250','424','5','1982-02-06 17:11:40','1981-03-05 20:36:01'),
('44','640','444','5','1992-09-02 00:33:16','1980-11-30 16:58:05'),
('45','221','360','8','1970-02-23 21:54:38','1975-02-20 08:29:13'),
('46','480','131','6','1982-06-22 15:20:44','2001-02-03 12:37:25'),
('47','335','168','8','2016-01-11 02:31:41','1973-11-09 04:03:29'),
('48','43','350','1','1996-01-22 19:01:12','2014-11-28 02:51:27'),
('49','503','225','0','2018-06-07 18:29:42','1993-11-10 05:02:10'),
('50','494','10','3','1973-10-04 18:29:01','1998-06-07 01:02:33'),
('51','291','333','8','1986-01-10 18:28:02','1973-08-16 15:19:46'),
('52','45','31','3','1986-03-07 20:47:42','2018-03-15 03:34:46'),
('53','489','456','6','1973-09-09 11:38:45','2014-08-25 14:03:35'),
('54','155','225','0','1987-04-30 04:55:34','2018-05-26 01:08:54'),
('55','375','37','0','1994-03-03 04:33:11','1985-02-06 01:30:58'),
('56','348','382','3','1975-04-12 14:35:44','1972-01-06 11:08:54'),
('57','335','165','9','1978-11-07 06:43:17','1979-08-10 22:14:20'),
('58','57','418','4','1990-05-04 00:38:12','1996-04-15 00:46:22'),
('59','123','498','6','1973-02-14 03:02:13','1978-10-13 22:54:29'),
('60','506','246','7','2000-03-05 16:41:08','2008-03-17 13:01:57'),
('61','499','204','3','1980-04-26 19:09:26','1977-03-25 10:33:04'),
('62','527','95','3','2000-05-04 08:50:11','2016-07-14 02:39:22'),
('63','520','407','6','1982-08-31 13:16:13','2001-12-03 09:24:01'),
('64','622','231','9','2004-01-20 08:25:02','2010-02-18 11:36:12'),
('65','184','297','1','1985-09-26 13:37:26','1995-06-15 15:40:06'),
('66','336','339','7','2019-09-07 12:59:19','2019-06-18 11:13:12'),
('67','181','272','1','1982-09-02 19:40:51','1986-07-07 00:24:38'),
('68','518','479','0','1992-11-02 01:11:51','2001-02-04 16:53:02'),
('69','319','480','4','1997-12-16 20:49:22','2016-04-02 15:44:07'),
('70','285','495','3','2019-04-07 21:37:22','1999-05-01 12:12:58'),
('71','23','452','7','1977-06-13 03:44:51','2019-01-22 15:30:06'),
('72','527','255','8','2011-06-11 08:28:51','1989-11-30 15:50:12'),
('73','162','417','1','1983-04-04 02:02:27','2017-03-05 12:53:54'),
('74','242','204','2','1996-09-08 18:09:13','1990-09-27 13:43:11'),
('75','580','34','8','1998-11-04 23:38:03','1994-08-08 08:17:07'),
('76','629','270','5','1992-06-03 09:54:20','2011-03-27 00:17:44'),
('77','333','325','4','1974-05-12 12:04:17','1972-09-22 06:12:27'),
('78','511','109','7','2004-02-16 17:27:46','2005-06-19 23:43:18'),
('79','323','309','8','1981-02-15 11:46:06','2004-12-17 10:52:42'),
('80','475','362','1','1984-11-03 14:43:00','1979-12-18 06:59:31'),
('81','148','79','4','1991-06-25 10:38:30','1988-01-10 08:25:02'),
('82','281','235','0','2014-02-03 02:51:55','2004-06-23 13:07:44'),
('83','490','70','1','1996-10-28 16:21:59','2008-11-30 14:42:27'),
('84','298','78','3','2015-03-15 22:34:32','1996-10-02 15:48:42'),
('85','69','416','3','2004-08-11 15:05:27','1999-11-03 21:46:39'),
('86','101','65','3','2018-04-16 19:07:14','1994-06-01 02:14:06'),
('87','515','448','7','2010-07-06 09:11:19','2010-09-11 07:12:00'),
('88','448','483','0','1973-07-03 12:47:45','1989-04-20 10:13:03'),
('89','510','492','8','2001-09-20 22:41:58','1995-11-09 08:07:11'),
('90','261','278','5','1995-03-02 20:31:08','1997-04-21 16:48:50'),
('91','36','136','1','1993-12-26 15:12:28','1996-02-24 14:28:25'),
('92','67','263','5','2000-10-23 20:11:58','2001-01-08 06:39:33'),
('93','644','413','0','2010-06-21 00:49:03','1978-06-22 23:05:44'),
('94','519','191','7','2001-04-19 17:39:27','2019-01-09 17:13:45'),
('95','310','210','9','1995-06-19 16:16:29','1984-04-27 03:06:43'),
('96','74','327','0','2019-12-04 19:37:46','1972-01-21 16:50:27'),
('97','403','253','3','1986-02-13 11:43:43','2011-07-12 04:44:15'),
('98','85','138','9','2001-11-25 04:59:27','1978-03-01 23:28:24'),
('99','451','274','2','1978-11-05 01:43:08','2014-03-24 12:51:56'),
('100','301','371','6','1993-04-28 14:17:29','1978-08-26 08:37:17'),
('101','265','287','9','2018-01-14 06:29:42','1984-09-15 06:03:33'),
('102','611','57','7','2006-03-22 03:47:20','2001-03-13 15:24:07'),
('103','328','256','5','2004-11-14 06:28:57','2017-01-21 16:00:18'),
('104','55','99','6','1996-01-13 06:24:34','1982-04-24 08:40:33'),
('105','346','226','7','2011-04-13 00:55:20','1979-02-08 07:17:58'),
('106','527','273','8','2002-08-25 10:55:29','1985-10-08 00:39:27'),
('107','505','424','7','1998-06-01 19:47:11','2012-02-19 07:53:47'),
('108','48','321','7','2010-09-07 23:54:48','1970-11-08 17:07:21'),
('109','471','405','3','1997-01-07 01:17:41','2018-03-31 04:53:07'),
('110','16','58','2','2011-02-02 01:54:00','1995-04-02 18:11:43'),
('111','160','64','7','2007-07-13 18:53:24','1992-03-06 17:02:11'),
('112','537','402','3','1978-03-31 20:44:50','1991-09-16 20:35:22'),
('113','442','444','3','1995-03-01 11:48:49','2015-04-12 11:14:57'),
('114','55','138','3','1973-02-17 02:18:02','2013-02-18 07:13:50'),
('115','305','254','9','2014-03-07 01:26:11','1985-04-01 17:11:15'),
('116','12','407','0','1975-03-08 09:30:44','1991-11-02 18:28:08'),
('117','56','445','1','1998-05-17 20:31:50','1977-10-12 05:34:54'),
('118','648','274','7','1990-11-13 15:08:06','1984-12-03 17:16:24'),
('119','280','2','8','2003-09-14 21:00:53','1997-01-29 16:24:52'),
('120','521','447','1','1984-10-05 10:35:22','1970-10-10 15:06:02'),
('121','318','248','3','1972-09-20 22:24:49','1973-05-14 14:22:52'),
('122','307','88','9','1997-04-13 22:40:37','1998-10-20 10:29:03'),
('123','240','254','7','1990-03-19 12:15:17','1973-03-08 02:30:50'),
('124','571','8','4','1991-01-01 00:40:10','1998-10-10 08:56:02'),
('125','222','419','0','2020-01-27 20:13:24','1972-01-29 02:33:36'),
('126','91','272','5','1991-04-10 14:08:11','1985-05-11 21:59:39'),
('127','675','449','9','2006-05-05 11:55:25','1995-10-17 08:18:41'),
('128','244','298','4','1980-03-25 03:09:45','2016-03-14 10:08:58'),
('129','549','213','8','1974-04-29 01:07:26','2019-10-25 14:40:58'),
('130','610','110','9','1993-03-31 16:44:50','2011-11-28 18:31:19'),
('131','653','444','9','1992-04-16 02:02:30','2004-09-03 00:35:46'),
('132','22','6','4','1993-09-03 04:29:01','2002-04-23 01:18:46'),
('133','544','478','8','1987-08-15 02:12:32','2018-02-03 15:46:19'),
('134','392','88','9','1979-03-29 06:42:34','2016-04-29 13:28:15'),
('135','671','152','0','1971-05-07 09:43:45','1987-06-06 06:41:31'),
('136','48','206','9','1977-08-17 11:40:21','2009-10-15 08:05:19'),
('137','559','253','8','1983-09-03 23:36:15','1975-05-23 12:22:08'),
('138','411','71','0','1994-02-20 12:57:50','2017-03-25 19:59:09'),
('139','9','201','6','2012-07-02 00:52:00','2008-04-29 22:27:42'),
('140','109','164','4','1994-07-12 17:21:14','1982-11-17 23:08:40'),
('141','168','143','8','2011-08-09 04:37:54','2007-06-01 07:35:55'),
('142','611','102','9','2011-10-30 17:05:03','1995-09-15 06:09:21'),
('143','127','110','8','1981-07-24 13:24:27','1977-01-25 22:26:56'),
('144','559','483','2','1980-12-27 17:43:37','2000-12-07 20:52:14'),
('145','452','335','9','1980-06-30 19:38:18','2007-11-09 21:23:41'),
('146','129','289','2','1977-10-31 13:50:43','2003-04-17 18:17:44'),
('147','389','107','9','1994-04-15 13:41:43','1975-01-22 21:56:02'),
('148','413','166','3','1985-09-01 09:03:19','1983-01-21 21:08:46'),
('149','119','74','8','1981-08-17 14:20:25','2004-11-17 13:51:18'),
('150','355','64','3','1973-07-28 18:05:11','1986-05-22 10:17:07'),
('151','316','288','0','1972-04-04 23:35:20','1976-09-05 01:15:52'),
('152','377','124','7','2018-04-01 11:56:20','1993-04-11 06:31:23'),
('153','56','62','4','2006-04-03 06:07:57','2005-03-13 22:02:15'),
('154','272','46','1','1993-06-12 07:32:20','1979-09-16 19:28:26'),
('155','368','272','6','1979-10-11 15:46:15','2010-04-12 22:08:22'),
('156','294','383','5','1978-08-10 05:37:15','1986-10-05 05:46:14'),
('157','580','146','9','2009-12-25 09:29:56','1974-05-17 09:12:05'),
('158','678','5','1','2012-09-01 08:56:17','2001-02-04 09:36:50'),
('159','357','383','6','1988-02-13 08:23:01','1990-04-26 07:06:53'),
('160','682','78','3','2000-08-30 17:15:24','2018-06-23 00:41:29'),
('161','304','79','4','2012-03-27 18:36:10','1991-12-28 16:15:43'),
('162','512','495','0','1985-08-04 08:47:29','2016-06-24 04:54:57'),
('163','260','161','1','1971-12-18 18:27:47','1971-02-22 16:15:32'),
('164','224','270','3','1992-12-21 14:32:31','1983-08-22 01:35:05'),
('165','328','413','2','1985-03-07 03:33:33','1978-05-31 00:21:43'),
('166','467','460','8','1994-10-28 12:31:23','2011-09-21 13:52:34'),
('167','280','102','7','1988-11-20 06:13:04','2009-04-24 10:19:59'),
('168','117','240','0','1981-09-30 03:11:40','1977-03-12 07:48:07'),
('169','230','278','4','1977-05-06 17:32:46','2017-09-28 17:29:28'),
('170','400','427','5','1998-11-16 09:31:03','1972-11-22 05:38:22'),
('171','69','496','3','2001-12-04 14:10:50','2018-04-01 00:46:04'),
('172','432','463','8','2019-07-19 22:35:02','1971-09-30 05:03:33'),
('173','198','293','7','2016-01-01 04:16:22','2015-04-23 14:00:47'),
('174','654','396','3','2007-02-19 19:44:24','2005-08-24 01:33:58'),
('175','245','454','2','1982-09-10 22:12:43','1995-09-27 03:46:02'),
('176','663','392','6','1991-03-22 08:49:25','1991-04-13 13:32:57'),
('177','45','339','5','2017-11-23 13:05:44','2004-01-16 02:12:33'),
('178','540','218','6','1986-08-16 02:23:36','2009-07-14 08:01:18'),
('179','699','46','3','1972-12-04 19:22:49','2017-11-02 08:29:10'),
('180','682','234','5','1997-06-18 23:52:15','1988-09-04 22:01:19'),
('181','642','320','9','1990-03-02 00:31:43','1979-08-15 03:14:01'),
('182','270','158','6','1989-02-09 09:00:18','1990-11-27 20:01:21'),
('183','591','276','5','1986-04-02 07:57:40','1988-01-05 19:40:05'),
('184','557','86','2','1998-11-26 13:38:02','1974-03-20 11:48:54'),
('185','74','184','0','2014-11-04 07:25:44','2016-02-21 08:54:55'),
('186','17','102','0','1986-07-02 07:31:48','1988-10-26 16:15:32'),
('187','251','321','7','1986-03-22 23:26:34','1987-02-27 19:16:18'),
('188','90','320','4','1976-05-21 13:43:59','1990-11-14 13:12:03'),
('189','158','32','4','1995-07-20 16:22:59','1978-09-16 23:24:38'),
('190','302','288','8','2017-10-02 11:22:37','2009-03-14 23:43:53'),
('191','679','189','5','1997-10-03 07:05:28','1970-11-14 10:55:35'),
('192','250','17','1','2007-02-19 14:24:21','2019-08-20 03:17:22'),
('193','39','65','7','2002-03-18 21:00:05','2008-10-11 16:55:02'),
('194','328','27','3','1981-06-09 13:50:44','1982-04-19 11:30:55'),
('195','154','222','1','1977-02-15 08:19:55','2002-08-22 03:57:02'),
('196','364','68','2','1982-09-14 00:03:25','2014-05-08 22:16:00'),
('197','58','452','0','1985-06-12 22:47:06','2006-05-03 10:32:49'),
('198','317','463','9','2003-04-29 19:10:20','1994-03-11 14:40:09'),
('199','319','124','0','1973-12-27 11:28:48','2018-02-01 01:17:06'),
('200','67','281','4','1986-09-03 07:20:46','1972-02-14 21:34:56'),
('201','430','59','6','1977-07-12 05:45:48','1978-11-12 02:36:19'),
('202','534','486','4','1984-01-29 13:54:59','1971-10-18 07:54:49'),
('203','531','446','9','2002-06-14 01:24:21','2015-09-15 11:11:14'),
('204','428','492','0','2003-03-04 14:48:13','1972-06-17 18:07:03'),
('205','668','22','0','1973-01-13 08:20:11','1998-05-11 20:48:21'),
('206','390','462','8','1983-07-09 19:17:15','1999-05-30 06:23:53'),
('207','295','457','0','2012-09-09 13:01:17','1988-01-03 22:45:04'),
('208','670','238','1','1974-07-16 06:57:13','1972-10-16 17:52:29'),
('209','30','213','1','2008-12-30 19:39:28','1978-08-14 13:57:58'),
('210','370','131','0','1983-02-07 18:17:36','2013-07-12 23:34:17'),
('211','608','24','6','2011-07-31 10:37:25','2012-10-15 08:58:21'),
('212','279','475','8','1988-03-20 00:57:03','1975-09-29 20:35:57'),
('213','666','425','7','1971-03-08 08:21:06','2005-08-26 11:44:28'),
('214','612','203','6','1970-11-01 15:22:14','1973-06-07 11:06:46'),
('215','68','485','8','1992-12-13 21:22:45','2019-08-04 21:32:53'),
('216','677','355','0','2013-02-24 08:36:46','2002-01-27 13:26:54'),
('217','61','365','5','1977-06-05 21:02:20','1996-03-08 20:35:19'),
('218','478','422','3','2000-05-24 11:42:17','1998-02-22 01:58:52'),
('219','434','147','2','2009-05-26 06:39:35','1978-06-25 19:46:42'),
('220','579','287','0','1984-04-14 07:39:26','1981-03-27 18:02:53'),
('221','236','192','6','1980-04-02 22:10:21','2000-09-17 15:14:14'),
('222','347','379','4','2017-03-26 23:57:38','1971-01-08 21:22:53'),
('223','208','227','1','1986-11-18 08:43:54','1991-07-06 01:49:42'),
('224','162','170','6','1975-01-06 13:20:01','1987-12-01 23:13:13'),
('225','615','380','7','1994-06-01 20:32:00','2002-09-05 10:16:16'),
('226','421','373','3','1976-05-27 01:42:12','2014-04-12 14:21:52'),
('227','565','500','4','2007-12-11 16:47:10','2004-04-24 04:21:32'),
('228','486','379','2','1974-12-02 15:10:46','1970-07-09 16:33:47'),
('229','593','284','3','1981-06-19 00:51:30','1978-07-12 20:21:35'),
('230','115','472','1','1986-03-12 19:28:46','2012-01-01 01:22:02'),
('231','375','65','7','1970-12-11 06:24:36','1994-03-16 03:13:33'),
('232','457','311','7','2003-10-26 22:25:41','1978-09-28 08:32:21'),
('233','602','168','1','1987-07-26 19:30:17','1982-09-20 17:55:28'),
('234','326','240','7','1982-05-09 17:17:35','2018-04-15 18:06:56'),
('235','440','146','9','1975-09-15 21:24:49','1996-07-28 17:52:41'),
('236','37','482','7','1971-11-09 06:08:48','1979-09-27 21:41:24'),
('237','473','274','0','2017-11-24 08:45:37','2013-05-14 05:08:59'),
('238','504','486','2','1974-12-15 15:09:34','1990-03-05 06:22:27'),
('239','700','476','8','2018-02-04 12:35:13','1981-08-15 02:55:15'),
('240','218','439','0','1980-04-17 06:14:14','2019-04-15 01:14:07'),
('241','498','457','0','1980-11-29 23:48:15','1996-05-28 21:13:33'),
('242','436','259','6','1996-03-16 10:16:47','2002-08-15 12:54:11'),
('243','638','158','4','2009-03-30 08:42:08','1970-08-28 22:22:08'),
('244','193','379','4','1990-09-20 13:55:35','1991-07-19 19:22:32'),
('245','619','219','4','2000-02-06 01:18:32','1989-04-20 06:55:42'),
('246','490','210','8','1985-08-17 19:43:19','2000-12-27 04:40:39'),
('247','398','177','5','2008-06-02 20:41:01','2015-06-22 16:06:30'),
('248','28','214','3','1980-03-03 05:07:18','1992-11-20 22:52:03'),
('249','481','253','3','1997-04-24 01:55:33','2017-10-08 18:34:25'),
('250','634','158','4','1997-09-14 21:06:09','2010-02-08 21:29:55'),
('251','558','479','5','2005-06-17 00:31:51','1982-05-06 03:45:00'),
('252','195','236','3','2018-08-03 07:55:23','2017-09-11 21:16:09'),
('253','353','499','8','2017-11-18 06:07:06','1982-04-01 03:38:20'),
('254','311','252','8','1992-05-18 18:43:57','2004-02-09 21:41:39'),
('255','664','378','1','2010-06-16 14:44:42','1988-01-31 23:57:28'),
('256','267','329','9','1985-05-23 12:32:13','1992-04-28 04:55:51'),
('257','467','2','7','1972-09-15 11:35:58','1978-05-02 06:36:44'),
('258','122','289','8','1989-02-28 23:36:42','1988-12-06 17:42:51'),
('259','224','225','4','2016-06-07 00:05:04','2010-04-10 03:22:07'),
('260','234','101','4','1982-09-27 12:26:38','1998-11-01 21:29:07'),
('261','621','17','2','1985-12-18 08:10:32','2009-11-15 04:59:15'),
('262','435','228','3','1998-08-28 22:03:28','1999-11-21 13:49:01'),
('263','271','330','2','1994-11-11 23:09:30','2012-12-02 08:13:28'),
('264','617','37','5','1985-09-20 09:49:39','1982-03-29 07:57:17'),
('265','116','393','4','2011-01-02 03:30:37','1996-04-08 11:45:30'),
('266','272','481','7','2004-03-14 13:04:29','1976-01-05 21:24:47'),
('267','520','333','0','1989-05-05 16:01:55','2000-05-13 02:01:44'),
('268','304','123','3','2018-03-07 06:56:00','2008-01-31 09:49:17'),
('269','463','439','7','1978-03-06 21:07:46','2013-02-27 09:20:08'),
('270','525','305','2','2012-07-31 00:37:20','1979-07-22 01:06:15'),
('271','442','65','8','1983-10-17 02:29:33','2005-08-27 10:07:03'),
('272','187','150','2','1974-02-18 02:16:15','2014-02-18 22:56:32'),
('273','93','221','6','1983-03-28 02:26:34','1975-03-21 08:46:31'),
('274','613','226','8','1972-01-10 17:37:04','2005-10-12 21:19:57'),
('275','623','105','8','2014-10-14 11:36:21','1993-02-19 22:58:25'),
('276','457','388','8','1976-11-18 16:24:44','1998-04-27 05:10:35'),
('277','171','137','0','1982-03-31 19:51:16','2018-03-10 11:11:51'),
('278','161','315','2','1993-10-22 12:02:59','1973-07-31 06:43:13'),
('279','653','55','6','2010-06-30 23:51:24','2006-12-12 05:08:20'),
('280','493','49','7','1987-09-01 10:43:52','1993-03-03 11:11:51'),
('281','627','46','7','1977-09-11 01:33:14','1998-04-24 05:16:20'),
('282','42','319','8','2001-10-18 13:44:49','2016-12-22 08:18:08'),
('283','529','247','5','2004-12-18 06:29:08','1985-06-18 11:14:33'),
('284','619','209','8','1976-04-16 06:06:14','1980-08-06 03:14:41'),
('285','259','317','7','1994-10-10 07:04:50','1972-04-25 10:23:44'),
('286','18','1','1','1999-04-27 00:46:35','1974-05-10 14:04:54'),
('287','534','146','1','2000-02-19 20:57:48','1999-11-16 12:16:51'),
('288','209','448','3','1999-12-04 04:59:54','1997-07-22 16:51:42'),
('289','512','88','5','2000-02-22 11:07:40','1987-02-23 09:39:57'),
('290','243','311','8','2000-06-06 02:05:55','2010-10-15 22:36:54'),
('291','269','500','4','2006-11-05 02:39:12','2014-12-10 22:51:30'),
('292','277','314','4','1970-06-28 17:03:00','2009-06-25 00:48:34'),
('293','191','313','6','1975-12-28 15:13:35','2002-01-28 08:21:47'),
('294','181','103','6','2016-06-17 10:37:08','1984-04-22 17:57:20'),
('295','514','481','8','2013-04-06 08:45:06','1980-06-19 03:51:59'),
('296','212','315','4','2009-11-21 10:12:20','2007-10-07 06:24:47'),
('297','36','181','0','1975-04-22 22:49:23','1997-10-08 04:23:29'),
('298','187','403','6','2012-10-29 05:25:37','1996-08-19 12:23:23'),
('299','598','76','7','1980-04-01 03:24:40','2012-11-24 10:44:19'),
('300','155','112','8','1986-08-27 10:02:53','1991-08-11 06:51:32'),
('301','549','124','8','1993-10-02 12:27:08','1980-04-19 08:32:04'),
('302','156','273','7','1997-06-30 06:21:27','1989-11-12 01:25:35'),
('303','377','261','2','2002-05-02 01:19:14','1987-05-19 18:36:29'),
('304','309','135','3','1980-01-06 05:44:44','2016-12-11 20:13:24'),
('305','487','394','4','2003-08-15 13:18:12','1981-08-28 21:04:09'),
('306','623','40','1','1975-03-01 02:09:25','2014-12-31 06:18:21'),
('307','551','142','3','1989-10-12 22:12:26','1975-04-20 07:01:17'),
('308','495','29','1','1991-02-26 01:20:39','1982-11-28 05:31:55'),
('309','636','482','6','1991-03-05 18:10:34','1993-06-23 00:47:39'),
('310','184','321','2','1982-01-15 19:50:53','2004-06-21 14:50:11'),
('311','647','283','0','2001-11-16 00:56:39','1987-02-14 02:03:42'),
('312','190','488','8','1970-04-10 17:17:31','2006-11-27 03:25:39'),
('313','649','270','1','1994-12-18 19:27:14','1999-04-26 21:18:43'),
('314','546','391','8','2010-07-06 06:58:19','2019-09-23 18:40:34'),
('315','483','1','0','1990-03-14 00:22:50','2012-11-10 13:38:55'),
('316','2','236','2','1988-07-31 07:24:48','1993-09-10 06:55:24'),
('317','173','113','1','1992-10-26 14:54:55','1983-05-12 15:00:25'),
('318','13','393','3','2001-04-19 09:18:18','1995-11-24 17:26:04'),
('319','523','230','7','1990-12-05 00:30:25','2006-08-17 03:13:37'),
('320','38','221','8','1974-05-05 01:13:10','1970-10-27 12:15:41'),
('321','173','471','1','1982-08-30 18:57:44','2017-11-12 03:19:15'),
('322','365','17','2','1974-10-20 10:07:06','2006-01-30 03:43:12'),
('323','158','114','3','1982-08-30 18:21:12','1978-03-29 11:27:37'),
('324','64','67','4','1975-04-15 06:20:16','1973-10-13 09:45:56'),
('325','134','177','6','1970-08-13 14:46:56','1994-12-04 20:10:08'),
('326','543','58','0','1994-08-08 15:57:00','1989-09-06 16:26:07'),
('327','643','24','9','2008-01-03 16:41:53','2016-09-25 22:58:29'),
('328','63','422','0','1997-03-29 09:17:51','2002-06-07 05:36:44'),
('329','410','435','4','1989-09-27 11:19:31','1987-07-31 15:16:41'),
('330','437','137','5','1984-02-05 05:46:59','2009-08-18 03:28:19'),
('331','609','314','3','1973-05-12 19:32:10','2003-11-24 01:55:26'),
('332','522','59','7','1995-12-19 17:57:39','2008-12-18 05:55:00'),
('333','597','382','2','1977-06-09 09:13:44','2007-01-04 02:30:21'),
('334','631','299','1','1973-09-05 07:55:51','1971-11-26 03:45:03'),
('335','156','477','1','1992-03-04 14:36:45','1996-02-21 04:44:10'),
('336','28','235','4','1984-12-22 00:36:53','1972-08-26 19:53:08'),
('337','627','280','5','2005-06-05 05:57:55','1972-05-09 18:30:48'),
('338','351','61','4','1988-05-06 21:46:57','2006-02-28 03:45:43'),
('339','551','296','7','2009-10-21 18:34:16','1988-03-08 22:32:42'),
('340','178','489','7','1974-09-30 15:36:19','2013-09-26 21:44:38'),
('341','660','15','5','1976-01-07 23:32:32','1991-07-17 14:32:36'),
('342','64','431','8','2014-12-18 07:47:44','2010-04-20 19:18:34'),
('343','53','90','2','1987-01-24 00:39:51','2008-12-05 00:01:45'),
('344','493','330','4','1975-11-26 08:15:47','1979-08-19 11:28:22'),
('345','34','165','6','1973-03-08 17:13:53','1985-01-06 14:47:24'),
('346','653','459','7','2003-03-11 13:53:36','2000-11-29 12:36:14'),
('347','669','339','6','2008-04-20 14:14:04','1982-04-20 07:34:52'),
('348','24','404','1','2002-02-18 05:58:33','1985-07-23 10:06:56'),
('349','309','468','3','2011-07-04 11:09:17','2001-02-27 03:51:44'),
('350','283','332','8','1973-03-06 05:15:36','2003-09-06 22:10:03'),
('351','623','222','6','1993-11-21 12:02:38','2008-01-03 02:29:53'),
('352','92','393','3','2012-12-19 20:09:50','2015-04-29 06:28:52'),
('353','2','316','6','1978-01-27 20:30:29','1984-12-24 10:19:53'),
('354','634','395','6','1970-11-03 21:23:17','1991-10-05 16:12:39'),
('355','155','80','6','2018-10-06 04:05:39','1971-06-23 20:23:52'),
('356','536','83','4','2015-08-05 09:28:59','1996-07-05 22:01:08'),
('357','132','429','0','1987-07-06 16:04:04','2005-07-17 14:41:20'),
('358','18','132','9','1970-10-04 12:33:32','1979-09-10 17:54:27'),
('359','26','365','1','2002-03-26 23:39:23','2007-11-19 08:32:29'),
('360','646','42','1','1973-09-29 01:38:44','2016-01-26 16:24:20'),
('361','40','428','5','2001-05-18 13:01:44','2001-03-25 22:39:38'),
('362','2','6','3','2019-06-13 05:59:19','1983-12-17 06:10:10'),
('363','374','18','1','1970-10-19 23:25:19','2016-06-10 12:59:35'),
('364','573','488','3','2016-07-30 15:21:52','2002-11-28 14:31:54'),
('365','680','111','8','1983-02-03 10:46:21','1989-01-28 19:38:55'),
('366','446','430','4','1976-01-08 06:54:14','1999-02-11 14:37:56'),
('367','466','384','1','1971-09-06 17:07:47','2007-02-03 12:46:48'),
('368','451','335','6','1988-03-13 02:57:35','1991-08-24 09:27:13'),
('369','280','275','3','2001-08-14 03:53:12','2011-03-28 23:26:06'),
('370','320','311','9','1990-11-08 19:14:22','1984-07-26 15:14:15'),
('371','495','112','5','1975-12-17 21:18:20','1973-10-14 08:44:04'),
('372','550','448','8','1993-05-19 05:48:21','1998-11-22 20:58:52'),
('373','55','405','7','1972-10-18 20:32:44','2019-02-09 06:43:16'),
('374','110','58','7','1972-10-12 06:12:59','1997-06-12 20:13:42'),
('375','377','40','8','2012-03-31 03:49:40','2007-10-11 23:41:30'),
('376','139','298','1','2014-11-12 08:06:59','2012-04-30 06:53:46'),
('377','655','100','4','1991-08-29 08:53:43','2019-11-28 06:06:19'),
('378','425','235','2','1972-05-25 10:25:24','1985-12-31 06:57:04'),
('379','165','212','8','1970-10-21 03:02:18','2016-11-28 19:45:29'),
('380','310','103','7','1996-11-01 04:31:44','1992-08-06 14:32:04'),
('381','452','40','3','2005-07-21 17:52:59','2001-02-09 10:46:34'),
('382','46','156','7','1982-09-15 01:27:20','1992-05-13 01:21:38'),
('383','594','355','5','2010-09-24 15:23:33','1985-10-14 15:25:08'),
('384','686','124','6','1978-04-13 13:59:03','1994-09-16 00:19:20'),
('385','181','219','7','1995-09-22 05:03:12','2010-01-24 13:11:30'),
('386','608','483','9','1972-09-06 20:31:04','1994-05-06 13:42:04'),
('387','461','327','0','1974-02-07 05:41:52','2014-08-31 04:40:20'),
('388','601','369','2','2011-05-05 07:42:48','2002-06-19 00:52:24'),
('389','323','8','3','1985-09-17 12:39:12','1994-08-06 18:22:43'),
('390','596','500','5','2007-10-12 14:02:18','1990-11-01 14:09:12'),
('391','67','25','4','2016-10-03 11:19:11','2004-07-22 22:17:14'),
('392','416','16','7','1972-01-13 18:32:12','1979-08-28 05:09:10'),
('393','174','100','9','2009-12-29 02:17:44','2018-04-06 13:00:24'),
('394','350','242','1','2009-05-08 13:57:22','1999-07-16 03:55:10'),
('395','437','471','2','1992-04-15 05:06:56','1996-06-10 13:54:51'),
('396','483','135','2','1985-06-23 06:31:34','1982-08-26 13:26:53'),
('397','15','378','6','1972-02-24 20:41:29','2010-05-25 15:12:07'),
('398','406','435','4','1986-12-09 04:18:23','2014-06-05 20:15:56'),
('399','325','280','1','1974-12-13 06:08:06','1995-01-13 03:21:27'),
('400','82','361','1','1970-06-17 05:49:55','2012-04-28 13:28:10'),
('401','697','492','9','2016-11-14 13:54:28','1975-03-16 07:02:20'),
('402','480','327','4','1986-07-17 13:36:23','1983-01-11 02:13:04'),
('403','445','273','2','1975-05-05 16:34:26','2009-12-07 23:53:25'),
('404','273','49','2','1983-10-09 18:58:03','1975-04-22 12:58:34'),
('405','392','121','5','2013-06-16 14:11:05','1996-09-19 09:02:03'),
('406','67','328','0','1995-08-25 15:59:20','1970-04-03 02:29:13'),
('407','203','345','7','2013-04-30 00:32:08','2019-12-09 02:12:37'),
('408','480','270','5','1979-01-27 17:07:47','1993-06-29 21:11:36'),
('409','622','92','3','2017-05-17 04:32:27','1981-03-28 14:12:00'),
('410','16','256','7','1986-06-11 18:03:32','1989-01-12 23:57:18'),
('411','88','356','4','2007-09-16 02:19:33','1981-10-23 06:56:14'),
('412','546','74','3','1981-06-22 21:04:06','2011-06-06 11:29:35'),
('413','327','180','1','1983-03-26 05:14:56','2000-09-17 09:14:54'),
('414','12','466','8','2010-11-15 15:47:56','2011-09-18 23:23:58'),
('415','642','66','3','1994-01-11 12:37:10','1995-01-08 09:24:19'),
('416','457','456','9','1981-12-20 00:20:55','1971-12-06 23:21:09'),
('417','81','169','2','1978-04-27 11:10:46','2019-11-06 19:11:13'),
('418','395','375','8','2002-06-01 08:22:54','2013-06-17 20:46:56'),
('419','618','477','8','2004-09-16 13:50:21','1982-07-28 14:47:24'),
('420','593','221','1','1970-02-02 19:36:20','2011-10-08 11:34:08'),
('421','136','471','8','2001-04-20 23:53:30','1979-06-19 23:36:22'),
('422','68','242','6','2013-05-24 18:50:11','2019-01-21 07:41:43'),
('423','441','391','2','1975-07-01 13:23:37','2010-06-25 19:55:08'),
('424','16','259','4','1996-02-20 07:41:31','1990-06-18 03:21:02'),
('425','676','22','3','1994-02-28 14:23:17','2018-04-15 22:24:06'),
('426','20','46','0','1997-12-07 00:49:21','1980-06-11 12:02:14'),
('427','529','404','4','2012-08-23 15:11:58','2001-01-15 20:30:02'),
('428','167','111','1','2002-02-07 16:54:49','1986-10-14 21:04:01'),
('429','116','127','6','1980-01-16 11:15:13','2004-10-13 10:14:24'),
('430','107','42','6','1988-04-29 17:21:44','2019-03-09 19:42:56'),
('431','270','403','7','2019-11-25 02:51:00','2018-10-08 15:15:01'),
('432','696','250','0','1999-01-06 18:22:34','1992-01-22 21:04:31'),
('433','100','280','3','2000-04-20 18:03:42','2002-06-22 18:40:02'),
('434','175','13','0','1995-09-08 00:22:40','1997-07-19 04:56:44'),
('435','359','49','1','2015-08-18 23:03:35','2006-05-25 21:13:14'),
('436','327','354','2','1978-09-07 05:29:27','2009-07-26 00:26:08'),
('437','27','282','7','1986-11-27 23:26:38','2006-12-29 05:23:11'),
('438','133','334','5','1986-03-11 22:03:40','2019-07-19 00:21:37'),
('439','241','106','0','1980-06-28 18:37:02','1988-08-16 19:16:06'),
('440','130','155','7','2016-03-27 01:50:32','2000-11-08 02:59:54'),
('441','179','107','3','1990-02-11 04:37:46','1989-06-24 19:11:08'),
('442','281','6','3','1995-02-23 02:34:32','2002-01-14 03:32:31'),
('443','15','319','3','2018-05-29 17:38:51','2001-03-18 11:28:19'),
('444','163','94','0','1993-05-18 14:42:09','1986-11-22 00:50:09'),
('445','624','193','2','2005-02-28 15:17:43','2001-03-04 05:27:53'),
('446','189','139','4','1977-12-10 10:36:25','1977-06-02 18:01:34'),
('447','133','132','9','2000-07-09 10:46:06','1977-07-28 09:27:48'),
('448','544','166','8','1999-12-22 18:44:25','2007-03-10 04:31:37'),
('449','575','14','8','2014-05-05 22:29:56','1984-05-07 01:01:45'),
('450','249','167','4','1974-12-27 17:41:36','2005-10-16 03:46:03'),
('451','86','411','3','2014-10-06 18:25:14','1991-10-01 12:50:58'),
('452','27','81','9','1984-04-19 09:30:13','1978-05-11 15:31:54'),
('453','269','115','3','2013-12-23 12:08:35','1991-04-06 19:23:27'),
('454','580','364','7','2004-02-02 21:16:37','1978-03-14 12:51:08'),
('455','309','7','8','2010-01-29 10:52:35','1997-10-22 04:17:53'),
('456','27','348','3','1971-07-10 11:33:08','1992-01-09 12:44:39'),
('457','159','219','8','1997-01-16 05:58:44','2002-06-25 03:32:28'),
('458','495','124','5','1984-11-14 17:55:37','2015-03-23 17:16:19'),
('459','53','470','8','1971-10-29 22:40:45','1975-05-20 08:23:57'),
('460','303','484','0','2004-08-01 11:06:56','1999-03-06 11:45:41'),
('461','226','351','6','2001-10-27 12:42:56','2012-04-08 02:10:33'),
('462','171','256','3','1988-09-11 11:34:40','1996-02-26 02:43:13'),
('463','675','10','3','2001-02-05 13:41:37','2006-12-19 05:52:10'),
('464','590','393','9','2003-01-13 20:32:51','1979-05-06 00:45:52'),
('465','33','100','9','1975-01-10 13:58:19','2019-05-22 07:23:30'),
('466','82','85','1','2014-02-13 22:57:54','1981-10-19 12:13:39'),
('467','15','78','9','2002-01-01 19:25:17','1971-03-04 17:58:07'),
('468','230','203','2','1971-05-09 20:28:18','2018-01-19 00:38:34'),
('469','269','78','0','1998-04-28 06:28:36','1979-07-08 03:29:25'),
('470','93','412','7','2008-11-27 23:32:12','1999-04-23 08:47:39'),
('471','119','85','5','1993-10-11 03:27:21','2012-12-11 22:19:58'),
('472','363','198','6','1994-09-24 18:22:50','1975-09-16 16:57:39'),
('473','425','113','8','2011-08-26 05:06:36','2017-09-17 20:23:26'),
('474','449','341','4','1987-06-23 15:50:44','2014-09-13 02:21:27'),
('475','114','37','8','1995-12-26 05:03:22','1994-02-13 14:56:30'),
('476','455','243','0','2014-01-19 14:38:00','2001-05-26 19:28:47'),
('477','543','446','9','2007-07-08 22:13:47','1999-08-30 18:19:03'),
('478','698','370','0','1995-11-05 02:22:04','1974-06-26 15:25:55'),
('479','639','420','4','1994-03-06 19:39:07','1972-03-20 00:34:56'),
('480','366','479','3','2013-12-16 14:58:19','1997-06-04 15:10:18'),
('481','27','320','4','1978-03-01 02:22:15','2017-02-26 20:10:25'),
('482','88','29','2','1992-12-09 07:20:52','2013-03-18 12:22:16'),
('483','556','227','8','1974-08-03 08:24:21','1992-09-28 22:02:50'),
('484','324','89','5','1989-03-04 06:16:43','1999-09-16 01:17:39'),
('485','427','297','1','1987-07-05 22:59:34','1995-02-08 16:20:25'),
('486','700','390','3','1982-11-04 06:56:12','1973-01-07 02:31:31'),
('487','534','260','3','1981-12-03 10:40:17','2009-12-02 17:42:36'),
('488','122','185','2','1997-05-31 09:21:44','1987-03-23 21:34:04'),
('489','520','408','9','2007-04-22 18:21:35','2006-09-28 17:19:54'),
('490','37','453','9','2014-06-04 01:03:32','1975-06-06 18:24:05'),
('491','622','351','2','2005-12-18 00:49:17','2016-03-02 03:03:54'),
('492','274','332','2','1971-04-09 13:05:09','2019-03-08 06:48:44'),
('493','415','194','4','1993-04-11 04:37:54','1991-04-30 05:36:47'),
('494','281','252','1','1973-11-06 02:04:45','1984-03-31 06:20:29'),
('495','159','462','3','2014-09-16 01:39:17','2002-03-23 06:03:39'),
('496','323','132','2','1979-01-22 03:17:27','1990-09-21 14:00:04'),
('497','395','294','5','2005-05-21 21:52:43','1998-06-16 08:27:17'),
('498','225','179','4','1998-03-25 06:35:45','1970-12-26 16:46:25'),
('499','28','392','2','2017-08-05 12:19:21','1985-03-16 11:27:55'),
('500','374','325','4','2011-12-19 22:10:00','1981-07-02 20:20:05'),
('501','264','267','9','1994-01-18 07:28:12','1993-02-28 06:27:58'),
('502','300','70','5','2017-04-10 21:39:44','1995-07-29 14:40:04'),
('503','36','301','9','1986-09-27 23:16:10','2019-02-13 03:09:58'),
('504','356','398','7','1971-09-26 23:42:58','1982-10-05 19:14:42'),
('505','291','280','1','1997-11-15 03:30:23','1994-02-26 08:14:13'),
('506','490','152','5','1984-09-19 06:16:34','1996-08-22 00:12:38'),
('507','182','45','8','2003-11-16 00:45:40','2015-11-30 10:37:49'),
('508','677','426','6','1983-07-10 23:59:53','2000-11-12 13:05:03'),
('509','334','184','2','1994-02-08 17:00:50','2002-09-14 08:49:46'),
('510','249','352','0','1984-03-05 10:04:00','2016-10-26 22:05:28'),
('511','205','408','9','1974-11-22 00:55:10','1990-03-22 10:32:46'),
('512','676','428','9','1983-08-29 22:16:13','1977-06-28 14:37:07'),
('513','282','144','9','2006-10-09 11:18:45','1992-04-01 21:21:19'),
('514','148','221','7','1980-06-18 14:17:12','1983-10-02 05:11:17'),
('515','48','373','0','2005-10-26 03:19:28','1990-09-04 22:35:17'),
('516','64','223','7','2016-11-10 17:26:40','2002-09-20 18:35:06'),
('517','195','260','8','1991-04-12 10:38:20','1992-10-11 20:28:42'),
('518','408','165','2','1971-05-05 05:48:35','2008-11-16 13:17:31'),
('519','84','46','0','2015-03-15 06:34:39','1990-09-30 17:22:11'),
('520','87','268','8','1984-07-29 18:44:17','2015-12-19 11:57:44'),
('521','456','412','2','1981-08-15 10:21:17','1983-07-30 10:21:27'),
('522','587','456','6','2011-05-24 02:17:54','2014-06-25 16:24:19'),
('523','639','403','1','1994-05-20 01:28:19','2006-10-26 00:26:22'),
('524','534','195','3','1981-11-08 00:10:52','1988-03-10 10:35:35'),
('525','121','59','5','1991-10-14 12:26:16','1972-10-27 09:05:29'),
('526','64','232','8','2001-04-19 08:45:23','2014-05-04 06:40:24'),
('527','654','29','8','1996-04-26 20:33:59','2002-02-01 15:49:18'),
('528','223','168','6','1988-08-11 22:06:35','1980-09-05 19:31:22'),
('529','240','265','5','1977-04-22 15:23:39','1974-12-28 11:47:34'),
('530','545','206','0','1992-06-29 06:28:55','2002-09-26 09:44:56'),
('531','192','435','1','1971-02-02 08:22:51','1999-10-18 17:48:58'),
('532','599','276','6','1999-10-31 03:00:07','1993-02-20 00:07:54'),
('533','272','219','8','2014-11-23 16:47:56','1970-02-18 17:10:07'),
('534','617','254','6','1973-05-06 22:29:31','1989-11-02 10:36:55'),
('535','370','2','9','1988-07-05 10:09:09','1977-11-05 20:02:56'),
('536','30','90','7','1973-08-10 07:33:42','2011-04-28 13:12:11'),
('537','579','441','5','2014-01-22 16:05:28','2008-07-10 04:31:09'),
('538','63','370','7','2000-01-13 18:52:33','1970-07-15 18:40:28'),
('539','480','426','7','1990-07-27 00:49:43','1975-01-02 19:04:59'),
('540','89','429','7','1998-01-24 23:30:52','2019-07-01 09:43:39'),
('541','678','109','9','2017-03-10 16:54:23','2014-01-14 04:29:43'),
('542','225','451','5','2019-12-28 23:36:41','1975-01-04 19:41:51'),
('543','192','320','9','1979-04-30 00:58:04','1973-10-04 11:40:39'),
('544','166','309','2','1986-11-23 23:10:07','1991-06-22 16:21:15'),
('545','119','7','2','2014-10-01 09:39:19','1994-09-11 00:17:30'),
('546','20','222','3','1996-07-12 04:28:08','1976-06-05 07:33:01'),
('547','618','442','2','2005-05-06 04:05:41','2000-04-25 16:26:23'),
('548','697','135','9','2016-01-29 18:47:47','1975-10-22 15:36:46'),
('549','225','438','1','2000-05-02 14:07:41','1998-08-19 06:03:04'),
('550','545','425','4','1985-11-14 05:44:44','1980-06-11 04:45:07'),
('551','615','410','6','2015-04-04 05:11:49','2012-07-03 13:27:44'),
('552','20','353','8','1972-12-10 04:13:14','2003-08-13 23:44:01'),
('553','491','59','2','2015-01-24 08:29:51','2016-09-11 10:01:38'),
('554','310','193','7','1970-04-04 04:24:11','2018-07-30 05:00:54'),
('555','678','285','5','2007-09-09 15:42:40','2013-01-09 09:30:44'),
('556','170','469','8','1982-08-11 02:31:23','1980-02-16 00:45:36'),
('557','551','282','2','1987-11-02 09:20:39','2010-06-13 21:09:50'),
('558','587','31','5','2019-06-07 04:08:13','1994-03-11 05:50:40'),
('559','142','38','0','2002-09-14 13:12:28','1992-10-16 03:57:09'),
('560','475','186','3','2011-05-22 10:31:48','2008-03-07 00:18:03'),
('561','62','354','5','1981-07-24 16:47:13','2005-11-09 06:09:19'),
('562','570','486','9','1973-01-19 11:26:54','2017-06-28 21:39:19'),
('563','413','405','9','1974-09-05 05:03:55','1975-09-18 15:51:06'),
('564','168','455','1','1998-03-13 00:27:13','1972-11-14 10:12:58'),
('565','479','9','9','1975-11-21 13:41:16','1996-10-07 17:32:25'),
('566','531','281','0','1992-01-17 08:44:53','1984-07-02 11:05:08'),
('567','586','394','9','1977-07-26 03:01:46','1999-02-08 19:24:29'),
('568','187','269','8','1983-03-26 16:24:51','1994-01-23 05:27:25'),
('569','633','355','6','2012-02-14 19:51:25','1980-04-13 05:02:34'),
('570','646','436','6','1971-12-20 20:02:18','1973-05-13 22:16:46'),
('571','195','83','4','1992-10-26 06:15:16','1978-07-19 14:10:25'),
('572','566','33','1','2014-12-17 07:11:10','2010-06-11 13:19:26'),
('573','510','323','0','2001-06-15 15:31:56','1986-03-27 22:44:41'),
('574','89','466','5','2013-08-20 06:32:36','2011-07-19 16:08:33'),
('575','504','403','2','1995-09-12 19:53:25','2009-02-22 04:55:07'),
('576','212','404','5','2012-11-26 02:34:45','1972-08-25 16:50:40'),
('577','358','59','7','1991-02-03 17:45:20','2007-02-03 09:56:09'),
('578','544','50','1','2000-10-12 15:44:55','1982-09-03 22:44:38'),
('579','648','9','5','2013-12-24 01:15:53','1975-08-03 18:41:03'),
('580','7','304','9','1971-05-11 10:41:55','1982-09-14 16:29:03'),
('581','24','384','0','2006-05-28 11:58:16','1992-08-24 14:34:43'),
('582','119','436','0','1996-04-07 11:49:32','1996-03-07 06:32:48'),
('583','388','218','9','2000-06-21 08:21:35','1978-04-13 17:12:26'),
('584','285','229','6','2006-12-22 08:38:52','1970-12-21 07:15:26'),
('585','102','165','1','1972-05-30 04:13:11','2008-07-26 06:50:58'),
('586','231','212','7','1992-04-19 15:17:33','1992-11-16 02:21:29'),
('587','346','69','1','2019-06-06 04:11:39','1984-01-09 11:54:02'),
('588','342','111','6','2011-08-20 01:10:14','1972-02-18 17:11:01'),
('589','548','307','7','1970-03-25 02:25:22','1998-03-02 08:58:41'),
('590','106','251','0','1999-06-09 19:41:12','2010-04-27 08:17:58'),
('591','293','227','5','2008-01-07 01:18:17','2018-06-09 12:46:23'),
('592','216','465','3','1974-09-10 01:58:07','1991-12-18 13:27:32'),
('593','399','43','3','2017-10-28 19:53:09','1985-03-07 06:51:50'),
('594','20','247','3','2016-12-31 03:46:00','1975-04-09 04:08:37'),
('595','72','19','0','1984-12-17 13:52:47','2008-10-07 22:56:27'),
('596','71','68','3','2002-07-18 03:18:54','2002-09-15 00:08:16'),
('597','564','136','3','1987-01-05 10:00:09','2019-08-29 07:14:03'),
('598','5','180','0','2010-07-20 01:56:25','2013-01-15 10:40:41'),
('599','495','207','2','1976-07-01 11:39:44','1991-01-02 10:07:19'),
('600','572','426','9','2008-02-25 16:31:07','2013-05-21 15:16:31'); 


DROP TABLE IF EXISTS `product_at_storehouse`;
CREATE TABLE `product_at_storehouse` (
  `id` bigint(20) unsigned NOT NULL AUTO_INCREMENT,
  `product_id` bigint(20) unsigned DEFAULT NULL,
  `storehous_id` bigint(20) unsigned DEFAULT NULL,
  `quantity` bigint(20) DEFAULT NULL,
  `created_at` datetime DEFAULT current_timestamp(),
  `updated_at` datetime DEFAULT current_timestamp() ON UPDATE current_timestamp(),
  PRIMARY KEY (`id`),
  UNIQUE KEY `unique_products_at_store_idx` (`product_id`,`storehous_id`),
  KEY `storehous_id` (`storehous_id`),
  CONSTRAINT `product_at_storehouse_ibfk_1` FOREIGN KEY (`product_id`) REFERENCES `products` (`id`),
  CONSTRAINT `product_at_storehouse_ibfk_2` FOREIGN KEY (`storehous_id`) REFERENCES `storehouses` (`id`)
) ENGINE=InnoDB AUTO_INCREMENT=8001 DEFAULT CHARSET=utf8 COLLATE=utf8_unicode_ci COMMENT='Склады';

INSERT INTO `product_at_storehouse` VALUES ('1','840','3','1516390','1991-09-18 16:30:15','1971-07-28 22:27:02'),
('2','558','4','157265','1999-08-21 06:24:26','1985-08-23 19:10:22'),
('3','829','5','64121557','1993-05-03 03:31:43','2014-03-29 18:51:16'),
('4','746','1','2','2006-09-16 16:39:48','1997-11-28 21:39:38'),
('5','260','2','48816614','1978-11-09 16:48:40','1982-02-02 04:31:16'),
('6','692','4','212060','2000-12-02 14:43:03','2019-01-16 03:06:08'),
('7','652','3','0','1993-10-02 02:09:22','2005-02-14 08:56:37'),
('8','436','1','14100','1975-11-02 16:56:01','2018-08-11 00:44:22'),
('9','579','4','35','2011-04-17 01:15:07','1988-10-18 10:48:06'),
('10','449','5','0','1989-06-28 16:57:28','1994-12-30 05:30:54'),
('11','216','4','173','2010-07-23 18:30:29','1972-06-11 21:11:41'),
('12','170','3','5056207','1972-07-12 09:47:02','2016-12-14 17:39:18'),
('13','111','2','16456','2019-02-01 09:56:40','2003-07-22 11:17:01'),
('14','885','4','0','1971-04-26 23:03:46','1986-07-21 20:17:55'),
('15','780','3','10396030','1988-06-14 13:22:34','2015-04-27 06:26:04'),
('16','922','4','20484610','1977-11-13 14:38:33','1984-04-07 13:46:01'),
('17','957','3','684','2010-08-13 21:10:32','1996-12-01 07:41:15'),
('18','309','4','960','2010-05-14 13:20:45','2019-03-24 11:08:26'),
('19','344','1','18','2004-03-07 17:30:00','1978-10-26 20:03:03'),
('20','875','4','106303641','2016-01-30 11:21:20','1994-02-24 11:01:37'),
('21','272','3','4027','2009-08-25 17:54:36','1992-02-02 16:29:46'),
('22','300','5','5349564','2013-10-21 11:05:04','1983-11-15 02:46:52'),
('23','14','4','315','1981-07-03 00:54:51','2009-03-02 12:04:00'),
('24','114','3','21','1975-01-25 13:13:47','1993-02-24 23:50:30'),
('25','449','3','345343858','1988-07-22 07:42:59','1983-12-16 19:47:43'),
('26','398','4','44150469','1991-03-19 16:34:46','1971-10-16 23:32:16'),
('27','263','3','444','1973-08-30 09:44:51','1993-09-01 17:26:16'),
('28','196','2','713','1984-11-13 15:49:47','1982-12-08 03:55:37'),
('29','848','1','0','1994-04-18 12:11:06','1989-12-18 01:22:53'),
('30','132','4','59332','1982-07-13 23:31:32','1987-09-08 12:35:09'),
('31','572','1','2616','2000-12-13 13:15:47','2005-09-26 02:15:06'),
('32','247','3','1','1992-04-14 16:54:21','1974-08-01 10:26:43'),
('33','533','3','42517933','2014-01-19 12:52:39','1989-09-08 16:05:56'),
('34','315','5','0','2016-04-02 20:30:15','2011-11-22 03:21:12'),
('35','609','1','1514854','1998-06-05 16:22:06','1981-03-01 11:05:12'),
('36','480','5','3021','1986-11-17 08:44:57','1982-03-05 17:52:22'),
('37','756','4','12654721','1979-04-10 10:04:23','2018-10-22 06:22:24'),
('38','803','4','28806','2001-06-15 15:27:41','1981-03-11 17:38:43'),
('39','514','5','1','1975-09-27 22:02:25','2019-02-07 11:58:33'),
('40','361','5','641995','2002-07-28 01:00:30','1997-12-25 11:43:28'),
('41','479','4','3869160','1987-04-16 18:23:37','1971-03-05 08:48:17'),
('42','626','4','0','1973-05-14 03:16:31','1985-10-27 06:18:29'),
('43','326','5','42792','1988-02-25 07:20:58','1979-11-11 12:19:57'),
('44','115','1','413195','2010-02-26 10:39:58','2007-08-11 23:56:43'),
('45','902','2','0','1999-07-22 09:41:14','2004-09-05 21:42:52'),
('46','801','3','67690','1993-02-10 07:07:22','1988-08-06 09:41:49'),
('47','300','1','3462','1974-02-12 20:38:58','2014-02-23 04:14:15'),
('48','2','5','54205173','2006-01-21 17:06:06','2003-04-22 07:31:43'),
('49','602','2','1423','2009-09-27 01:33:36','2004-10-18 10:06:48'),
('50','709','2','38654623','2016-08-03 14:03:03','1974-11-03 13:10:21'),
('51','506','1','9060','1970-02-23 10:36:48','2005-12-30 16:30:00'),
('52','89','2','2032','2017-12-05 21:36:03','1979-03-28 05:51:58'),
('53','967','5','1','2003-02-26 07:22:34','1972-07-26 08:02:07'),
('54','30','3','731','2007-01-09 04:43:36','2019-08-07 13:33:34'),
('55','809','2','870','2016-04-11 14:33:13','1985-05-03 15:41:01'),
('56','442','2','37969346','1974-08-26 03:56:25','1990-12-10 13:20:57'),
('57','149','1','4651','2009-03-25 15:42:16','2004-01-18 06:21:28'),
('58','29','3','284','1991-08-01 03:20:53','2016-02-18 13:07:24'),
('59','889','1','8242592','1982-12-21 03:01:29','2007-03-02 01:24:09'),
('60','648','4','11273084','1979-02-16 08:02:43','2008-05-08 20:27:27'),
('61','390','3','5','1993-10-02 21:30:30','2002-02-13 22:18:57'),
('62','263','4','0','2013-07-04 06:31:12','1990-09-10 07:33:54'),
('63','495','2','6725','1974-06-05 04:55:48','1980-05-30 23:17:36'),
('64','522','1','138500','1982-07-06 06:10:36','1995-01-19 21:26:52'),
('65','581','2','476376169','1991-02-17 07:16:06','2008-01-26 16:35:00'),
('66','305','1','1','2015-05-15 11:42:55','2012-07-21 19:08:39'),
('67','419','2','524','2017-06-29 21:35:51','2004-06-22 06:46:08'),
('68','346','2','634','2003-05-09 03:14:37','1975-03-08 04:34:36'),
('69','286','2','5','1994-02-12 07:06:20','1994-04-20 22:44:36'),
('70','866','1','2425','1983-08-29 03:24:47','1985-09-01 07:42:35'),
('71','765','2','4194704','1999-06-27 20:53:59','1985-09-11 11:54:16'),
('72','381','5','62705964','1978-11-06 23:59:13','1998-02-11 20:07:56'),
('73','375','3','23','2015-09-06 10:56:09','2008-12-29 18:32:18'),
('74','388','2','2','1975-03-02 09:31:00','1978-03-23 19:58:49'),
('75','553','1','295300','2015-01-01 05:05:45','2017-10-29 16:49:15'),
('76','53','5','63','1998-10-26 12:26:40','2003-10-30 09:44:13'),
('77','483','2','299500110','2014-12-31 04:19:26','2009-09-17 23:47:47'),
('78','632','5','3897','2002-03-31 16:07:51','2010-09-14 18:44:52'),
('79','580','1','0','1979-04-16 06:43:52','2000-03-02 10:34:19'),
('80','74','1','5','1986-04-28 20:01:14','1974-07-20 14:49:40'),
('81','384','2','0','2013-11-20 05:47:47','1977-10-12 10:54:39'),
('82','245','5','1','2005-11-22 14:31:08','2014-06-11 10:24:07'),
('83','772','3','1384852','2012-06-12 00:46:59','1989-11-30 00:40:30'),
('84','188','1','1448','1983-04-05 20:54:08','1970-08-03 16:35:12'),
('85','966','1','240760548','1977-02-13 16:56:18','1986-01-20 23:39:37'),
('86','152','4','37','1985-11-25 07:06:43','2018-05-23 17:06:35'),
('87','359','3','44','2004-06-08 06:14:28','2012-06-01 13:41:15'),
('88','644','4','4484072','1994-06-19 09:28:29','1970-03-07 02:58:46'),
('89','941','1','191','2015-01-02 21:16:37','1981-06-02 00:19:48'),
('90','996','3','406402','2010-04-14 04:36:29','1988-09-25 03:27:12'),
('91','65','1','0','1980-01-27 09:45:42','2002-09-30 19:35:06'),
('92','435','3','17','2006-05-28 04:58:18','2013-11-23 20:42:55'),
('93','363','1','4','1990-01-25 04:29:17','1973-08-12 03:00:47'),
('94','525','5','210','1977-06-28 14:17:48','1995-02-19 23:17:58'),
('95','219','3','76018','2001-08-08 19:21:37','1978-09-19 20:01:03'),
('96','102','4','526','1998-06-08 08:48:03','1981-06-01 17:51:23'),
('97','976','2','422','1973-03-10 17:50:25','1993-08-10 08:52:00'),
('98','404','4','983','2002-01-29 10:48:25','1990-12-25 19:59:56'),
('99','937','3','71918','2011-01-27 18:06:17','2000-01-29 04:52:52'),
('100','805','5','504232787','2002-11-18 11:06:21','2010-12-03 17:33:55'),
('1301','332','3','12520','2018-05-15 17:18:38','1985-12-07 14:36:00'),
('1302','69','4','8249824','1995-03-09 02:51:35','1997-06-14 10:49:06'),
('1303','38','2','77795','1987-09-04 13:36:03','1982-05-26 00:24:47'),
('1304','566','4','20','1997-11-23 04:22:31','1998-04-14 18:09:45'),
('1305','326','2','41','1980-11-15 23:03:58','1987-12-25 14:42:35'),
('1306','222','3','59','1992-10-25 15:07:01','1973-04-10 16:48:58'),
('1307','926','1','0','1983-03-03 08:59:38','2009-10-27 05:25:19'),
('1308','43','4','28312','1973-07-16 21:21:18','2016-06-15 17:59:13'),
('1309','45','4','7','1981-06-06 00:38:28','1995-07-17 10:42:35'),
('1310','429','2','36','1972-02-27 12:41:03','1993-10-29 18:36:59'),
('1311','185','5','81','1991-05-04 22:38:15','1979-03-02 22:24:16'),
('1312','975','5','664','1984-07-29 20:58:21','1982-04-25 13:04:34'),
('1313','166','5','4717','2011-08-07 15:12:49','2004-05-30 15:55:36'),
('1314','772','4','28569688','1989-04-10 22:30:28','1970-05-12 20:15:59'),
('1315','888','3','15676','1994-07-21 22:35:13','2019-04-21 15:39:51'),
('1316','905','2','907','1982-04-04 04:23:14','1974-02-07 23:11:15'),
('1317','37','5','5897980','1989-04-24 23:08:09','1971-11-04 15:28:05'),
('1318','982','1','2','1995-05-07 05:55:13','1997-03-15 16:41:12'),
('1319','227','3','22330893','1988-06-12 05:00:38','1989-07-06 10:33:36'),
('1320','786','3','88','1976-04-28 10:46:57','1978-01-26 08:03:27'),
('1321','901','1','1010856','1998-05-30 16:31:27','1979-01-03 19:22:38'),
('1322','986','5','1','1993-06-30 12:26:34','1977-06-01 07:35:53'),
('1323','111','1','1768','1983-12-24 04:32:13','2009-01-14 07:47:09'),
('1324','498','1','293','1994-06-12 19:20:59','2000-06-26 02:32:34'),
('1325','728','5','0','2009-06-06 20:46:41','1983-12-13 08:52:46'),
('1326','421','5','0','1985-08-13 16:04:26','1987-06-23 20:25:28'),
('1327','856','2','36895491','2003-02-13 23:23:09','1999-12-16 04:20:08'),
('1328','878','1','0','1992-08-03 21:29:17','2011-05-19 03:26:02'),
('1329','210','4','0','1990-03-10 15:37:40','2001-06-02 23:22:39'),
('1330','723','1','895949','1981-05-28 09:18:12','1993-05-06 18:13:41'),
('1331','136','4','0','2002-07-31 06:53:20','1997-08-29 09:09:04'),
('1332','316','1','508827','2015-04-18 16:02:49','1992-08-31 09:04:19'),
('1333','600','2','14225','2014-07-28 08:24:30','1992-08-20 08:37:14'),
('1334','247','5','116','2012-10-06 19:09:55','2013-09-23 18:16:25'),
('1335','844','1','2636878','1979-01-06 19:00:55','1991-10-07 17:16:06'),
('1336','378','4','6222332','1993-02-03 01:55:51','1991-05-24 10:48:53'),
('1337','40','2','20','1970-10-25 09:32:28','1979-07-16 19:11:41'),
('1338','570','1','2','1981-11-29 04:58:58','2019-01-15 17:13:55'),
('1339','391','1','2210','1978-01-14 02:20:55','1974-12-17 08:54:31'),
('1340','306','1','1271713','1994-12-18 16:18:45','1996-08-06 07:27:41'),
('1341','994','4','330656','2019-01-08 11:42:55','2009-07-27 10:04:03'),
('1342','30','5','29','2011-04-03 23:04:38','2001-08-20 04:44:33'),
('1343','121','5','1958','1973-03-16 07:23:40','1994-04-17 04:52:36'),
('1344','871','2','744158','2002-02-14 11:25:05','1997-08-15 08:21:57'),
('1345','557','3','46743','2005-01-06 12:39:46','2019-09-11 00:49:40'),
('1346','427','4','23806','1985-09-21 12:55:52','1996-03-06 00:42:42'),
('1347','221','4','13046097','2003-11-20 07:45:27','1975-08-18 15:54:44'),
('1348','864','5','54741351','2019-01-13 03:35:30','2019-04-23 05:04:21'),
('1349','38','1','6598393','1984-04-14 00:55:23','2019-06-19 05:14:12'),
('1350','647','5','4588','2000-09-13 18:08:31','1990-06-24 20:27:44'),
('1351','143','1','50251','1986-02-28 14:42:14','1993-03-18 03:25:58'),
('1352','625','1','21737','2009-01-13 21:37:45','2005-10-03 10:24:30'),
('1353','388','1','131352552','1978-01-19 13:23:18','2001-11-13 15:57:55'),
('1354','333','4','249518','2009-10-14 06:49:11','1980-05-23 23:44:25'),
('1355','262','4','185803','2009-10-17 06:55:45','1971-03-24 04:50:10'),
('1356','897','2','58','1990-07-27 23:03:40','1982-03-04 08:10:02'),
('1357','364','5','0','2006-04-03 14:23:33','2002-02-08 07:28:01'),
('1358','105','3','621271','1986-08-16 23:26:39','1986-07-05 05:25:53'),
('1359','834','5','8570','1974-10-15 09:19:15','2005-07-09 20:24:09'),
('1360','815','2','11','2018-05-29 17:11:25','1981-11-04 03:22:01'),
('1361','569','2','153','1987-08-16 07:43:39','1980-01-27 09:12:58'),
('1362','82','4','7653','1999-05-15 14:30:45','1979-10-26 22:25:02'),
('1363','983','5','1','1981-12-13 21:45:34','1979-07-28 05:13:33'),
('1364','610','1','0','1970-01-05 11:22:00','1991-04-19 01:35:46'),
('1365','56','2','9747','2001-01-13 06:30:32','1988-05-23 07:41:58'),
('1366','902','1','22','1998-11-12 16:36:33','1990-04-22 08:11:58'),
('1367','281','3','3056834','1984-02-14 04:48:04','1985-05-14 02:03:26'),
('1368','380','4','1','1994-10-29 19:20:35','1988-10-07 11:16:55'),
('1369','720','4','1428','1972-04-27 03:45:12','1975-01-09 18:24:59'),
('1370','448','5','65753','2008-10-09 20:44:06','2004-12-28 08:04:04'),
('1371','350','2','27','1999-01-09 11:26:29','1976-07-16 01:26:24'),
('1372','235','4','6','2010-06-23 05:15:23','2017-10-15 17:21:17'),
('1373','271','2','293','2006-09-12 17:57:52','2004-04-30 03:59:23'),
('1374','198','1','619025696','1989-10-02 14:28:52','1987-02-23 08:46:32'),
('1375','314','1','0','2000-06-26 03:40:09','1980-07-29 04:10:01'),
('1376','496','5','5656873','1985-08-01 06:42:35','1986-04-30 12:01:01'),
('1377','254','3','100752388','2010-12-10 17:28:27','1982-01-22 22:38:11'),
('1378','672','2','5','2013-11-15 05:57:39','2000-11-04 19:37:28'),
('1379','523','2','0','1994-04-18 01:48:21','2011-04-24 03:07:23'),
('1380','256','3','1','1978-06-21 12:22:12','2016-01-29 11:12:36'),
('1381','537','1','667867','2017-10-12 02:41:43','2014-05-05 01:39:46'),
('1382','775','5','1','1989-11-16 23:26:53','2009-09-08 08:08:11'),
('1383','683','1','1183315','1970-08-07 15:56:49','1986-08-27 11:21:11'),
('1384','487','3','1','2004-07-23 11:44:25','2004-03-19 12:55:56'),
('1385','866','5','81479448','1991-11-01 12:22:20','1987-05-05 06:35:18'),
('1386','382','2','519','1974-10-29 17:31:44','1975-08-04 03:01:17'),
('1387','278','4','1','2013-05-06 11:58:27','1989-02-21 19:23:12'),
('1388','929','3','59978','1970-01-31 22:05:48','1993-03-22 19:19:13'),
('1389','956','1','104959','1994-12-05 18:45:36','1991-04-27 22:36:13'),
('1390','654','2','1205','1973-10-18 07:36:55','1987-07-12 10:49:30'),
('1391','139','1','671129','1992-07-31 19:37:38','1991-07-21 11:35:17'),
('1392','152','2','2186553','1978-04-04 01:36:49','1996-09-10 09:17:55'),
('1393','726','5','1596865','1972-12-23 20:54:03','2012-08-16 03:07:10'),
('1394','627','2','6','1988-03-25 02:01:07','2010-04-09 15:00:29'),
('1395','104','5','7250013','1993-10-13 07:54:49','2012-11-06 02:14:47'),
('1396','825','4','0','1992-12-14 03:30:31','1973-03-27 16:24:24'),
('1397','40','3','3840','1988-10-31 02:43:13','2012-03-08 16:57:58'),
('1398','458','4','432','2017-08-09 05:53:59','1975-08-25 05:59:54'),
('1399','753','5','5271','2003-01-16 03:54:39','1970-08-22 10:31:41'),
('1400','123','4','0','1983-11-06 13:26:28','2012-09-10 15:00:55'),
('3001','472','2','1','1997-01-14 03:50:59','1996-09-22 22:40:52'),
('3002','709','5','558161','2011-01-25 23:33:24','1986-07-09 21:41:52'),
('3003','44','3','216','1979-04-03 21:54:18','1991-10-25 22:40:21'),
('3004','664','1','30695','2005-10-10 08:19:56','1972-07-30 02:47:30'),
('3005','715','4','5652','2007-12-13 22:18:37','2001-02-17 11:05:14'),
('3006','973','3','55224','1978-06-14 09:52:40','1974-10-21 16:31:07'),
('3007','800','2','8','1989-03-30 09:35:33','2003-08-26 03:19:34'),
('3008','69','1','2','1995-02-27 23:34:35','1995-11-28 01:13:57'),
('3009','884','2','193394215','1982-04-01 01:34:12','1991-12-14 01:46:04'),
('3010','324','4','9410331','2017-02-06 08:58:55','1998-04-07 15:59:54'),
('3011','895','4','477476','1991-12-20 05:30:13','1989-03-08 15:52:26'),
('3012','471','3','1','1979-01-06 02:15:30','2015-11-27 06:36:10'),
('3013','30','4','10432997','1994-09-23 12:50:06','2005-06-07 14:52:09'),
('3014','996','2','4964186','1999-01-04 00:26:53','1987-01-02 13:15:02'),
('3015','280','5','32','2012-02-29 09:44:47','1983-02-23 07:53:34'),
('3016','606','4','1489','2001-01-06 14:21:20','2011-11-11 05:10:57'),
('3017','141','2','798902','2019-09-11 14:51:06','1983-03-08 19:29:54'),
('3018','562','1','450468273','1996-06-20 06:35:53','1972-11-12 03:29:08'),
('3019','763','2','8041611','1996-09-20 11:50:34','2009-06-16 09:48:28'),
('3020','270','3','0','1982-04-10 01:02:07','1993-09-04 18:41:08'),
('3021','904','2','0','1987-03-22 06:41:23','2005-08-23 14:31:34'),
('3023','524','5','57','2011-01-28 15:34:40','2020-02-19 13:06:07'),
('3024','833','3','13','1992-07-16 00:18:39','1990-01-06 11:35:12'),
('3026','58','1','54028','2010-05-18 14:23:44','1976-02-22 01:20:35'),
('3027','914','3','44965772','1985-05-21 08:31:20','1991-02-12 10:35:13'),
('3028','708','5','621','1997-11-28 15:35:14','1978-04-21 09:18:23'),
('3029','192','4','0','2000-05-10 16:22:33','1985-12-05 12:55:57'),
('3030','156','3','10','1978-06-28 10:31:15','1975-10-24 13:26:47'),
('3031','594','4','5534','1998-05-16 18:38:28','1987-04-17 06:41:49'),
('3032','223','4','1189','1994-02-27 15:05:50','2005-05-01 07:10:28'),
('3033','74','4','6','2001-05-18 07:08:58','2019-03-16 00:20:36'),
('3034','919','5','31','1970-07-09 04:17:52','1989-12-29 11:49:20'),
('3035','10','1','478','2007-02-17 21:21:21','2006-09-11 11:02:02'),
('3036','314','5','52','1978-03-26 05:51:12','1990-09-13 11:09:51'),
('3037','432','1','402225','2007-01-28 15:21:26','1974-10-03 19:49:27'),
('3038','617','5','3372','1979-02-02 12:28:19','1972-05-14 00:08:32'),
('3039','152','3','50','1988-02-12 10:33:37','2002-07-09 11:03:55'),
('3040','362','3','534','2001-10-28 16:23:29','1989-12-19 15:28:22'),
('3041','606','3','202403120','2016-01-02 17:48:25','2009-06-02 17:15:16'),
('3042','657','3','356','1978-07-17 06:10:58','2009-08-02 00:52:35'),
('3043','948','2','0','1993-09-24 20:44:13','1987-02-13 04:26:30'),
('3044','462','1','67','1984-11-11 20:35:30','1993-11-26 07:35:21'),
('3046','611','4','64','1989-10-03 17:13:26','1973-04-06 14:29:59'),
('3047','378','5','677','2016-10-29 02:03:15','1986-08-17 19:08:33'),
('3048','396','3','659285713','2006-07-25 18:21:01','2013-10-05 13:16:56'),
('3049','618','2','490998','1972-05-25 09:38:32','1975-05-01 15:52:38'),
('3050','288','4','214','1990-03-25 01:44:50','1985-10-19 00:31:13'),
('3051','503','4','54841108','1997-01-22 08:55:45','2016-08-02 03:16:46'),
('3052','541','5','35550','1994-03-24 00:30:30','1996-05-29 03:52:46'),
('3053','800','1','5162','1995-10-31 23:45:29','2007-10-03 05:34:34'),
('3054','889','5','2696','2015-03-08 13:19:39','1997-06-05 03:00:55'),
('3055','607','2','86','2018-08-23 18:00:39','2011-12-16 14:39:19'),
('3056','409','2','1708','1986-05-28 00:25:23','1991-03-23 16:46:10'),
('3057','668','1','35142119','1984-03-10 08:01:17','1997-06-09 09:15:23'),
('3058','731','4','408646','1974-04-11 11:02:16','1992-01-18 05:56:20'),
('3059','429','1','0','1981-07-09 02:34:34','1984-11-09 08:07:30'),
('3060','754','3','666691','1982-06-07 17:31:37','2010-01-24 07:21:52'),
('3061','810','2','8','1975-07-01 10:23:28','1985-02-28 21:52:56'),
('3062','159','1','101','1970-05-09 21:01:40','2008-12-09 11:39:16'),
('3063','198','3','5363','2004-10-22 21:45:17','1985-07-11 23:40:04'),
('3064','638','5','0','2004-11-25 03:47:13','1972-09-18 12:47:21'),
('3065','869','5','752320889','1980-03-18 04:49:43','2006-07-19 19:24:11'),
('3067','526','5','3','2012-09-28 07:07:48','1997-03-05 09:14:45'),
('3068','304','2','1312','1977-03-21 23:45:12','2018-09-23 23:53:38'),
('3069','140','1','48012264','2011-08-01 18:36:54','2012-05-15 13:53:45'),
('3071','442','4','0','1973-05-30 20:45:49','2013-05-23 17:16:08'),
('3072','958','1','120','1971-01-06 18:43:40','2001-10-24 02:09:56'),
('3073','751','4','1','2014-12-29 19:15:42','1990-01-14 08:33:15'),
('3074','725','1','0','1996-11-26 06:42:54','2006-08-25 21:01:54'),
('3075','882','3','1','1990-05-23 03:51:08','1989-11-08 06:44:07'),
('3076','677','4','0','1986-07-05 14:36:51','1985-03-11 23:46:19'),
('3077','842','5','17','2014-07-12 05:40:47','1987-04-03 15:32:07'),
('3080','854','2','334550','1979-08-14 13:59:18','1974-08-04 19:16:19'),
('3081','441','2','8','2014-12-25 09:15:28','1981-11-22 06:31:11'),
('3082','629','5','6454334','2017-03-04 08:22:46','2019-08-29 06:42:10'),
('3083','278','5','595713','1989-02-11 16:58:37','1970-05-11 02:44:55'),
('3084','292','3','7','2019-11-23 10:56:58','2011-11-08 11:07:18'),
('3085','124','3','584699','2006-08-03 23:18:54','1976-02-24 10:36:36'),
('3086','164','3','0','2000-02-07 16:36:34','1994-04-22 05:24:53'),
('3087','255','1','498520','1996-01-28 02:41:28','2018-09-11 23:23:41'),
('3088','675','1','1284074','2010-03-13 19:31:47','1990-08-18 15:24:21'),
('3089','811','2','56009169','1984-05-18 05:21:15','2000-09-15 01:19:27'),
('3090','185','4','1','2018-12-04 22:35:40','2005-07-11 17:42:27'),
('3091','876','5','38790828','2009-01-23 10:04:10','1991-05-18 05:25:29'),
('3092','382','4','46815379','1975-06-19 12:25:43','2006-11-20 00:05:09'),
('3093','696','2','24985','1999-11-17 00:50:05','1977-11-21 03:18:17'),
('3094','757','1','0','2015-08-09 21:50:56','2006-07-25 21:48:39'),
('3095','774','4','864297139','1990-11-14 07:30:48','1972-03-27 01:54:10'),
('3096','343','2','1','2013-12-31 09:43:00','1995-05-07 18:46:15'),
('3097','906','5','0','1993-04-25 22:49:47','1996-12-24 12:44:30'),
('3098','180','1','51898209','1984-05-19 20:23:06','2017-04-29 10:50:30'),
('3099','903','3','6144','2016-03-07 20:30:49','2003-08-21 09:47:27'),
('3100','601','1','533','1996-08-03 07:32:56','1991-02-24 10:10:03'),
('3101','41','4','3674080','2012-10-28 09:00:58','1995-09-15 01:32:07'),
('3102','592','2','0','1987-08-26 18:17:06','1979-01-26 00:46:12'),
('3103','886','2','7','1978-08-17 09:12:42','1988-02-03 08:30:34'),
('3104','300','4','280923','1971-05-29 12:07:41','1975-07-25 18:38:24'),
('3105','664','3','1207','2019-12-14 18:05:30','2004-11-15 06:26:41'),
('3106','387','3','65119','2009-11-20 16:48:39','2010-01-19 03:34:04'),
('3107','344','4','52302','2017-09-05 07:39:10','1981-03-21 08:39:06'),
('3108','258','1','131213','1978-12-01 21:46:05','1992-04-01 23:48:53'),
('3109','27','1','21517033','1980-08-27 09:08:25','1985-07-27 01:31:40'),
('3110','125','5','0','1992-01-06 16:49:51','1998-09-18 01:42:45'),
('3111','625','3','614','1976-03-25 07:09:55','1994-01-22 14:33:32'),
('3112','15','3','37','1980-11-20 13:47:51','1973-04-22 23:37:42'),
('3113','438','1','5','2014-07-23 19:43:36','2001-07-06 00:25:25'),
('3114','714','2','47','2018-08-05 01:24:02','1980-07-15 23:51:30'),
('3115','666','2','2896943','1990-12-12 03:39:52','1993-09-14 14:09:40'),
('3116','367','4','0','1976-05-07 10:03:33','1975-06-06 21:09:09'),
('3117','79','5','42989','2015-09-10 08:14:17','1995-02-03 08:20:46'),
('3118','1','5','0','1989-04-19 14:00:39','1986-03-23 20:48:57'),
('3119','225','2','30590','1972-03-01 18:29:56','2001-12-23 09:53:30'),
('3120','660','5','20','2007-02-27 07:37:36','1973-12-06 06:25:34'),
('3121','783','1','13','1986-10-24 04:21:35','1990-08-04 14:29:44'),
('3122','428','1','0','2001-05-20 07:45:44','1977-07-11 13:49:27'),
('3123','814','4','80666','1974-03-13 02:00:07','1993-12-17 07:54:06'),
('3124','165','5','18454','1971-01-05 16:54:10','1982-01-29 11:31:07'),
('3125','700','2','4','2008-07-22 07:33:37','1996-10-30 19:36:25'),
('3126','641','2','41','2019-01-16 17:59:25','1992-02-29 13:32:32'),
('3128','855','1','1636','1979-10-09 15:47:28','2013-09-18 21:50:30'),
('3129','850','3','28','1989-08-09 22:08:12','1992-08-28 07:54:52'),
('3130','534','3','620403','1978-05-31 18:01:35','1998-03-30 22:01:39'),
('3131','882','5','204056797','1978-12-01 21:19:20','1972-04-28 08:47:32'),
('3132','221','5','48527364','1996-05-29 17:11:37','1976-10-31 14:55:32'),
('3133','859','2','555363441','1989-04-16 22:21:01','1982-08-05 16:09:49'),
('3134','924','1','8924','2007-07-26 19:34:00','1976-12-24 04:37:01'),
('3135','520','3','309966257','1975-01-29 09:57:13','1975-12-16 09:13:22'),
('3136','971','2','23','1979-04-27 10:06:23','2009-05-02 05:50:12'),
('3137','629','2','32021954','2010-07-17 17:12:28','2010-06-02 00:34:59'),
('3138','428','3','10629939','1993-11-20 00:31:23','2019-03-22 02:24:13'),
('3139','84','3','0','2009-08-03 04:01:08','1990-11-25 02:38:44'),
('3140','282','4','5','1988-11-29 11:51:00','1970-03-21 05:29:19'),
('3142','108','4','218505739','1976-08-31 01:04:30','1973-11-18 21:19:24'),
('3143','578','5','39086791','1971-12-30 00:25:26','1996-12-14 16:24:02'),
('3144','831','3','27245528','2012-11-27 17:08:48','2012-10-17 22:54:03'),
('3145','530','2','136634161','1997-09-02 01:21:57','1990-04-18 04:42:45'),
('3146','943','3','31010218','1991-11-24 22:14:12','1973-11-19 04:22:39'),
('3147','265','1','361486','1984-08-31 19:31:24','1979-08-23 17:29:59'),
('3148','372','1','1','2001-06-28 16:15:28','2014-08-21 04:14:14'),
('3150','208','5','3143','1995-12-01 14:31:36','1991-09-02 06:17:25'),
('3151','879','1','51581083','1972-02-03 00:55:14','2003-01-17 03:16:07'),
('3152','206','3','7','1975-11-17 04:58:56','2018-07-31 13:26:03'),
('3153','577','4','34818','1982-08-03 19:00:37','2001-03-28 17:26:07'),
('3154','949','4','770176532','2002-08-19 02:01:26','2017-10-23 11:19:56'),
('3155','226','2','84','1991-08-09 15:39:42','1973-05-26 09:06:16'),
('3156','444','1','0','1998-08-30 08:47:33','2000-02-02 03:58:03'),
('3157','153','3','588390','2001-01-13 12:23:14','1986-05-22 21:41:25'),
('3158','744','4','101772399','1970-09-27 12:00:52','1970-09-04 13:48:35'),
('3159','513','3','5','1971-03-28 22:54:05','2009-03-30 02:57:55'),
('3161','940','1','17','2008-08-16 12:11:10','1985-05-12 06:50:35'),
('3162','454','2','194949','1991-08-08 14:13:35','2004-12-13 03:32:18'),
('3163','264','5','2858','1977-06-04 10:48:22','2008-08-21 12:37:32'),
('3164','328','4','22','2016-09-02 22:23:11','2017-06-07 02:03:40'),
('3165','121','3','0','1972-01-21 05:43:39','1972-03-26 04:49:40'),
('3166','551','5','69789','2011-11-08 21:47:27','1990-10-01 03:54:29'),
('3167','714','4','5991','2018-09-22 14:17:12','1987-04-14 22:52:36'),
('3168','506','2','170','1984-06-27 12:13:06','2007-12-22 13:55:11'),
('3169','389','3','468309','2013-03-27 17:27:05','2008-09-08 17:46:16'),
('3170','950','4','1953363','1976-07-05 00:01:28','1980-10-24 18:31:28'),
('3171','685','2','456196','2009-05-11 22:11:04','1999-05-08 06:29:22'),
('3172','721','5','44436','1974-05-31 20:13:48','2016-08-22 20:22:11'),
('3173','944','3','48344316','1979-09-17 08:41:22','2016-08-01 02:43:28'),
('3174','568','3','282','1980-02-14 14:41:47','2004-01-23 11:59:49'),
('3175','39','4','214838617','1992-07-02 22:38:28','2018-10-06 00:01:57'),
('3176','499','5','4','1980-12-21 20:38:30','1992-06-23 05:52:48'),
('3177','827','5','2902','1991-05-20 23:26:32','1990-07-07 01:26:25'),
('3178','182','1','7','1970-09-13 23:27:30','2002-11-23 08:06:52'),
('3179','778','3','0','2018-07-26 12:33:35','1981-12-08 02:58:29'),
('3180','737','5','20','2010-12-23 18:40:53','1979-05-12 21:57:19'),
('3181','45','2','83','1971-08-15 08:42:30','2011-08-05 19:49:10'),
('3182','898','4','872','1975-01-11 07:51:40','1994-06-05 17:13:32'),
('3183','42','3','212367069','2001-08-13 04:56:33','2003-06-20 03:24:49'),
('3184','48','3','2741074','1986-03-29 12:52:28','1996-05-20 23:33:54'),
('3185','857','5','604021','2010-11-04 14:59:03','1990-05-09 05:45:22'),
('3186','45','3','33','1982-12-13 06:08:45','1972-04-26 20:29:09'),
('3187','391','4','294403','1986-08-29 22:47:45','1986-03-03 09:52:38'),
('3188','379','2','427876','1974-12-01 04:05:33','1996-05-10 11:57:19'),
('3189','229','5','655243','2004-12-09 21:47:02','1975-07-13 04:21:02'),
('3190','790','2','737024858','2005-11-17 07:13:02','2009-03-01 04:50:57'),
('3191','673','2','20','2015-10-27 03:59:46','2010-05-10 23:00:04'),
('3192','246','3','1735','1991-09-15 06:05:34','1994-04-21 01:49:07'),
('3193','240','3','416','2017-08-28 20:28:45','1975-05-30 13:17:55'),
('3194','589','1','39530756','2002-09-25 13:59:09','1973-06-29 01:08:33'),
('3195','938','2','630','1989-07-16 23:09:16','1981-04-26 01:43:25'),
('3196','916','5','177683','1973-06-04 14:20:50','1981-09-29 10:38:23'),
('3197','611','5','43063131','2018-05-02 04:42:16','2013-02-18 07:26:46'),
('3198','741','4','7118','1991-09-09 23:13:41','1996-05-05 19:26:16'),
('3199','217','4','4476988','2005-05-04 22:09:33','1975-02-24 10:55:31'),
('3200','84','1','50','2015-08-10 15:51:28','2006-06-27 21:31:28'),
('3201','785','1','28079','2013-07-14 14:16:01','1988-10-12 18:05:24'),
('3202','615','1','474','2014-05-13 05:09:48','1979-02-14 10:37:00'),
('3203','892','5','88947','2002-03-15 19:42:01','1973-07-16 13:52:20'),
('3204','509','1','33054965','1976-06-21 21:52:33','2007-07-01 08:50:25'),
('3205','939','2','684162143','1972-10-07 02:42:13','1995-04-28 23:33:46'),
('3206','388','4','38777687','1997-02-14 12:43:23','1971-12-05 03:03:45'),
('3207','587','4','62486445','1999-03-17 18:34:13','1976-02-15 19:31:12'),
('3208','110','5','0','2002-10-24 17:57:16','2008-08-29 01:48:20'),
('3209','60','4','215','1994-01-22 21:32:00','1993-06-03 03:29:14'),
('3210','844','5','5468430','2017-12-25 04:09:42','1991-06-26 15:00:24'),
('3211','22','4','109513','1989-02-19 22:13:29','2003-04-04 16:21:48'),
('3212','979','4','1833','2014-05-26 04:26:20','1975-02-02 04:21:35'),
('3213','572','4','0','2010-04-16 22:04:29','2018-11-26 10:41:04'),
('3214','286','4','0','2008-02-15 21:01:05','1975-08-08 07:16:00'),
('3215','507','2','369399631','2001-09-12 03:41:11','1999-02-01 22:35:23'),
('3216','861','2','31','2001-12-17 23:32:40','1985-06-13 23:56:04'),
('3217','496','3','48205412','1988-12-15 10:49:36','2013-05-12 10:12:30'),
('3218','466','2','17','2010-11-16 02:25:19','1991-10-27 05:43:21'),
('3219','468','5','1','1985-04-28 19:09:01','1980-09-24 23:21:35'),
('3220','507','3','1367','1995-02-12 22:57:58','2008-11-20 19:29:24'),
('3221','273','5','21437980','2006-07-25 02:12:55','1998-04-12 15:05:17'),
('3222','17','5','40','1990-07-16 11:49:31','2016-02-27 19:02:02'),
('3223','527','1','17776','1987-04-08 22:15:14','2015-08-06 10:46:04'),
('3224','685','3','41054','2012-10-17 16:41:07','1981-08-13 01:51:34'),
('3225','824','3','8881','1997-01-28 14:54:46','1975-12-21 04:00:48'),
('3226','583','5','2094536','1980-05-25 13:24:01','2000-02-15 13:30:52'),
('3227','287','3','546198064','2004-10-14 02:42:15','2008-03-15 04:33:50'),
('3228','479','5','16','2006-06-05 07:05:10','1971-04-02 20:53:35'),
('3229','281','4','83','1982-01-19 13:11:18','1992-08-26 12:20:06'),
('3230','646','4','32287','1984-10-13 08:44:47','1978-12-27 19:07:27'),
('3231','133','3','23415','1979-08-31 14:39:22','1992-09-08 01:46:57'),
('3232','78','4','34','1984-09-11 13:00:13','2006-02-07 00:04:37'),
('3233','982','3','3178501','1981-06-20 05:03:02','1980-06-18 06:31:47'),
('3235','518','3','135443','1970-12-16 17:00:35','1992-10-07 02:54:50'),
('3236','856','4','53808192','2010-10-17 11:01:17','1990-07-02 03:46:59'),
('3237','416','5','716894794','1977-03-12 14:24:01','2011-09-24 02:25:23'),
('3238','649','5','520383','2002-08-24 22:51:41','2007-06-29 21:25:54'),
('3239','999','2','1','1984-07-04 03:17:05','2014-01-05 13:45:58'),
('3240','528','5','254613','2001-09-23 11:16:24','1976-01-30 14:23:40'),
('3241','861','1','0','1985-11-11 13:02:51','2005-10-13 01:48:35'),
('3243','672','1','13036725','1974-11-01 15:32:31','1984-07-01 05:35:24'),
('3244','6','5','367906','1987-03-18 18:58:57','1975-08-11 22:41:45'),
('3245','910','4','15103986','2008-01-16 05:32:14','1983-05-11 04:22:36'),
('3246','738','1','11','1985-08-21 14:48:39','1998-10-24 20:19:22'),
('3247','159','5','352','1973-12-24 20:31:21','2013-04-19 11:14:27'),
('3248','670','1','823','2002-06-20 07:35:35','2017-08-15 06:41:14'),
('3249','358','4','85','1993-05-16 02:26:02','1999-08-24 05:19:07'),
('3250','590','5','393277','1984-06-14 12:27:57','1983-10-22 05:45:18'),
('3252','665','4','2094','1999-03-23 16:27:35','1998-08-24 08:09:54'),
('3253','317','2','44','1984-01-09 15:29:14','1981-02-07 07:04:20'),
('3254','563','2','41671047','2004-01-09 00:18:05','2013-05-28 19:55:19'),
('3255','647','1','8583','2014-06-07 10:44:03','2002-03-10 15:49:49'),
('3256','137','3','11917','1984-04-20 22:26:48','1983-09-14 21:26:13'),
('3257','201','5','469119747','1997-05-05 03:28:39','1987-03-20 11:23:27'),
('3258','655','5','1201552','1983-04-14 17:21:22','2017-03-05 03:55:09'),
('3259','951','4','35443','2008-03-17 22:58:34','1975-09-04 00:53:56'),
('3260','823','5','4032','1991-08-01 17:17:09','1972-04-11 14:27:16'),
('3261','312','3','7599','1977-01-04 12:26:22','1980-05-05 05:40:22'),
('3263','376','3','3110317','1988-10-30 05:38:21','1972-06-27 23:03:37'),
('3265','257','1','16387','2004-04-22 07:19:11','1987-03-20 14:11:16'),
('3266','609','3','368738','1992-06-02 11:04:12','1989-07-03 15:42:22'),
('3267','645','2','221','1977-04-18 16:29:54','1983-11-11 20:31:21'),
('3268','83','5','130475110','2002-04-18 12:55:55','1985-04-14 11:48:46'),
('3270','276','2','92','1994-07-19 10:26:56','2008-10-31 23:06:07'),
('3271','736','3','444','2013-05-15 04:57:04','2004-04-03 14:23:07'),
('3272','740','5','0','1983-07-07 11:02:59','1986-11-29 06:11:19'),
('3273','218','2','39850','1987-02-03 05:32:58','1988-05-28 19:02:30'),
('3274','807','1','75988','1985-05-26 11:17:11','2008-01-30 23:23:12'),
('3275','55','4','2790542','1978-07-08 12:55:10','2010-06-16 11:50:51'),
('3276','29','2','20339340','2008-04-27 10:50:16','1984-11-11 04:36:21'),
('3277','190','5','120685000','1970-10-08 07:04:49','1990-11-20 17:48:13'),
('3278','837','3','3197255','1987-12-07 17:52:24','1973-04-26 06:33:40'),
('3279','504','3','0','1994-06-19 08:13:15','1992-10-03 19:09:43'),
('3280','299','4','9','1978-05-29 00:28:10','1995-04-22 20:39:21'),
('3282','223','2','71','2000-11-26 04:07:25','1976-02-24 06:40:07'),
('3283','180','2','85','2005-03-07 18:31:36','1972-05-27 14:21:44'),
('3284','252','4','16493','1998-05-09 16:24:58','1973-12-01 12:36:43'),
('3285','951','3','937','2002-02-09 14:57:56','2013-11-18 05:20:24'),
('3286','999','4','6225437','1990-10-26 20:09:04','1994-04-27 21:51:02'),
('3287','940','4','1','1990-04-05 01:49:20','1976-02-09 19:50:13'),
('3288','621','1','352141','1970-01-29 16:06:37','1976-08-01 16:51:40'),
('3289','132','3','718053','1992-10-27 07:13:44','2019-01-02 22:10:09'),
('3290','325','1','783','1992-01-19 16:27:43','2017-11-27 05:25:45'),
('3291','57','2','3731713','2002-01-31 01:39:32','1980-03-05 20:32:02'),
('3292','552','2','29986889','1984-12-21 07:35:23','1989-08-08 22:50:20'),
('3293','285','2','0','1994-07-27 23:55:31','2002-11-14 00:32:17'),
('3294','811','4','153','2005-02-22 19:33:23','1971-04-27 14:52:03'),
('3295','835','1','43195178','1984-08-30 07:30:18','1972-10-08 23:52:09'),
('3296','550','3','34502','2014-03-05 10:12:18','1970-11-30 23:48:36'),
('3297','16','4','2629','2007-07-19 14:40:20','2010-03-19 03:39:01'),
('3298','771','1','3','2014-07-10 16:07:56','2013-03-21 15:16:11'),
('3299','77','1','32551','1975-02-13 08:04:31','2005-08-02 23:03:53'),
('3300','961','1','16172441','2015-09-17 15:09:12','2002-03-30 11:05:58'),
('3301','550','5','126143','1999-01-24 15:01:27','1993-09-07 13:23:18'),
('3302','713','3','34172465','2009-02-17 09:41:14','1994-12-11 10:58:43'),
('3303','697','2','558823864','1989-07-16 12:22:44','1973-05-04 09:57:35'),
('3304','646','5','99160506','1992-03-10 18:13:53','1995-10-27 00:45:10'),
('3305','760','5','1370','1987-07-23 18:22:05','2014-02-19 02:35:48'),
('3306','14','5','1910','2014-07-11 15:23:36','2018-05-25 01:54:45'),
('3307','324','3','42315129','1996-09-11 05:12:31','1978-12-30 21:50:03'),
('3308','62','4','5','1988-11-09 05:32:25','1993-04-20 02:33:38'),
('3309','953','5','7150','1997-03-07 14:55:47','1993-02-26 08:59:10'),
('3310','397','4','43','2018-04-23 01:38:22','2014-08-01 17:59:38'),
('3311','982','5','94987108','1992-07-02 13:21:11','1994-08-16 02:22:34'),
('3312','268','5','2183898','1986-09-20 17:47:16','2008-12-25 04:49:37'),
('3313','718','1','2','2014-02-09 16:51:36','2007-03-09 14:48:30'),
('3314','193','4','3275253','1987-04-05 16:09:34','1971-05-04 10:24:57'),
('3315','61','1','5726890','1995-03-20 11:58:43','1988-03-07 04:46:31'),
('3316','821','4','0','2005-09-17 07:14:11','2004-04-03 02:28:28'),
('3317','113','3','26186202','1983-02-10 13:53:12','2005-09-04 00:58:33'),
('3318','99','5','3604635','2010-03-04 09:32:39','2006-09-01 00:19:58'),
('3319','866','4','37175488','1983-11-20 21:09:53','1995-02-23 02:44:56'),
('3320','637','4','278861','1985-05-30 17:12:14','2017-04-23 23:10:45'),
('3321','713','4','635057736','2019-12-11 22:40:34','1983-01-15 11:15:23'),
('3322','441','1','51279','1995-11-27 23:04:21','1987-01-02 06:47:17'),
('3323','216','3','0','1982-04-27 11:35:35','2008-01-11 03:28:35'),
('3324','644','1','821377','1993-09-23 09:43:45','2016-06-12 18:26:26'),
('3325','375','1','0','1990-01-04 15:55:22','2018-12-16 18:54:04'),
('3326','956','2','1','2020-02-19 02:36:58','1978-05-18 12:29:04'),
('3327','987','2','700799','1998-10-21 11:02:27','2011-11-18 00:53:01'),
('3328','353','4','38267476','1985-12-23 16:53:02','2019-11-16 19:30:50'),
('3329','262','3','1617','1995-04-07 18:39:19','1971-12-13 14:26:51'),
('3330','499','2','16054','1997-03-05 03:19:34','1970-03-04 17:45:25'),
('3331','698','2','0','1970-01-15 17:26:42','2018-08-21 09:46:30'),
('3332','932','5','124','2002-02-13 04:57:19','2011-05-12 23:55:24'),
('3333','853','1','351088','1998-03-08 22:32:11','1998-02-15 23:24:04'),
('3334','619','4','128103667','2005-04-20 23:29:19','1972-11-01 19:46:20'),
('3335','773','2','329867454','1983-01-26 11:38:36','1988-04-05 12:41:26'),
('3336','344','3','2958988','1982-11-26 14:20:40','1991-08-27 09:49:18'),
('3337','907','4','364676211','1978-09-13 02:51:27','2017-07-11 16:52:26'),
('3339','286','1','1','1973-03-01 12:05:24','2015-10-23 05:01:25'),
('3340','291','4','7675834','1992-12-24 06:53:51','1993-08-25 04:51:45'),
('3341','207','2','54','1990-05-10 17:17:51','2003-01-29 20:29:13'),
('3342','16','1','193630368','1992-09-04 21:16:56','1977-08-23 04:34:59'),
('3343','470','2','27286','1994-12-07 05:24:02','2003-02-10 11:37:09'),
('3345','913','2','284','1991-12-14 02:28:46','1979-06-09 18:44:53'),
('3346','53','4','496','2013-11-07 05:53:22','2004-01-14 11:08:01'),
('3347','716','5','381','1970-07-09 16:31:18','1982-08-22 00:51:36'),
('3348','420','3','3055357','1973-02-05 04:58:57','1980-05-07 19:47:26'),
('3349','14','1','0','2004-12-26 04:55:19','1994-01-01 00:02:03'),
('3351','294','4','770','2013-11-24 16:20:33','2006-11-08 07:16:30'),
('3352','273','2','1','1974-05-15 23:47:24','2013-05-28 02:07:14'),
('3353','413','4','0','1977-02-20 04:21:02','1997-01-05 13:41:39'),
('3354','323','4','4674106','2017-04-11 03:28:16','1995-12-02 23:35:59'),
('3355','960','4','31675','1975-10-08 12:18:06','2000-11-05 09:37:23'),
('3356','358','1','29939','1977-09-30 12:57:12','2012-12-13 04:48:05'),
('3357','860','2','323','2009-11-20 02:04:58','1991-01-05 09:30:25'),
('3358','359','2','1285','1973-03-10 22:10:49','2012-12-01 22:32:37'),
('3359','740','2','79007','1972-04-23 10:04:21','1977-11-02 10:31:57'),
('3361','653','1','198036','2011-09-05 21:59:44','1979-04-21 05:39:07'),
('3362','262','2','168827952','2008-11-04 17:52:50','1985-09-15 17:07:29'),
('3363','97','4','1','2005-06-08 22:55:33','1971-11-22 22:21:15'),
('3364','936','1','603951','1980-04-03 19:36:51','1997-10-24 23:28:02'),
('3365','720','2','0','2013-04-07 23:57:10','1970-02-28 07:47:01'),
('3366','897','1','224606364','1999-11-17 22:16:01','1994-02-15 18:34:01'),
('3367','850','1','462474','2005-07-08 03:35:10','1997-01-29 08:38:18'),
('3368','214','2','0','1977-12-13 08:05:03','1985-07-07 18:17:45'),
('3369','962','3','8542804','2009-12-07 03:06:13','2008-09-17 21:06:42'),
('3370','960','5','0','1992-10-04 16:02:56','1977-12-05 23:10:58'),
('3371','150','2','4373860','1994-08-07 22:26:27','1979-12-04 08:55:08'),
('3372','87','1','42','1997-11-25 22:29:59','2008-03-10 18:39:10'),
('3373','690','3','8','2003-02-02 21:50:52','1972-07-19 08:57:05'),
('3374','339','3','0','1996-09-19 10:06:38','1988-09-19 17:31:58'),
('3375','702','2','3074013','2005-09-14 01:18:53','1973-04-26 06:14:40'),
('3376','82','2','0','2008-12-22 21:50:39','1977-04-09 16:19:50'),
('3377','511','2','2','1992-01-09 07:52:36','1972-10-28 07:28:14'),
('3378','721','4','0','2000-07-27 17:07:58','2016-08-10 18:23:21'),
('3379','25','4','1','2014-01-27 11:40:21','2019-08-10 20:59:34'),
('3380','716','4','142009','1999-06-02 22:55:49','1982-05-28 11:02:22'),
('3381','877','4','468371465','1986-09-18 12:36:03','1998-10-17 14:05:57'),
('3382','759','4','18749','2005-08-13 02:38:20','2000-03-23 10:00:28'),
('3383','781','5','7276392','2001-05-01 02:49:06','2013-11-21 06:31:41'),
('3384','989','4','194079428','1970-08-03 00:38:01','2004-05-24 16:54:37'),
('3385','509','5','0','1971-04-01 21:17:11','2012-05-05 20:48:24'),
('3386','664','4','182','2001-08-13 09:34:27','1976-06-08 09:09:25'),
('3387','266','4','14','2014-02-25 05:45:36','2019-10-19 04:41:50'),
('3388','667','5','0','1994-06-11 03:06:31','1982-03-21 20:33:04'),
('3389','195','1','40','2013-04-03 13:09:24','1977-11-04 22:30:35'),
('3390','385','5','25588','2017-09-27 09:46:03','2015-12-22 10:28:37'),
('3391','404','3','0','2006-12-11 20:53:17','1980-07-06 23:08:36'),
('3392','250','5','768','1975-09-06 12:48:09','1977-11-30 21:46:21'),
('3393','810','5','154514','1980-04-03 10:58:44','2019-01-27 14:59:59'),
('3394','520','5','0','2002-01-01 23:19:54','1972-08-19 16:32:16'),
('3396','580','3','96714','1991-12-20 22:18:07','1979-09-29 20:59:35'),
('3397','848','2','28686872','2019-03-29 10:03:06','1995-10-19 02:07:16'),
('3398','230','4','12517490','1977-11-18 06:18:45','2008-03-13 15:56:53'),
('3399','310','2','43893','2010-07-22 15:58:47','2003-07-01 07:31:08'),
('3400','370','5','5','1997-04-04 07:29:02','1976-01-08 10:45:46'),
('3401','166','1','16780','1993-05-29 12:24:39','1977-05-19 11:28:15'),
('3402','475','3','118','1982-03-23 11:44:53','1980-09-30 00:02:09'),
('3404','386','5','0','2002-10-25 05:42:39','1980-04-16 19:00:47'),
('3405','148','4','1447151','1981-03-26 21:28:55','1982-09-11 17:40:35'),
('3406','874','3','1286','1994-11-10 12:55:44','1998-10-14 02:28:47'),
('3407','236','1','2001907','2007-02-23 08:43:42','2007-07-07 05:45:55'),
('3408','464','1','673','1984-09-11 01:34:57','1994-05-17 20:39:39'),
('3409','94','5','313738353','2008-07-19 18:17:13','1977-12-09 17:16:38'),
('3410','880','4','8','2019-10-27 09:25:05','2011-09-03 12:26:55'),
('3412','223','1','1332','2009-05-20 06:47:11','1994-11-21 00:26:15'),
('3413','797','3','0','1977-01-19 16:43:12','2011-12-29 13:13:46'),
('3414','694','1','0','1984-08-01 17:14:52','2019-06-18 14:53:29'),
('3416','923','5','425372','1973-09-21 03:17:26','1981-05-16 21:10:42'),
('3417','95','2','34','1990-11-09 16:48:28','2011-09-20 13:45:47'),
('3418','265','5','0','1980-03-11 00:52:17','1988-10-29 15:35:09'),
('3419','539','4','11','1978-11-07 12:59:17','1987-11-10 10:04:48'),
('3420','855','4','1','2016-03-15 21:27:42','1974-11-03 17:50:00'),
('3421','420','4','339','1971-07-22 00:44:33','1979-02-01 12:26:06'),
('3422','237','4','175557','2010-12-05 13:26:38','1977-08-12 03:41:58'),
('3423','851','4','163987689','1989-09-17 15:17:12','2006-10-23 20:06:04'),
('3424','701','5','191941','2005-05-18 05:43:12','2007-01-30 17:25:17'),
('3425','684','3','233672','2017-11-15 09:46:14','2018-03-02 20:47:27'),
('3426','665','5','10','1982-04-13 14:33:01','1978-03-31 07:18:45'),
('3427','39','5','0','2016-09-08 15:36:15','1992-01-05 23:39:19'),
('3428','968','5','0','1990-04-30 06:41:54','2014-01-14 06:50:54'),
('3429','339','4','5955','1972-05-11 07:17:13','1996-01-19 18:12:08'),
('3431','724','5','30969635','1979-12-15 16:39:55','1982-11-20 07:17:55'),
('3432','843','5','3149','1989-10-15 02:39:09','1985-09-03 01:09:24'),
('3433','260','1','5','1985-04-14 00:46:07','1972-01-23 02:19:35'),
('3434','696','4','198','2013-01-04 10:28:20','2012-05-10 05:42:07'),
('3435','757','3','0','1980-12-10 20:27:25','2014-05-23 22:03:58'),
('3436','485','1','66725','2012-09-08 03:28:02','1986-08-15 21:15:39'),
('3438','831','1','213','1977-10-30 00:59:31','1990-04-11 05:03:28'),
('3439','421','3','0','2001-03-09 18:43:50','1992-05-07 13:24:21'),
('3440','73','1','23','1982-08-22 14:30:46','2018-10-15 14:09:13'),
('3441','111','4','235964','2017-05-24 05:50:42','1995-01-02 07:01:40'),
('3442','6','1','8','1998-11-19 02:39:27','1990-02-12 14:37:43'),
('3443','625','5','24994973','2003-05-07 11:29:09','2017-07-17 10:56:25'),
('3444','985','5','4','1970-01-15 07:47:28','2016-06-23 17:18:15'),
('3445','635','5','177','2017-05-07 22:04:29','2009-09-02 19:10:29'),
('3446','972','2','11','2007-04-11 03:34:44','2005-04-08 19:35:00'),
('3447','787','5','333704','2005-06-18 12:23:37','1997-04-09 12:51:24'),
('3448','177','1','2608','2005-08-23 18:43:34','2005-05-24 12:51:17'),
('3449','921','5','20739134','1987-01-07 14:20:22','1993-10-29 23:40:02'),
('3450','845','4','5','1996-09-06 03:23:03','1984-10-18 15:08:33'),
('3451','422','2','1','1985-10-05 08:26:11','1977-03-23 22:51:00'),
('3452','853','4','0','1999-05-28 08:58:39','2020-01-03 23:32:34'),
('3453','50','4','81925139','1971-01-28 17:47:36','1997-11-16 14:25:52'),
('3454','828','3','21260389','1972-09-11 02:11:56','1998-12-21 17:50:39'),
('3455','214','5','7728','1998-09-13 13:53:17','1986-12-14 11:05:07'),
('3456','574','2','315514','2010-12-05 21:08:46','2011-01-13 08:51:37'),
('3457','638','3','23208979','1972-03-31 14:04:12','1994-10-10 04:07:51'),
('3458','474','2','3377614','2006-04-25 23:04:15','1979-04-17 01:23:48'),
('3459','554','3','568926','1994-05-12 03:46:23','1996-05-16 07:22:23'),
('3460','226','1','4130943','1997-09-01 20:58:35','2002-09-23 08:14:35'),
('3461','383','1','8','2014-01-18 05:29:34','1990-07-18 00:04:13'),
('3462','547','1','7996','1982-08-05 19:56:51','1974-04-20 16:03:06'),
('3463','11','4','911','2001-09-17 00:50:24','1985-12-21 12:19:22'),
('3464','216','5','27511','2014-04-27 04:53:46','1976-07-16 17:43:16'),
('3465','595','1','2691918','1976-01-10 06:40:16','1984-03-22 20:02:39'),
('3466','608','1','709470','2011-07-04 04:52:03','1977-04-21 01:41:46'),
('3468','716','3','230684','1976-09-23 15:06:49','2005-11-23 03:56:42'),
('3469','143','3','0','2016-12-06 04:23:20','2013-03-16 01:40:44'),
('3470','909','2','5185493','1995-01-30 19:07:45','1998-08-25 11:22:44'),
('3471','444','3','313475','2014-02-23 08:23:03','2011-05-08 01:16:24'),
('3472','680','1','285','2010-05-05 07:17:36','2012-01-02 16:31:43'),
('3473','62','1','350902','1990-05-31 09:45:26','2016-09-06 03:37:50'),
('3475','611','3','533','1979-11-14 00:05:59','1992-02-12 03:59:33'),
('3477','766','2','8','1970-04-02 00:46:07','2007-01-12 23:29:45'),
('3478','162','4','566150','2012-09-02 22:28:00','1985-02-09 00:22:37'),
('3479','74','2','7932756','2009-12-19 21:48:16','1979-10-30 04:40:48'),
('3480','706','4','27079875','1995-07-18 03:10:53','1994-11-08 05:36:27'),
('3481','437','2','0','2006-03-05 07:10:15','1993-01-26 09:58:14'),
('3482','685','5','34504965','1971-04-15 08:29:08','1989-07-08 23:09:11'),
('3483','773','3','433101120','2013-08-13 11:55:11','1970-12-20 16:16:38'),
('3485','944','1','262308','1973-07-25 23:19:21','1975-12-27 09:51:55'),
('3486','272','2','295833611','1971-09-09 21:51:34','1982-12-01 09:28:39'),
('3487','654','5','622','1996-12-25 23:40:11','1976-05-11 04:51:13'),
('3488','469','4','17744578','1997-04-29 14:46:38','1983-08-22 04:59:18'),
('3489','105','5','5794','1980-04-07 04:47:56','1991-09-15 23:08:43'),
('3490','331','4','2','2016-09-17 13:41:30','2003-11-30 07:07:05'),
('3491','380','1','18880','1986-12-03 02:38:24','1993-05-16 05:39:11'),
('3492','708','1','355705561','1989-11-28 18:07:44','1992-10-09 02:11:00'),
('3493','486','5','4349301','2004-04-18 17:14:09','2003-11-29 18:35:38'),
('3494','920','3','55187667','1988-11-21 06:45:46','1979-04-01 07:07:10'),
('3495','247','4','10963356','2019-03-15 01:28:56','2007-07-06 17:27:23'),
('3496','227','4','8172957','1970-08-03 07:33:41','1984-02-17 08:57:10'),
('3497','939','5','334883','1989-03-30 22:34:37','1970-11-05 23:05:43'),
('3498','509','4','1','2015-01-04 12:20:03','1997-01-29 17:16:38'),
('3499','312','4','5','2004-02-05 10:48:26','1999-09-14 06:24:53'),
('3500','626','2','0','2009-12-05 14:00:02','1980-11-18 20:24:42'),
('3501','944','5','364161749','2000-06-01 21:53:51','2016-06-18 03:40:50'),
('3502','642','3','0','2003-10-17 12:38:44','1973-08-26 21:08:44'),
('3504','312','5','2','2019-10-06 04:55:38','1989-11-23 01:29:24'),
('3506','667','2','3071','2002-11-29 19:17:30','2004-09-28 14:41:59'),
('3507','778','2','0','2013-02-02 11:22:09','2006-09-04 21:24:14'),
('3508','446','2','208958','1971-12-17 02:39:31','1995-10-28 15:16:22'),
('3509','244','2','167','1982-02-23 09:10:09','1971-09-12 06:43:55'),
('3510','822','3','90657','1991-04-08 12:40:25','1997-01-05 10:53:48'),
('3511','992','1','4828','1982-11-17 23:27:10','2009-02-10 02:53:37'),
('3512','173','5','37118','1976-08-16 13:55:34','1987-09-12 00:38:00'),
('3515','452','2','2','2009-05-31 09:36:35','2003-11-14 02:46:14'),
('3516','527','2','323','2019-07-29 07:29:43','2005-09-23 09:29:14'),
('3517','163','1','60386','2009-01-02 19:53:33','1984-12-15 13:14:35'),
('3519','278','2','168','2012-01-04 07:35:04','1996-10-02 21:26:25'),
('3520','962','1','39932121','1990-06-26 13:36:57','1977-03-21 13:51:22'),
('3521','947','4','79734184','1989-09-20 01:02:36','1999-02-22 11:41:59'),
('3522','501','4','432668171','1983-06-13 05:12:07','1986-07-03 23:28:19'),
('3523','3','5','6352','1973-01-28 21:52:07','2010-01-27 06:41:43'),
('3524','988','2','0','2007-12-15 16:48:33','1996-09-13 10:14:01'),
('3525','313','5','3628495','1995-03-19 04:07:42','1971-04-11 06:17:19'),
('3526','736','2','190','2006-12-08 07:15:15','1976-06-30 08:23:43'),
('3527','858','5','7','2004-06-03 07:39:38','1985-12-14 10:31:09'),
('3528','234','5','0','1993-07-08 23:38:44','1994-08-09 14:28:29'),
('3529','588','5','1974481','1974-01-28 18:35:01','1997-04-09 03:55:50'),
('3530','90','1','636','2015-12-24 17:44:45','2003-03-12 08:17:39'),
('3531','140','4','5643','2019-10-04 00:26:21','1980-03-18 06:06:23'),
('3532','435','2','9838','2012-04-06 16:42:24','2019-12-10 20:07:12'),
('3533','784','3','528934715','1985-03-24 00:49:17','2016-11-26 12:11:10'),
('3534','312','1','1485647','1986-12-13 20:44:44','1979-08-22 18:24:08'),
('3535','730','2','273166','1999-03-17 10:42:11','1998-09-09 05:29:27'),
('3536','261','4','679','2015-11-10 07:53:03','1990-03-05 00:18:36'),
('3537','902','4','319613545','1988-04-13 19:42:17','1975-03-28 00:29:30'),
('3538','400','5','130272','1971-11-18 04:26:43','1989-03-27 18:40:20'),
('3539','707','2','7624','2009-01-20 15:50:00','1995-11-28 23:28:24'),
('3540','151','1','0','2003-03-17 22:32:45','2019-11-07 00:51:11'),
('3541','197','5','1957395','1988-11-13 08:48:46','1989-02-16 12:09:06'),
('3542','323','1','5514037','2014-10-22 02:40:59','2003-09-29 04:50:15'),
('3543','794','3','0','2008-01-29 12:26:43','1986-09-24 15:42:16'),
('3544','873','2','187','1999-03-15 23:07:23','2016-09-05 23:44:22'),
('3545','430','5','10444','1990-12-05 12:54:21','2018-04-15 18:29:58'),
('3547','577','5','75','1988-06-29 19:48:27','1989-06-19 19:16:33'),
('3549','282','1','51516957','1985-07-02 16:46:21','1974-02-22 07:45:04'),
('3550','422','1','48420369','1982-06-07 16:31:46','2004-05-24 05:08:07'),
('3551','456','4','527','1974-10-03 03:45:48','1976-09-24 10:09:27'),
('3552','687','2','1','2011-03-16 22:49:27','2008-04-01 01:17:34'),
('3553','443','1','182','2009-02-14 08:28:17','2002-10-02 11:52:35'),
('3554','262','1','1','1972-08-17 22:11:32','2003-09-10 19:31:06'),
('3555','474','3','204387312','2005-12-25 15:06:23','1983-08-29 21:39:24'),
('3556','168','4','9418','1974-11-22 22:28:15','2014-07-19 11:56:53'),
('3557','298','3','121','1972-01-16 02:20:25','1996-03-10 09:54:15'),
('3559','47','3','2751','2010-12-14 20:22:09','2018-02-10 11:09:42'),
('3560','472','3','25687','1971-06-07 02:40:38','2008-07-25 02:48:32'),
('3561','559','5','460024','2002-12-30 15:21:32','1999-05-03 11:41:22'),
('3562','45','1','810','2012-01-18 22:23:55','2005-03-12 07:44:21'),
('3563','747','5','337639','1972-12-27 16:15:12','2012-04-13 19:57:02'),
('3564','496','1','26782453','2014-08-14 06:06:19','1982-05-12 23:29:47'),
('3565','96','5','9','2002-06-29 22:42:02','1995-04-09 22:14:20'),
('3566','39','3','3131','1998-09-06 04:31:04','1988-07-22 05:02:38'),
('3567','599','4','44963','1993-02-16 07:06:31','2002-04-19 12:12:06'),
('3568','909','1','1','2016-08-31 17:06:14','2008-02-19 02:53:54'),
('3569','813','1','356362','2011-04-24 16:46:12','1972-01-13 12:50:57'),
('3570','190','2','67305','2007-07-22 13:14:41','1993-10-24 15:00:23'),
('3572','957','5','4285157','1975-09-10 05:31:39','2006-01-27 18:10:36'),
('3573','848','4','45394','1996-02-10 11:46:40','2004-02-05 06:04:55'),
('3574','969','5','2390631','1981-11-03 16:10:26','1977-01-29 11:13:58'),
('3575','278','3','393','1979-11-07 06:24:14','1975-06-15 01:33:54'),
('3576','371','5','8674314','2019-07-24 02:12:16','1975-11-12 18:25:42'),
('3578','971','1','3','1995-01-11 19:03:40','1995-04-25 01:41:35'),
('3579','329','3','4072915','1990-11-20 10:59:01','1980-08-15 23:53:35'),
('3580','106','3','373185','1970-12-29 13:00:12','2013-09-24 19:29:58'),
('3582','976','5','523','1978-10-11 02:57:41','2018-08-12 20:37:18'),
('3583','871','5','259263','2007-05-14 16:23:28','2020-02-21 09:58:36'),
('3584','21','4','755','1979-06-08 19:43:28','1983-05-18 14:53:22'),
('3585','53','2','1','1994-01-04 00:12:44','1998-05-17 01:21:29'),
('3586','969','4','2015367','2008-03-15 13:31:42','1980-03-10 04:58:41'),
('3587','568','5','43','1983-01-02 02:43:24','1988-07-29 17:25:18'),
('3588','512','3','5823792','2017-04-22 08:34:54','1992-12-27 00:31:49'),
('3589','607','3','0','1980-12-24 08:32:03','1983-03-04 14:06:56'),
('3590','310','5','24415138','1995-06-25 06:49:22','1999-02-17 02:04:26'),
('3591','921','4','21','1978-08-23 05:35:07','1975-04-11 06:11:16'),
('3592','721','2','3','1996-11-28 02:28:59','1978-08-01 22:08:22'),
('3593','95','4','3364610','1996-11-29 01:54:54','2002-01-01 15:07:40'),
('3595','158','3','4881','1974-12-13 04:35:26','2015-02-20 02:53:41'),
('3596','847','3','0','1991-04-22 15:53:34','1987-10-01 14:34:09'),
('3597','580','5','3','2003-11-04 06:03:50','1993-06-18 06:43:34'),
('3598','521','3','205081122','1988-07-20 05:46:04','2003-03-14 11:13:32'),
('3599','706','3','14','2003-11-08 20:52:09','1976-11-30 11:55:41'),
('3601','753','1','2808916','1996-04-16 02:01:47','1991-05-19 03:43:38'),
('3602','392','2','252132','1973-05-31 14:32:13','1979-10-24 18:45:31'),
('3603','27','5','707804305','1973-09-25 04:10:59','1982-04-12 02:46:20'),
('3604','736','4','2064','1982-06-08 10:25:39','2019-02-20 17:16:15'),
('3605','384','1','6596','1974-11-14 18:30:04','2002-01-15 16:46:50'),
('3606','518','2','2149','2009-08-22 03:30:13','2003-01-28 19:51:35'),
('3607','726','2','35955238','2018-08-23 11:31:19','1988-04-29 18:59:18'),
('3608','555','5','2','1974-02-26 21:15:32','1993-10-23 00:02:37'),
('3609','931','5','3526','1992-12-23 21:00:13','1975-05-23 07:06:40'),
('3610','242','1','5','2002-09-16 05:38:51','2011-07-16 12:35:17'),
('3611','319','1','122197319','1994-07-10 14:51:08','2015-05-26 12:31:01'),
('3613','910','1','9269025','1981-01-01 21:58:38','2014-09-01 16:32:51'),
('3614','348','4','8','1993-11-25 13:16:50','1998-07-06 06:40:55'),
('3615','692','3','0','1994-08-06 02:59:05','1980-08-02 19:16:41'),
('3616','374','3','552','1999-05-28 22:34:59','2011-11-09 17:45:05'),
('3617','580','4','0','2014-06-15 04:18:12','2014-01-02 01:14:18'),
('3618','763','4','146909','2009-10-04 12:04:26','2002-11-22 10:10:39'),
('3619','668','3','32','2007-10-03 05:58:54','1977-01-02 04:21:06'),
('3620','240','1','130980426','2001-08-04 20:55:39','1972-05-17 10:40:44'),
('3621','544','4','39464','2009-10-27 03:27:18','2014-10-03 04:22:47'),
('3622','356','2','2648525','1986-02-23 19:04:34','1987-08-23 15:38:33'),
('3623','996','5','433','1990-11-20 18:08:40','1977-12-12 02:13:22'),
('3624','88','5','9033','2008-04-09 00:43:07','1981-09-26 20:39:52'),
('3625','794','2','227261443','2013-08-03 02:06:56','1983-10-01 14:33:17'),
('3627','418','4','15011271','1989-06-18 04:09:17','2004-12-30 02:24:18'),
('3628','11','2','37933367','1982-08-27 12:36:57','1975-05-11 09:24:09'),
('3629','792','2','53805662','1971-12-22 10:25:41','1984-08-26 20:46:43'),
('3631','837','2','0','2012-11-16 09:44:22','1971-07-12 03:18:26'),
('3632','926','3','28749348','1990-12-29 07:41:06','1979-02-09 23:17:32'),
('3633','80','4','18','1970-02-10 21:09:02','2010-08-30 01:54:35'),
('3634','23','4','265213','1974-01-25 12:38:41','1994-01-22 11:47:15'),
('3635','187','2','5831887','1975-12-14 12:20:53','2015-12-19 22:46:06'),
('3636','800','4','7','1988-11-21 18:13:26','2015-05-28 19:08:12'),
('3637','19','1','652','1992-11-30 22:34:00','2007-01-29 15:10:51'),
('3638','999','1','0','2005-10-29 06:52:01','2016-10-30 20:19:10'),
('3640','940','5','2','1991-07-10 15:51:16','1974-09-05 09:29:41'),
('3642','972','5','0','1982-08-26 13:00:51','1993-08-30 20:30:28'),
('3643','597','5','338538','1980-10-26 00:19:15','2018-04-17 03:55:32'),
('3644','160','2','1','2006-02-20 18:33:07','2002-12-02 12:52:40'),
('3645','339','1','0','1982-03-12 11:49:41','2017-02-24 10:02:45'),
('3646','871','1','0','1975-10-20 01:44:50','2009-12-26 15:44:51'),
('3647','417','4','12','1972-03-14 17:33:05','1999-04-07 15:22:24'),
('3648','591','3','3159187','1984-04-04 16:48:21','1983-08-28 05:51:33'),
('3649','485','4','11','1971-03-13 05:53:12','2016-11-24 14:56:25'),
('3650','245','4','18741','2014-05-19 09:06:49','2000-10-27 14:13:44'),
('3651','874','1','0','1990-08-22 23:16:17','2013-05-06 09:51:51'),
('3652','402','5','0','1981-01-16 05:57:45','2003-12-22 12:59:59'),
('3653','199','2','2','2008-06-15 01:36:29','2006-10-11 17:27:17'),
('3654','907','2','11781262','1975-08-23 21:40:12','2006-05-15 22:30:33'),
('3656','122','5','51','2005-05-14 10:56:42','1998-12-25 05:05:14'),
('3658','734','2','58','1998-09-03 00:07:24','2010-03-01 06:34:01'),
('3659','74','5','1','2010-02-07 19:18:08','1975-09-06 06:02:40'),
('3661','995','4','13686','1998-07-30 07:56:59','2005-11-08 10:47:01'),
('3662','587','3','1365','1977-12-30 13:45:32','1977-02-08 01:53:36'),
('3663','451','1','2193','1998-02-10 04:46:47','1979-12-22 21:50:14'),
('3664','908','5','920','2005-12-05 12:57:03','1984-08-15 13:44:15'),
('3665','789','1','242191','2019-03-11 00:49:24','2016-04-20 01:50:39'),
('3666','607','4','736313','2015-11-15 10:40:13','2009-03-21 13:48:37'),
('3667','196','1','26099268','1997-11-14 03:44:35','1979-02-01 16:07:07'),
('3668','555','2','42','1974-03-02 00:20:40','1993-05-24 20:20:48'),
('3669','408','3','0','1996-01-23 00:12:48','2015-09-15 02:29:08'),
('3670','657','5','263570639','1976-05-30 16:37:26','2011-07-12 02:41:42'),
('3671','307','4','0','1978-03-19 01:22:08','1981-01-02 22:18:34'),
('3672','795','1','27','1977-09-20 22:28:12','1976-09-12 16:08:30'),
('3673','871','3','4131826','2006-10-14 22:51:20','1983-08-13 19:50:23'),
('3674','503','5','29618906','1983-10-04 12:37:10','2019-03-09 00:29:44'),
('3675','421','2','84','1989-01-29 20:40:59','1995-10-31 02:16:43'),
('3676','357','3','141161','1973-05-29 08:36:50','2012-01-27 02:34:01'),
('3678','826','2','29595333','2019-08-20 18:53:35','2004-04-21 22:23:09'),
('3679','120','4','4875','1985-06-27 02:13:50','1972-06-01 12:02:08'),
('3680','325','5','6475','2000-06-03 07:15:50','2003-11-20 05:29:16'),
('3681','886','5','5816','2000-01-26 09:05:08','1971-10-15 09:19:13'),
('3682','571','1','9604892','1975-05-20 22:45:01','2007-01-25 11:28:29'),
('3684','475','2','200500661','2010-01-17 03:15:18','2001-12-12 19:15:01'),
('3685','587','1','0','2008-11-03 03:27:50','2006-01-06 15:31:32'),
('3686','242','5','3','2014-04-26 14:46:34','2010-07-15 00:52:20'),
('3688','1000','4','85054','1992-03-08 00:35:05','1993-11-29 17:18:39'),
('3689','564','3','4','2009-10-18 15:13:50','2007-11-21 05:17:38'),
('3690','725','5','1843','2006-09-09 19:28:09','2005-08-17 18:06:03'),
('3691','788','1','0','1979-03-31 06:08:36','1988-02-13 13:00:19'),
('3692','399','4','2906','2002-11-05 20:38:08','1989-08-04 12:18:55'),
('3693','24','2','98129','2005-06-27 14:31:59','1985-05-02 00:26:34'),
('3694','118','1','25537','1979-09-11 17:42:14','1972-08-03 03:15:33'),
('3696','52','5','10692','2014-03-09 05:54:21','2006-02-24 14:14:11'),
('3697','374','4','15670','1992-12-20 21:51:38','1993-06-02 09:45:18'),
('3698','923','2','40','1985-12-26 02:04:23','1989-12-08 12:43:51'),
('3699','749','2','54169','1976-08-02 22:03:58','1996-01-24 08:10:05'),
('3700','660','2','0','1993-04-21 12:14:41','1972-01-01 10:58:09'),
('3702','229','3','2374663','1985-12-16 13:51:54','1985-12-31 20:34:49'),
('3703','937','2','437875','1986-11-09 11:35:54','2018-03-11 16:00:19'),
('3704','217','3','121717','1974-11-25 04:34:46','2006-03-19 19:00:38'),
('3705','730','5','3','1993-11-16 13:26:07','1979-09-03 16:16:16'),
('3706','485','3','2169','1994-02-17 13:36:10','2015-09-09 07:20:36'),
('3707','22','5','623448','1990-12-27 15:12:28','1982-12-02 09:34:45'),
('3708','245','1','608556437','1991-10-15 20:44:23','1982-02-16 13:44:30'),
('3709','107','2','289219130','1973-05-27 08:15:13','2005-04-16 01:35:29'),
('3710','189','1','46','1992-03-25 12:57:52','1990-09-20 23:07:26'),
('3711','804','2','36926','1985-11-16 03:22:18','2001-09-28 23:04:05'),
('3712','906','1','4','1988-04-11 23:03:22','1979-04-12 21:11:46'),
('3713','863','5','237553','1975-03-23 17:12:04','1992-08-02 19:49:46'),
('3714','490','4','20690370','1975-02-14 19:21:55','2008-07-02 20:32:16'),
('3715','225','1','234707','1994-02-15 05:56:12','2010-06-14 22:19:09'),
('3716','946','4','9590345','1997-11-30 20:15:48','1994-03-16 14:39:46'),
('3717','51','1','48','1993-01-26 12:52:19','1996-04-26 01:11:33'),
('3719','402','3','0','2006-06-05 15:05:47','1999-12-07 15:25:44'),
('3720','488','1','26592','1997-03-07 17:34:16','1998-03-25 08:26:08'),
('3721','347','5','4','1997-12-12 11:01:38','1978-10-28 00:02:00'),
('3722','648','2','196670','2009-04-20 10:46:14','2018-08-07 04:08:33'),
('3723','856','5','62643','1982-07-09 14:45:12','2018-01-27 23:27:31'),
('3724','413','5','7','2006-12-05 19:46:06','1978-11-03 20:17:56'),
('3725','253','4','48676','1996-04-23 20:08:31','1978-04-11 08:51:31'),
('3726','26','1','9443','1970-09-07 04:55:27','2004-05-24 03:52:26'),
('3728','233','4','3846642','1987-09-01 07:48:23','2014-05-09 22:02:40'),
('3729','760','4','3274','1994-11-25 15:41:46','2017-03-13 08:42:04'),
('3730','316','5','9470','2004-04-10 02:35:37','1979-05-31 17:42:02'),
('3732','738','5','20055584','1981-07-19 18:31:46','2010-07-06 07:38:20'),
('3733','435','5','558833','1980-04-01 22:33:15','2019-05-23 19:26:39'),
('3735','333','2','585','1997-01-21 10:41:32','2001-01-07 15:27:29'),
('3736','967','4','55','2002-11-25 15:29:09','1991-04-30 08:53:00'),
('3737','368','4','692098986','2016-04-28 06:20:01','1992-12-16 17:56:40'),
('3738','46','2','120615430','1999-09-21 10:56:08','1981-04-03 15:00:34'),
('3739','506','3','2479','1989-04-14 00:01:06','1971-08-15 13:02:28'),
('3741','60','2','5','2005-07-31 14:45:30','2004-04-15 09:05:40'),
('3742','814','5','497633294','2009-05-06 06:32:42','2006-04-16 15:17:37'),
('3743','142','1','682748','1999-07-02 01:04:39','1993-10-15 15:27:35'),
('3744','606','5','1','2017-11-10 18:49:46','2012-01-16 23:55:36'),
('3745','768','5','572797438','1994-08-25 04:06:11','2012-06-21 07:23:49'),
('3746','886','4','5149278','2005-08-30 05:09:20','2018-02-08 17:15:30'),
('3747','181','4','5269','1997-09-24 03:57:47','2004-06-01 06:37:26'),
('3748','560','4','3769804','1973-03-04 09:20:36','1983-12-02 06:57:00'),
('3750','451','5','4022','1978-12-18 13:46:06','1988-12-03 17:06:51'),
('3751','862','3','22193','1994-12-28 04:40:57','2010-08-20 06:01:27'),
('3752','560','2','88272','2018-03-31 06:29:52','1988-05-04 22:09:29'),
('3753','31','4','589','1997-11-29 02:16:27','2008-04-02 07:21:41'),
('3754','452','3','5494029','1989-05-29 06:43:03','1979-10-23 00:25:23'),
('3755','64','4','921825958','1985-05-16 18:51:09','1988-09-18 06:00:47'),
('3756','294','1','126','2015-08-23 00:44:34','1973-09-04 20:13:10'),
('3757','846','1','116605','2006-03-29 11:14:32','1996-06-16 04:07:33'),
('3758','25','5','5','2005-08-14 09:32:55','1970-08-26 19:36:37'),
('3759','153','4','372590','1970-03-21 01:45:39','2015-12-09 15:37:33'),
('3760','888','5','78','1994-10-22 08:38:09','1974-12-14 03:53:54'),
('3761','551','4','0','1995-05-29 15:24:13','1984-07-12 11:45:56'),
('3762','559','4','60863','1979-02-02 08:29:10','1992-05-27 10:15:29'),
('3763','396','1','35012069','2003-03-23 22:44:58','1979-05-10 06:00:52'),
('3765','585','4','14986','1997-11-03 18:39:21','1990-05-16 08:54:25'),
('3766','827','3','0','1978-02-08 22:53:27','2009-02-09 08:19:38'),
('3767','215','2','9420','2017-02-02 04:03:42','2006-10-26 09:59:19'),
('3768','676','2','3073996','2005-02-11 19:31:21','1974-08-14 06:30:59'),
('3770','781','1','5244080','2002-05-31 06:53:27','2012-10-22 13:46:08'),
('3771','762','1','3105016','1973-09-09 21:32:00','2006-10-13 00:52:46'),
('3772','179','4','125046','1971-07-20 16:08:24','1991-10-05 19:21:26'),
('3773','181','2','0','1999-09-09 01:38:30','1998-02-23 08:24:18'),
('3774','594','2','1','2014-07-27 21:17:34','2018-12-09 20:43:02'),
('3775','835','3','431','1995-07-08 01:42:37','1977-04-04 02:14:29'),
('3776','254','2','5245','1985-05-02 21:17:03','2011-07-03 23:50:27'),
('3777','255','5','0','1970-10-19 08:09:04','2003-12-27 22:54:44'),
('3778','117','4','1','1993-11-26 13:25:28','1999-01-19 02:44:40'),
('3779','930','3','7','2007-08-04 22:10:50','2017-08-27 21:00:20'),
('3780','596','3','374375','2013-12-17 21:45:32','1970-11-27 00:30:40'),
('3781','261','3','3','1990-12-12 10:56:42','1982-11-19 21:26:57'),
('3782','961','3','3790088','1983-04-16 11:08:46','1993-07-11 13:40:45'),
('3783','809','4','1954','2010-10-22 11:41:02','1975-01-20 11:54:16'),
('3785','763','3','508','1987-05-04 06:18:33','2017-05-17 04:50:22'),
('3786','855','3','334988','1979-09-12 12:37:32','1986-01-13 13:27:29'),
('3787','574','1','153','2002-05-29 06:54:29','1973-01-26 19:52:21'),
('3789','238','4','0','1979-06-16 08:56:46','1973-12-25 14:56:47'),
('3790','88','1','37281','1973-08-31 07:55:59','2012-02-24 16:30:52'),
('3792','457','3','36979747','1971-04-09 10:11:52','2017-09-01 04:41:26'),
('3793','154','3','2622286','1996-11-16 13:57:57','2012-08-01 15:27:36'),
('3794','113','1','13193559','2005-01-19 09:28:48','1979-01-04 17:06:05'),
('3795','36','4','4','1979-06-23 17:44:57','1982-08-28 10:31:39'),
('3796','598','2','78964055','2020-01-15 13:06:08','1972-07-22 15:16:12'),
('3797','130','3','3574806','1981-03-02 19:47:52','1988-12-27 00:46:14'),
('3798','770','5','0','1992-02-15 18:29:54','2014-10-17 15:20:15'),
('3799','195','3','631','1989-09-07 04:06:41','2003-01-15 15:38:11'),
('3801','990','3','0','2011-06-05 05:24:16','2010-10-29 23:12:44'),
('3802','482','3','2148176','2005-11-03 19:46:06','2012-07-26 19:16:59'),
('3803','627','4','31099825','2000-07-28 05:48:08','1999-10-31 08:15:22'),
('3804','318','5','36323098','1988-12-06 02:12:29','1988-08-22 19:51:42'),
('3806','936','3','8050','1982-01-08 07:15:50','2016-10-29 05:03:39'),
('3807','746','2','325327','1988-03-17 06:44:41','2001-11-29 10:34:24'),
('3808','7','5','783976680','1994-08-28 09:15:54','1974-03-29 01:53:06'),
('3809','965','1','0','1988-02-25 01:17:15','2009-05-18 06:24:58'),
('3812','295','5','2815419','2000-09-19 21:03:20','1999-10-15 07:59:44'),
('3813','138','1','0','1983-12-09 12:00:33','1974-07-19 19:30:00'),
('3814','895','2','2297058','2003-10-21 11:49:48','1972-08-22 20:55:08'),
('3815','555','4','0','2010-11-06 19:02:35','1981-10-30 07:09:01'),
('3816','289','3','1009552','1972-09-27 03:10:40','1981-02-09 10:37:02'),
('3817','226','4','1','2013-03-10 14:27:04','1985-04-30 11:10:29'),
('3818','107','5','775105','1974-04-06 12:59:11','2010-09-23 03:04:02'),
('3819','383','3','168682','2001-12-12 07:07:27','1988-12-11 04:03:37'),
('3821','829','4','854765','1998-01-05 09:17:09','1985-02-12 13:08:19'),
('3822','266','3','39556','2002-03-14 16:23:49','1986-03-20 11:57:24'),
('3823','44','2','100085','1999-08-10 05:19:14','2006-09-26 18:35:15'),
('3824','474','1','9','2009-05-30 07:51:58','2010-11-27 15:24:55'),
('3825','392','3','20236','1995-08-17 08:33:02','1984-04-14 10:42:04'),
('3826','8','2','706','1989-02-27 08:04:56','1977-11-21 22:54:06'),
('3827','35','2','246667','1992-01-19 16:49:32','1972-04-20 14:12:37'),
('3828','175','1','0','1981-09-01 10:55:38','2016-02-14 22:18:54'),
('3829','367','1','0','2014-04-30 23:25:34','1999-10-11 15:39:23'),
('3830','504','5','113973','1992-05-13 11:15:45','1983-06-07 18:33:03'),
('3831','703','4','5','1985-01-07 17:00:33','1984-11-16 07:27:37'),
('3832','465','5','297','1982-12-19 01:33:06','2011-09-06 13:05:23'),
('3834','780','5','4704','1977-07-25 09:28:04','1978-08-17 19:19:21'),
('3836','668','5','64','1982-08-28 06:41:57','1973-08-08 09:58:16'),
('3837','147','5','10840691','2011-12-19 00:52:10','2018-03-18 19:59:03'),
('3838','398','1','0','2015-11-04 00:03:53','1986-01-03 19:29:04'),
('3839','206','5','0','2006-04-10 16:44:54','1990-12-06 04:26:48'),
('3840','199','3','2078464','1981-10-06 10:00:27','1991-10-23 01:24:41'),
('3844','532','5','15885','1986-05-13 05:41:00','1974-10-07 16:17:34'),
('3845','60','1','314','1988-09-23 17:15:16','1970-07-15 07:17:01'),
('3846','797','4','0','1996-02-11 16:29:09','2009-11-19 10:10:07'),
('3847','829','2','203','2012-05-13 03:33:21','1999-03-27 10:40:15'),
('3848','689','2','1986','1976-06-04 14:45:38','1983-03-18 04:38:08'),
('3850','339','5','105345902','1976-01-30 05:20:30','2005-12-11 08:40:07'),
('3851','963','1','44','1999-09-27 05:08:10','2009-11-06 21:00:25'),
('3852','651','1','475064','1973-12-02 11:12:01','1995-01-24 09:12:10'),
('3853','938','1','1249','1972-12-21 07:03:05','2007-11-15 20:54:47'),
('3854','301','1','5688','1988-01-30 18:55:04','1998-11-03 07:19:40'),
('3856','741','2','3025444','2008-07-13 07:09:39','1983-05-21 00:48:59'),
('3858','606','2','245','2014-04-19 00:22:25','1989-02-07 02:49:27'),
('3859','545','1','1','2006-03-08 19:43:06','1980-08-21 14:50:45'),
('3860','90','4','81219','2004-01-24 04:48:52','1990-05-11 21:59:22'),
('3861','174','5','483357909','2016-02-24 07:46:21','1980-03-12 22:13:09'),
('3862','366','1','3330','1972-02-25 09:03:17','1975-02-24 02:31:53'),
('3863','147','1','94978','1977-01-07 13:30:55','1970-10-18 23:32:42'),
('3864','395','5','20242','2005-07-18 02:20:20','1995-05-06 02:28:03'),
('3865','522','4','22238179','1975-09-18 18:44:18','1985-10-10 04:47:25'),
('3866','806','3','1345624','2013-04-27 16:09:21','1987-04-27 00:10:15'),
('3867','738','3','1','2002-01-20 18:14:52','1983-03-19 22:14:01'),
('3868','595','4','66469','2004-10-12 09:14:45','2005-04-23 08:24:42'),
('3869','506','5','0','2003-03-08 12:08:23','2006-03-30 01:18:43'),
('3870','820','3','659503','2005-01-16 13:57:36','1985-03-20 13:05:43'),
('3871','395','3','113517919','1985-04-28 13:27:04','2000-02-16 03:59:07'),
('3873','115','2','7790','2016-01-04 07:54:50','1994-09-19 04:03:15'),
('3874','314','4','0','1983-05-27 08:05:52','1977-06-27 13:43:32'),
('3875','415','3','0','1989-02-03 19:40:50','1979-10-30 12:58:06'),
('3877','290','4','0','1972-06-12 06:22:13','1995-11-17 20:07:36'),
('3878','592','3','10098017','2016-09-20 13:58:28','1989-10-14 14:23:01'),
('3879','682','5','469882','1977-11-03 11:32:34','2013-04-27 23:26:38'),
('3880','415','2','18239338','1988-12-29 13:46:15','2015-02-22 12:18:05'),
('3881','719','2','26775','1989-03-23 08:53:13','1999-06-09 11:59:24'),
('3882','688','3','3382','1988-12-06 17:11:47','2015-04-09 23:35:28'),
('3883','677','2','118221','1994-02-20 05:57:22','1989-05-05 20:55:16'),
('3884','132','1','30','1973-02-22 02:01:45','2012-05-31 08:21:16'),
('3885','177','5','3695','1996-09-10 11:33:40','2001-11-16 22:18:55'),
('3886','608','3','367662141','2010-08-13 00:46:05','2017-05-13 11:16:53'),
('3887','510','2','0','1997-08-17 17:46:09','1993-02-26 02:44:15'),
('3888','671','4','271353200','1992-01-31 06:03:27','2008-12-03 05:27:55'),
('3889','557','5','5738','1980-09-09 03:33:43','2017-07-19 02:56:45'),
('3890','284','5','338','1998-03-18 05:34:30','2000-05-30 06:37:42'),
('3893','174','1','4','2008-01-16 17:39:08','1990-01-06 17:31:52'),
('3894','114','5','3','1983-07-24 10:30:31','1978-06-13 06:24:01'),
('3895','138','3','557666','1996-09-28 03:21:00','1996-12-21 09:54:22'),
('3896','59','5','11','2008-03-29 18:49:42','1973-06-08 07:59:32'),
('3897','748','4','4','1977-01-27 01:45:42','1981-11-20 10:01:26'),
('3900','608','2','5','2007-05-14 12:39:38','1984-08-23 03:40:35'),
('3901','395','2','17146','1982-06-23 02:02:27','2012-02-09 02:07:46'),
('3902','777','5','0','2010-12-05 21:48:27','1987-09-15 17:09:59'),
('3903','495','3','0','1989-07-04 20:47:11','1998-06-12 18:16:13'),
('3904','529','1','0','1973-04-13 23:34:27','2018-04-21 02:58:39'),
('3905','433','5','50','1976-03-08 12:58:54','1989-04-10 16:42:55'),
('3907','358','3','5053744','1970-03-14 14:32:20','1983-07-14 05:44:28'),
('3908','498','3','3840','1983-06-19 18:31:43','1986-01-23 18:24:48'),
('3909','734','4','7109','2016-03-19 20:39:02','1978-02-11 19:26:00'),
('3910','387','5','172','1974-10-30 05:34:31','1973-08-12 21:12:05'),
('3911','139','3','72','2004-05-31 05:38:31','1970-12-15 06:47:47'),
('3912','727','5','138','2000-04-09 16:19:51','1996-08-31 19:31:10'),
('3913','192','1','888715','1985-04-02 01:44:14','2008-01-10 18:43:50'),
('3914','312','2','550096','1985-04-04 23:39:39','1999-04-11 05:54:25'),
('3915','482','5','29889714','1973-06-17 10:47:59','1979-01-29 23:55:54'),
('3916','426','5','0','2014-01-01 13:10:20','1990-02-09 02:28:42'),
('3917','134','2','13226236','1980-07-21 20:37:07','2001-06-08 04:18:18'),
('3918','781','4','318028','2010-02-20 09:15:37','2007-02-24 20:26:08'),
('3919','650','2','29334717','1996-10-16 02:31:25','2006-12-07 15:57:16'),
('3920','679','1','46294','1987-12-12 16:41:17','1996-04-16 08:07:51'),
('3921','121','4','52675674','1979-05-29 23:24:51','1997-04-27 21:59:39'),
('3922','902','3','1545','1971-11-08 04:00:40','1974-01-06 21:41:55'),
('3923','283','2','9401499','2017-03-24 23:10:46','1982-08-13 12:30:44'),
('3926','887','1','161','2003-08-23 06:57:54','2010-11-11 01:00:05'),
('3927','842','4','65','2003-09-06 15:08:28','2005-05-30 14:24:41'),
('3928','36','1','848371','1982-09-08 20:46:39','1979-04-10 14:00:28'),
('3929','651','2','2','2019-11-04 00:55:13','2009-09-21 08:31:10'),
('3930','253','1','9228354','2007-02-25 09:11:48','1991-09-19 16:00:55'),
('3931','265','4','12279769','1988-10-24 16:45:02','1989-10-07 07:25:03'),
('3934','28','3','54053','2010-08-30 08:48:23','1978-02-01 08:48:50'),
('3935','98','4','21569160','2017-04-29 12:31:53','1980-01-14 15:14:30'),
('3936','611','2','8','2015-06-24 19:23:33','2012-08-04 13:45:50'),
('3937','407','3','3168625','1988-03-19 23:56:32','1975-01-13 22:35:08'),
('3938','698','4','0','1997-11-23 19:07:53','2008-03-17 14:46:09'),
('3939','912','4','251175126','1978-10-31 18:40:11','1973-07-19 14:35:11'),
('3940','706','5','73','2018-03-22 10:13:49','2011-02-19 14:18:11'),
('3941','103','3','402016','1978-10-16 00:26:05','1979-11-28 11:42:08'),
('3942','71','5','5326493','1973-11-15 16:22:04','2000-01-19 17:02:27'),
('3943','204','1','0','1999-04-04 08:39:02','1993-08-16 12:56:30'),
('3944','977','5','391871','1998-10-09 07:03:16','1994-07-28 13:47:12'),
('3946','986','4','19603','2008-06-19 20:52:53','1997-10-07 09:43:14'),
('3948','116','4','513','1999-12-10 01:24:11','2011-10-24 06:50:30'),
('3951','849','5','419877809','2013-06-20 07:59:07','2011-02-15 02:44:18'),
('3952','99','2','446493','1970-12-22 04:24:37','1981-04-13 23:56:30'),
('3953','436','4','888797516','2005-09-20 00:59:50','1986-06-22 02:25:25'),
('3954','946','2','65032','1996-09-22 00:22:29','2018-04-26 03:25:32'),
('3956','269','4','1168189','2007-03-11 15:42:10','1986-03-31 00:12:28'),
('3957','243','2','34552094','2008-11-05 02:32:48','2016-05-27 07:32:00'),
('3958','549','3','3785','1990-10-08 12:46:50','1980-09-18 11:37:34'),
('3961','754','2','0','1989-01-19 02:28:08','1994-08-20 14:42:11'),
('3962','613','4','0','1976-11-08 22:26:26','1983-03-07 08:57:46'),
('3963','280','4','41957763','1978-08-31 06:43:58','1999-08-02 06:12:16'),
('3964','445','1','7','2014-04-15 01:38:53','1989-03-24 03:48:24'),
('3965','871','4','22965','2010-06-21 00:11:26','1985-10-16 09:54:40'),
('3966','941','4','4220297','1993-12-31 13:24:47','1973-11-02 19:13:30'),
('3968','975','1','1','2004-12-16 00:49:10','1991-11-20 09:41:17'),
('3969','835','5','0','2000-11-08 14:11:28','1984-03-12 11:29:31'),
('3971','571','4','127','2014-10-16 12:28:40','2004-08-08 15:38:09'),
('3972','942','5','3','2002-09-11 19:41:23','1992-08-06 20:09:47'),
('3973','73','3','644747370','1984-04-15 07:38:46','1975-07-11 09:12:57'),
('3974','260','3','103','1980-04-25 23:13:41','1973-04-06 17:00:48'),
('3975','16','3','42','1986-09-17 23:43:23','1997-03-18 00:04:34'),
('3976','412','4','11321','2002-04-10 19:17:47','1970-03-09 10:35:05'),
('3977','845','1','7697628','2013-09-08 11:02:05','1983-05-18 13:03:19'),
('3979','752','5','182','2007-05-16 18:39:57','1986-02-20 15:22:45'),
('3981','632','1','13','2005-10-24 06:48:55','1979-06-01 12:07:36'),
('3982','341','2','18554205','1973-08-09 17:15:30','1998-08-26 22:39:11'),
('3983','165','2','7251033','2007-04-28 14:42:04','2000-03-22 13:59:50'),
('3985','236','5','706586695','1993-06-08 10:05:59','1992-04-07 10:17:37'),
('3986','335','5','2004084','1996-08-30 18:53:23','1988-01-21 21:04:34'),
('3987','633','2','4','1979-06-22 07:30:45','1991-09-22 04:35:24'),
('3988','620','4','98','1993-06-09 05:20:42','2014-03-21 00:22:17'),
('3989','766','5','59','1988-02-18 10:09:33','2018-07-29 02:29:10'),
('3991','438','4','68447767','1996-03-13 22:45:29','2017-08-26 16:15:45'),
('3992','550','2','269510594','1981-07-25 00:47:29','1982-07-13 15:22:05'),
('3993','656','5','22788','2010-05-05 03:32:02','1981-03-07 21:08:37'),
('3994','406','3','34','2006-07-10 03:22:43','1998-07-15 17:56:10'),
('3997','715','2','572','1976-06-22 21:03:22','2000-04-30 20:59:33'),
('3998','796','5','27','1984-07-30 15:48:59','2019-06-05 12:27:06'),
('4000','878','5','323649562','1991-12-18 13:26:40','1990-12-08 07:54:59'),
('5001','127','2','187616','1982-01-30 14:02:14','2000-02-16 14:56:08'),
('5002','728','4','0','2013-11-02 19:22:27','1987-08-26 03:10:14'),
('5003','488','2','22841','1987-10-14 01:27:37','2001-01-16 10:28:08'),
('5004','463','2','70','2002-02-13 05:09:16','1987-07-14 12:53:59'),
('5006','35','4','29785','1981-05-06 12:50:45','2013-07-07 10:10:03'),
('5007','315','3','0','1975-05-18 01:27:13','1989-08-01 04:39:44'),
('5008','946','5','3','1981-06-07 19:35:21','2006-07-08 03:49:35'),
('5009','561','2','35','1983-03-18 20:40:30','1992-01-07 01:40:46'),
('5010','378','3','255101282','1984-08-20 11:16:58','2012-01-11 00:19:41'),
('5011','941','3','431','1999-12-06 20:45:10','1993-02-22 14:39:07'),
('5012','892','4','1499','1986-11-10 08:44:30','2019-07-12 16:55:15'),
('5013','775','4','20385','2017-02-17 13:11:01','1974-06-24 21:55:56'),
('5014','535','3','792222','2019-06-30 17:33:01','1991-11-08 16:28:12'),
('5015','915','3','8686','1994-04-30 11:31:42','2010-10-03 18:33:19'),
('5017','624','1','20028340','2003-05-27 14:41:22','1988-08-08 04:03:52'),
('5019','455','2','25637','1974-11-09 00:29:42','1977-03-13 16:20:47'),
('5020','365','4','0','2010-03-02 16:26:26','2012-02-20 15:25:31'),
('5021','945','2','22460','2017-12-22 00:36:02','1986-02-10 00:07:17'),
('5022','345','2','0','1977-11-19 16:01:10','1993-01-22 05:26:24'),
('5023','983','2','586631378','1984-03-29 19:07:27','2018-11-06 04:09:07'),
('5024','230','3','0','2007-03-16 13:27:39','1988-02-29 00:45:55'),
('5025','642','4','0','1977-06-08 18:01:12','2006-02-13 14:56:30'),
('5026','954','3','4845','2018-10-20 04:20:54','2011-09-17 03:55:18'),
('5027','13','5','2118','2003-06-08 06:20:30','1981-10-11 23:41:45'),
('5029','533','4','0','1994-09-04 20:10:09','1976-11-15 07:50:11'),
('5031','184','4','137053','1998-09-16 08:26:50','2006-10-06 00:25:05'),
('5032','489','5','69356','2004-11-22 20:01:11','1997-05-06 11:08:16'),
('5034','919','1','1','1980-01-03 02:33:52','1971-03-14 07:42:41'),
('5035','549','2','65411','1985-08-30 16:19:28','1994-07-25 02:56:16'),
('5036','869','3','19066949','1977-10-17 19:52:14','1981-06-11 02:45:38'),
('5037','682','2','3084','1978-04-28 13:34:55','1979-03-03 01:48:58'),
('5038','754','4','213','2006-01-03 10:29:47','1978-04-03 03:43:38'),
('5040','206','1','0','2009-08-01 22:29:41','1981-11-09 19:12:24'),
('5041','591','1','2','2014-07-07 06:55:37','1996-05-27 23:13:02'),
('5043','5','5','1103960','1981-05-23 17:32:22','2008-08-05 19:30:18'),
('5045','738','4','0','2010-07-03 16:32:52','2018-12-10 00:16:11'),
('5048','729','5','17','2000-06-21 06:14:47','1971-01-12 11:38:36'),
('5050','183','2','7519383','2003-06-11 23:11:17','2013-10-27 04:08:12'),
('5051','929','1','2','1985-06-30 19:27:23','2019-07-03 21:01:11'),
('5052','802','4','1704428','1981-06-26 16:35:25','1983-11-07 15:55:33'),
('5053','264','3','11222','2007-09-03 00:36:23','1997-05-28 21:14:00'),
('5054','274','4','1526861','1987-10-06 14:56:32','1981-03-19 18:42:59'),
('5055','538','3','4840','1971-06-06 02:28:05','2006-04-19 12:58:04'),
('5056','913','1','1501','1972-04-25 10:22:40','1995-07-05 17:39:09'),
('5057','639','4','373','2018-03-05 20:16:38','2015-11-10 19:43:52'),
('5059','605','1','1','1975-05-17 22:01:24','2012-11-26 03:36:22'),
('5061','756','1','2066','2000-10-31 02:33:36','1995-08-10 07:25:49'),
('5063','637','5','9814','1983-12-30 23:55:59','1990-05-21 09:07:57'),
('5064','14','2','332','2017-05-15 20:32:42','2002-01-17 01:29:27'),
('5065','637','1','51681','1991-01-24 15:55:59','2006-01-30 03:00:55'),
('5066','704','3','1','1984-02-22 02:42:08','1993-02-03 10:28:46'),
('5068','176','3','264890','2017-05-12 11:40:33','1978-11-20 12:34:17'),
('5069','61','3','35599093','2015-07-03 21:17:32','1994-06-13 07:18:34'),
('5071','928','1','127208','1991-03-19 06:00:10','1978-01-08 08:55:44'),
('5072','727','3','3317387','2017-09-19 05:15:10','1987-01-15 13:12:27'),
('5073','829','3','1','2005-10-09 20:19:10','1974-05-12 13:38:25'),
('5074','210','3','0','1979-10-08 11:09:52','2003-03-22 05:47:47'),
('5075','577','2','541','2012-08-06 05:16:52','2017-10-05 19:38:00'),
('5076','775','2','7560','1987-08-24 01:37:10','2005-12-17 11:07:26'),
('5077','555','1','316','1972-07-06 05:54:02','2013-03-19 07:12:46'),
('5078','351','1','13218091','1974-01-02 05:31:40','2002-04-01 12:22:57'),
('5079','27','2','1866','1984-06-13 01:17:16','2006-10-24 12:01:16'),
('5082','228','5','6','2004-03-04 23:18:17','1979-08-08 03:45:23'),
('5083','796','3','4418135','1996-06-11 17:30:49','1996-02-26 20:26:16'),
('5084','317','5','795892','2013-01-17 02:19:39','1994-03-22 15:09:18'),
('5085','852','3','373','2001-04-25 00:51:03','2005-03-11 00:20:49'),
('5086','455','4','3428545','2001-03-09 08:27:46','2011-12-24 15:29:16'),
('5087','784','1','652','2008-03-19 17:22:16','2003-04-14 03:50:58'),
('5088','346','4','69448','2001-11-14 23:27:20','1973-01-15 21:02:32'),
('5092','547','3','1660','1981-01-01 03:40:14','2005-08-31 01:44:50'),
('5094','691','5','0','2018-05-08 01:26:29','1986-09-30 05:17:42'),
('5095','261','2','1744779','2005-10-04 11:16:50','1985-11-11 03:55:00'),
('5096','545','5','5277510','2003-07-19 15:06:55','1991-07-19 08:00:39'),
('5097','569','4','5342925','2002-01-07 23:17:59','1984-09-14 09:44:22'),
('5099','175','5','1356','2005-08-16 12:45:58','2019-12-09 23:02:55'),
('5100','221','1','9','1972-05-09 14:03:42','2001-10-18 04:39:58'),
('5101','536','4','7393235','2009-09-27 19:04:49','1984-09-29 15:02:11'),
('5102','806','2','65485724','1985-08-19 12:49:49','2006-08-23 09:04:09'),
('5103','856','1','63380845','2009-07-01 00:22:59','2007-01-26 21:32:10'),
('5104','931','3','242157552','1981-01-30 22:46:46','2013-01-21 19:08:17'),
('5105','707','5','3485937','2011-08-12 15:39:31','1996-08-16 01:35:22'),
('5106','708','4','681250','1990-04-15 13:56:28','1998-08-17 02:20:19'),
('5107','795','2','14654','2007-05-05 13:17:47','2009-03-08 21:49:59'),
('5109','151','5','1368975','1973-10-27 11:54:28','2016-04-12 05:48:32'),
('5110','532','3','3','2019-11-04 00:45:45','1985-06-12 03:39:33'),
('5111','121','1','1','1981-06-29 22:04:48','2010-02-26 00:03:16'),
('5112','232','4','0','1998-01-11 02:17:16','2005-10-13 05:32:50'),
('5113','848','5','816996127','1988-09-02 21:50:43','1990-02-24 22:04:21'),
('5114','53','1','2','2009-08-30 01:35:32','2015-08-31 04:46:21'),
('5115','799','2','0','1989-09-20 21:32:51','2017-10-13 09:34:36'),
('5116','49','2','270','2008-05-07 19:56:01','1987-01-24 12:32:10'),
('5117','948','5','724993292','2000-01-06 05:04:38','1992-07-22 20:43:00'),
('5118','653','5','49415897','2006-10-13 01:16:18','1970-08-25 07:59:58'),
('5119','6','3','517026','1974-12-24 19:55:46','1985-05-23 18:37:49'),
('5120','297','4','31','2016-04-03 02:44:53','1983-07-06 06:43:40'),
('5121','560','1','1841','1980-10-30 17:58:18','1999-03-18 18:35:29'),
('5122','364','2','190073','1974-12-23 14:42:33','2012-04-30 21:25:08'),
('5123','258','3','834012','2013-12-01 21:26:40','2012-02-16 22:54:29'),
('5124','5','3','328748','1988-08-13 22:56:55','2015-12-30 01:58:53'),
('5127','613','1','1020548','1975-12-03 04:34:02','2017-05-31 13:13:58'),
('5128','167','3','19','1975-01-05 14:26:40','1994-09-02 04:58:34'),
('5129','908','2','91060','1987-07-01 03:37:43','1990-07-11 22:24:09'),
('5130','483','4','2129887','1970-07-01 02:55:01','1990-06-26 00:27:50'),
('5131','492','3','8','2005-01-17 11:54:08','1970-01-12 02:28:22'),
('5133','386','4','41230','2003-11-01 08:19:26','1987-01-22 10:53:11'),
('5135','277','3','2','1975-10-01 23:06:31','2019-11-06 19:30:07'),
('5136','102','5','2011812','1990-01-14 10:06:38','1976-08-25 23:27:39'),
('5137','543','3','6394','2001-04-12 15:59:45','2010-04-07 01:59:51'),
('5138','191','5','48914','1973-03-07 06:21:27','1990-11-10 01:28:32'),
('5139','980','1','3884','1975-04-15 07:10:20','1991-07-07 06:15:10'),
('5140','209','2','1','2019-02-17 19:17:21','1992-08-25 03:22:43'),
('5141','731','1','4','1981-05-05 09:42:21','2000-01-19 19:57:43'),
('5144','804','5','2124','2015-04-07 15:35:31','1977-04-29 16:49:22'),
('5146','691','4','477','1976-01-15 17:21:00','2019-12-08 03:40:43'),
('5147','817','4','40905','1983-04-01 22:52:18','2011-08-04 01:50:05'),
('5148','129','2','0','1985-11-26 03:00:58','2011-07-22 04:18:43'),
('5149','424','2','68199972','1994-05-11 03:31:24','1980-10-09 09:14:15'),
('5150','592','4','408275','1971-04-30 06:20:59','1979-04-10 15:05:41'),
('5151','911','4','54883779','1987-12-20 17:06:23','1984-03-12 16:16:35'),
('5152','536','3','9675','2014-01-26 13:37:36','2012-07-07 01:55:10'),
('5153','158','4','155217991','2010-01-02 21:43:32','1995-09-19 10:46:13'),
('5155','921','3','18106','1973-02-07 02:57:49','2006-08-21 09:22:24'),
('5156','474','4','3082','2001-05-12 01:12:43','1993-12-05 16:20:42'),
('5157','491','2','53507157','1994-04-07 04:52:37','2014-11-24 20:56:37'),
('5158','995','3','146163038','2011-04-12 12:04:02','2017-03-31 19:39:34'),
('5161','83','2','9','2014-02-10 05:24:21','1971-05-03 23:55:51'),
('5162','158','5','217320324','1989-05-22 03:15:40','1979-07-24 01:58:35'),
('5164','101','2','3','1989-10-10 23:24:53','2016-12-08 16:41:38'),
('5165','659','4','787','1973-09-09 02:14:16','1981-01-04 13:52:46'),
('5166','99','3','47547','1972-11-25 12:28:56','1995-03-29 21:27:46'),
('5167','387','4','3765334','2011-11-07 18:54:50','1987-02-21 11:42:26'),
('5168','23','3','91614','1985-11-05 11:37:57','1984-07-06 04:57:57'),
('5169','360','2','0','1992-04-01 02:39:04','2007-04-18 17:10:04'),
('5170','681','2','1846','1997-12-09 05:16:29','1985-09-05 00:28:53'),
('5171','740','1','177','2003-01-21 16:57:27','1997-05-21 20:30:33'),
('5172','931','2','185600466','2008-11-18 13:22:11','1983-07-15 05:01:56'),
('5173','443','5','2614','2002-04-26 10:37:01','1987-01-12 08:00:46'),
('5174','798','4','36061','1981-08-05 22:29:11','1973-03-20 05:43:45'),
('5175','723','2','6325','1999-12-04 21:43:20','1980-09-11 19:05:24'),
('5176','180','5','44254','2014-03-29 00:36:40','2013-01-06 10:46:26'),
('5177','597','2','198','1981-03-27 03:09:10','1973-12-06 03:55:41'),
('5178','705','3','5438146','2011-12-22 01:11:16','2016-12-04 14:44:13'),
('5179','624','5','636376','2019-04-04 21:56:43','2018-05-02 00:03:00'),
('5180','970','2','499607','1970-11-04 00:35:00','1985-01-26 06:03:31'),
('5181','499','1','9298','2007-12-09 03:23:33','1998-03-09 01:13:50'),
('5182','851','5','20176','1987-01-15 14:06:18','1978-09-11 16:17:00'),
('5183','703','5','0','1999-07-19 21:34:51','1985-01-05 20:23:04'),
('5185','150','1','2517170','1985-02-24 03:00:10','1995-05-29 16:14:47'),
('5186','342','5','186','1975-12-24 09:27:35','2011-05-26 10:51:30'),
('5187','264','2','571','1997-12-24 07:40:35','1976-01-04 07:37:11'),
('5188','118','4','70','2019-11-21 07:51:26','1986-11-11 16:47:11'),
('5189','198','5','114804','2007-08-28 22:05:48','1983-03-19 20:58:40'),
('5190','419','5','916318','1990-11-05 22:28:29','2002-09-10 03:25:49'),
('5191','268','3','492','2016-01-02 07:15:28','1998-06-02 15:51:31'),
('5193','935','3','4852','1986-12-02 21:07:14','2017-10-22 02:05:21'),
('5194','436','3','3711033','1973-03-03 13:41:53','1990-04-20 02:37:38'),
('5195','235','3','121399','1991-11-11 04:15:32','1988-02-24 07:06:25'),
('5196','841','4','52','1971-10-20 16:35:16','1979-03-30 10:44:53'),
('5198','617','1','1','2012-12-02 16:47:11','1970-03-12 06:03:24'),
('5199','564','1','994988','2008-05-07 04:58:46','1985-09-01 01:28:42'),
('5202','602','3','2','1979-10-13 02:29:13','2001-04-09 09:56:14'),
('5204','125','1','21908108','2002-12-18 18:07:50','2019-06-21 01:33:27'),
('5205','636','3','1','1992-07-06 09:56:23','2001-03-19 16:43:00'),
('5207','141','4','852307','1978-10-10 01:30:08','2013-10-11 00:00:59'),
('5208','767','1','7','1989-03-06 22:53:35','2007-04-17 03:57:43'),
('5209','121','2','33843912','1976-03-03 19:54:18','1970-10-02 05:49:26'),
('5210','634','2','4890','1981-07-18 09:38:43','2017-07-18 18:41:36'),
('5213','165','4','7','2019-02-18 13:21:11','2016-04-08 14:17:29'),
('5214','257','4','7024208','1987-12-04 06:16:48','2006-02-26 22:40:55'),
('5215','749','3','4193302','1999-12-17 00:45:42','1998-06-14 03:09:10'),
('5216','442','5','93','1977-11-02 06:42:59','1987-06-03 19:06:08'),
('5217','72','1','129','2006-06-05 23:55:22','2002-10-27 02:57:58'),
('5218','320','5','133013693','1974-03-13 08:35:21','1984-02-26 08:48:49'),
('5221','987','5','21','2001-02-10 18:05:33','2019-04-12 20:27:57'),
('5223','630','1','589202','2012-09-28 16:50:50','1993-03-18 01:13:07'),
('5224','202','4','2','1994-12-31 21:49:00','2001-11-17 18:29:07'),
('5225','270','5','0','1993-05-05 06:50:08','1972-01-20 12:26:28'),
('5226','106','5','77058369','2005-11-09 06:07:33','2001-08-28 02:09:54'),
('5227','308','1','221466855','1980-08-02 09:44:12','2011-06-30 21:50:11'),
('5228','958','3','69712','1997-02-25 02:12:36','1996-01-13 22:46:12'),
('5229','898','2','3105','2001-10-19 08:16:24','2002-03-06 03:40:20'),
('5230','201','4','348','1979-09-15 16:51:52','1985-09-25 15:53:50'),
('5231','707','4','29700725','1994-12-19 13:54:54','1992-09-10 16:01:50'),
('5232','549','4','46209692','1998-06-12 17:19:01','1982-12-09 07:34:19'),
('5233','686','5','45','1989-11-20 22:51:12','1979-07-07 00:12:20'),
('5234','701','3','725867953','2007-02-11 10:06:57','1980-08-18 03:09:11'),
('5235','313','4','3864136','1977-01-18 13:35:14','1972-05-31 21:30:42'),
('5236','847','2','551','1996-09-10 12:23:42','1977-08-08 22:56:15'),
('5238','425','2','44550','1984-05-06 00:07:17','2007-06-07 20:07:40'),
('5239','215','4','341','1993-02-16 23:18:38','1995-10-02 08:59:23'),
('5241','461','1','0','2005-01-10 17:56:19','1993-03-15 15:09:06'),
('5242','361','4','285393','1993-11-09 20:51:17','1995-11-14 22:45:22'),
('5243','289','2','1610','1994-02-26 03:18:46','2017-07-19 04:04:44'),
('5244','241','1','65','1995-09-26 09:49:49','2011-07-25 02:01:24'),
('5246','833','2','0','2019-01-07 16:22:10','2014-07-16 18:11:48'),
('5248','17','4','12287','2008-10-18 14:22:40','1999-04-13 07:43:22'),
('5249','251','4','356438244','2000-10-16 10:05:55','1982-08-22 03:14:52'),
('5251','389','1','3','2000-09-05 08:07:39','1984-07-06 02:20:01'),
('5252','862','5','0','2017-09-09 11:41:39','2015-09-03 17:20:48'),
('5253','210','2','1','1971-10-01 20:07:37','1988-05-06 08:36:40'),
('5254','237','3','4045890','2006-10-07 15:48:16','1997-02-19 01:24:30'),
('5255','912','2','1','2002-09-23 08:18:44','1977-01-10 22:16:38'),
('5257','321','2','64837582','1985-05-20 06:39:29','1978-10-04 09:02:08'),
('5259','588','2','364','1992-12-11 08:42:41','2000-09-21 10:39:10'),
('5260','796','1','35551','1993-10-13 10:17:56','2000-04-06 18:42:28'),
('5262','357','5','912','1988-10-05 07:53:07','2014-06-24 03:43:54'),
('5263','10','2','6','1990-07-30 05:21:04','2004-10-31 17:23:32'),
('5264','671','2','1','2008-01-13 18:57:14','1983-11-12 14:14:57'),
('5265','92','5','0','2013-11-20 08:14:10','1993-07-08 09:25:21'),
('5268','478','1','1619004','2014-12-19 22:14:22','1985-01-22 04:04:46'),
('5269','971','4','470913285','1973-02-21 19:48:26','1990-05-28 22:49:26'),
('5270','582','5','8193261','1993-02-19 14:02:30','1972-09-16 17:17:02'),
('5271','940','3','258903612','2017-02-12 01:05:02','2012-02-15 06:34:01'),
('5273','759','2','6942','1990-05-08 18:00:13','1978-05-08 23:32:01'),
('5274','870','2','336135','2014-08-06 04:27:56','2015-05-15 15:35:07'),
('5276','465','3','19','1974-02-22 07:12:10','1979-08-30 21:56:19'),
('5277','293','5','0','2002-03-04 11:39:52','2016-09-14 08:16:18'),
('5278','498','2','1897','2004-05-30 11:05:57','2009-07-22 06:39:45'),
('5280','564','2','2111','1986-12-07 02:17:02','2002-05-21 16:45:58'),
('5281','55','2','286674096','2003-02-01 20:35:45','1972-06-16 04:16:18'),
('5283','71','2','138443294','1999-05-20 21:01:45','1974-09-21 23:14:33'),
('5284','162','1','890329','1984-02-08 14:13:52','2001-07-15 23:49:22'),
('5285','958','4','761844076','1984-03-22 15:36:46','1993-10-04 01:45:13'),
('5287','233','1','187871','1971-10-19 02:47:20','1992-07-07 03:41:56'),
('5288','157','5','2','1997-12-26 15:57:00','1992-04-23 23:56:54'),
('5290','338','2','4','1970-03-05 12:52:06','1985-09-22 19:02:16'),
('5292','938','5','4546','2009-06-12 05:30:36','2012-08-15 01:12:45'),
('5293','624','3','220531','2017-03-27 18:15:52','1971-04-17 00:03:35'),
('5294','286','5','0','2000-12-23 19:31:04','1976-06-04 11:29:01'),
('5295','603','5','0','2016-03-28 13:03:49','1990-02-09 00:29:20'),
('5296','106','4','1','1992-02-22 15:42:13','2004-06-13 07:01:23'),
('5297','235','5','0','2015-04-09 10:46:15','1991-05-27 17:35:12'),
('5298','662','2','0','1982-02-18 18:28:06','2007-08-04 17:26:59'),
('5299','116','5','0','2014-10-07 19:04:19','2008-06-25 12:49:26'),
('5300','346','1','161427','2006-04-09 06:36:41','2011-07-16 13:15:05'),
('5301','566','2','34','1995-09-01 19:43:41','2010-02-28 12:09:26'),
('5302','970','4','1579','1990-09-23 09:30:59','1975-01-26 23:35:36'),
('5304','790','1','75536','1979-11-15 15:04:27','2002-07-08 02:16:41'),
('5305','152','1','360323','1971-06-17 08:44:07','1973-02-15 12:55:28'),
('5306','359','5','3809228','2017-04-12 18:07:35','1998-03-31 14:11:26'),
('5307','930','2','290','1989-12-13 11:07:35','1990-06-14 00:18:41'),
('5308','825','3','221','2001-11-13 15:19:33','1978-12-01 21:12:37'),
('5310','372','2','856049','1984-05-01 11:45:02','2001-12-31 11:55:37'),
('5311','959','3','531958604','1987-07-23 06:44:09','2012-03-21 16:14:11'),
('5312','991','1','327','2016-05-22 18:37:31','2003-10-08 14:28:42'),
('5313','349','4','5','2019-02-15 14:13:40','2016-01-05 15:50:32'),
('5314','500','3','1','1993-12-23 04:33:56','2007-01-15 12:31:19'),
('5315','474','5','41783994','1993-09-08 18:29:05','1999-05-29 10:43:24'),
('5318','838','3','39','2011-07-22 16:23:45','1987-11-14 03:36:00'),
('5319','632','4','25','2000-03-11 03:41:19','1974-06-26 17:18:37'),
('5320','573','4','40691','2002-07-06 09:23:27','1991-11-20 01:53:23'),
('5321','755','5','6475','1980-11-03 13:14:47','1989-12-18 15:26:44'),
('5322','625','4','716','2018-06-15 22:23:55','1990-10-15 17:02:35'),
('5324','237','5','779','1991-01-09 02:37:32','2015-09-11 03:38:55'),
('5326','290','3','4','2015-04-19 12:08:31','2017-02-05 01:06:59'),
('5327','86','2','20644962','2008-09-07 15:33:11','2006-12-19 04:15:57'),
('5330','898','3','0','2009-06-20 02:20:32','1992-09-07 22:45:55'),
('5331','56','3','532','1998-12-10 09:50:04','1983-11-01 20:14:36'),
('5333','940','2','734','2000-08-22 20:06:51','1995-05-06 22:31:34'),
('5335','910','2','82','1982-01-04 06:32:46','1980-02-19 06:15:05'),
('5336','354','4','50670135','2014-01-15 17:20:22','1972-01-16 12:42:57'),
('5337','231','5','271637','1979-08-16 03:17:54','2013-03-21 01:23:22'),
('5338','349','3','14554811','1986-06-17 20:12:35','1984-10-25 23:14:27'),
('5340','415','5','153109926','1987-08-10 13:58:56','2011-12-31 10:22:38'),
('5341','194','4','60355358','1998-06-23 12:35:41','2006-04-06 06:32:16'),
('5343','984','2','2025578','1983-10-06 02:47:47','2016-12-24 10:13:15'),
('5344','714','5','267076076','1991-03-28 18:19:50','1996-04-28 22:35:57'),
('5345','429','4','43644090','1999-02-03 02:04:46','1975-07-10 07:24:40'),
('5346','319','3','350','2006-08-31 06:57:55','2006-04-23 01:29:51'),
('5351','680','5','27987','2014-07-02 11:48:39','1982-11-12 23:05:04'),
('5352','619','5','30921','1971-11-02 17:05:45','2010-05-03 02:04:21'),
('5354','369','2','0','2010-04-10 02:21:12','2011-02-18 02:20:31'),
('5355','552','4','32279','2015-11-19 17:08:23','1983-06-08 03:20:33'),
('5356','303','4','1','1985-10-17 00:34:09','2010-05-13 21:59:43'),
('5357','487','5','2082441','1986-12-30 02:49:43','1976-04-12 04:46:48'),
('5358','25','3','67650','2001-11-03 19:09:59','1981-04-13 11:03:38'),
('5360','384','3','2','1989-07-10 02:31:03','2016-05-05 12:56:04'),
('5364','377','3','4','1978-11-12 07:10:20','1970-12-17 11:39:18'),
('5366','464','4','3317','2006-03-19 16:15:59','2012-01-01 13:44:44'),
('5367','841','1','3','2008-01-12 08:11:22','1999-04-13 01:36:39'),
('5368','562','4','476969613','2006-04-28 07:45:08','1987-02-03 02:14:10'),
('5369','49','5','54124502','1990-02-14 16:30:45','1970-06-05 08:52:30'),
('5370','44','4','10197665','1980-07-29 01:36:06','1979-09-06 02:15:45'),
('5371','713','2','10457','2002-02-11 12:54:35','1976-11-10 22:56:40'),
('5373','154','2','792837','1987-12-28 08:11:08','2001-06-20 17:22:44'),
('5375','109','1','0','2010-01-27 19:46:46','1990-10-04 03:41:45'),
('5376','632','3','27554','1986-09-06 02:50:57','2012-06-30 10:01:55'),
('5377','756','3','2','1999-10-05 23:39:37','2013-01-09 02:21:29'),
('5378','850','2','32342','2015-07-25 21:18:43','1998-03-27 07:53:17'),
('5380','730','1','245657214','2011-07-01 07:31:37','1974-06-21 06:43:30'),
('5382','783','5','33580926','1987-12-10 20:24:36','2002-03-23 17:27:15'),
('5383','274','2','190','1980-06-27 14:45:24','2006-08-09 23:12:11'),
('5384','728','2','0','2012-08-22 01:34:09','1982-08-17 19:13:35'),
('5385','275','4','43','2012-07-19 01:52:20','2020-02-04 13:52:52'),
('5387','117','2','14888646','2018-03-16 09:39:20','1973-02-05 23:25:47'),
('5389','639','5','17326','1979-07-15 06:08:42','2013-04-02 06:47:34'),
('5390','448','4','194','2011-11-22 18:58:54','2006-01-19 01:20:35'),
('5392','205','4','4602','1975-06-18 14:45:56','2011-06-02 06:29:11'),
('5393','649','1','17220757','2016-09-05 01:55:04','1990-04-26 15:28:34'),
('5394','885','5','8013','2012-12-17 00:22:15','1991-06-22 13:33:24'),
('5396','939','3','7','1986-01-03 03:59:22','2008-06-02 06:25:39'),
('5397','807','4','1','1985-12-26 20:09:22','1982-02-22 01:51:36'),
('5398','439','1','0','1991-03-04 01:54:40','2002-12-14 16:40:16'),
('5400','403','2','466','1986-01-11 07:59:39','2008-07-02 06:05:48'),
('5402','327','1','2619','1977-04-24 11:57:49','1990-03-05 22:11:22'),
('5403','594','3','882341','2019-07-09 01:56:29','2011-07-15 08:47:49'),
('5404','322','2','146657156','1983-08-13 03:55:06','1997-12-18 23:04:12'),
('5406','980','2','336693683','2014-10-31 01:49:45','1977-06-01 02:03:03'),
('5407','849','1','1772','1998-09-23 13:08:53','1984-07-11 17:10:29'),
('5408','942','3','17328','1987-01-21 11:48:13','1974-12-30 23:23:29'),
('5409','238','5','15','2004-01-22 08:44:43','1998-03-15 00:09:00'),
('5410','305','3','0','2018-12-13 14:09:35','1998-01-26 06:14:04'),
('5411','440','2','147427830','1991-10-22 12:19:05','2002-03-25 05:27:01'),
('5412','958','2','119385012','2008-08-20 21:14:16','1982-07-21 01:01:17'),
('5413','965','2','91045877','1986-10-31 11:16:09','2004-09-25 01:25:27'),
('5414','326','1','46065','2018-12-11 19:39:29','1991-12-03 05:29:46'),
('5415','563','4','4726169','1970-09-25 17:47:26','2008-05-04 07:54:50'),
('5416','369','3','0','2008-10-25 22:47:17','2007-10-26 05:49:03'),
('5417','54','4','0','2008-07-13 15:13:00','2010-11-30 18:25:50'),
('5419','207','5','10721476','2006-05-10 10:15:27','2006-10-07 02:27:45'),
('5420','879','3','399548','2003-01-18 05:39:58','1984-03-22 20:30:21'),
('5421','642','5','171858969','2003-09-01 09:51:36','1985-09-21 15:44:33'),
('5423','42','4','36886','2004-08-09 14:23:29','1992-08-20 11:37:10'),
('5426','798','1','0','2011-01-15 00:46:28','2012-12-05 17:26:10'),
('5427','534','4','436','1991-02-23 04:44:59','2015-12-15 04:24:35'),
('5428','304','3','553031','2011-04-18 06:38:15','1994-05-10 01:42:34'),
('5430','528','4','19','2015-08-05 05:56:48','1998-09-27 11:40:47'),
('5431','358','5','629884','1996-07-30 14:38:34','1975-11-02 23:19:28'),
('5432','213','3','8125977','2014-03-28 06:31:04','2015-11-27 22:36:29'),
('5433','591','4','1456465','1981-05-21 12:27:57','1989-10-22 02:40:26'),
('5434','57','4','11095370','1987-07-14 18:51:08','2020-02-28 02:05:49'),
('5435','636','5','31924112','1970-07-19 18:01:13','1977-12-24 01:43:42'),
('5437','793','2','17322','2010-05-06 16:08:47','2006-04-18 10:46:01'),
('5440','113','4','31','1971-08-28 04:56:17','1998-04-22 13:05:16'),
('5441','46','5','9027','2012-04-10 10:20:29','1982-03-04 10:33:57'),
('5442','691','3','6','1982-05-17 04:51:34','1975-01-16 15:11:46'),
('5444','78','5','873','2013-01-28 04:29:22','2013-10-21 19:32:23'),
('5445','623','4','725323701','2014-07-26 07:50:42','2011-07-27 15:19:03'),
('5446','530','5','0','2010-05-01 15:21:39','1986-10-19 22:09:27'),
('5450','888','1','652388','2001-10-08 13:43:04','2008-10-10 04:58:07'),
('5451','383','2','13951537','1996-01-31 18:36:47','2001-05-02 07:59:24'),
('5452','419','1','2','1986-10-28 09:38:52','1999-07-10 23:43:36'),
('5453','483','1','7635405','2017-12-04 11:11:31','1999-06-12 10:36:02'),
('5454','10','3','0','1984-08-03 07:52:51','1979-04-08 19:14:10'),
('5456','131','5','331','1970-11-07 09:24:33','1995-01-17 22:59:56'),
('5457','33','5','26','1985-11-12 02:07:29','2016-07-05 21:22:37'),
('5458','565','4','655749','2010-10-29 17:11:20','1998-03-21 14:45:13'),
('5459','816','4','0','1980-06-12 08:47:41','2008-01-05 08:40:38'),
('5460','514','3','4212274','1987-12-02 11:22:17','1991-07-25 17:17:09'),
('5461','247','1','1205','1982-10-29 14:31:06','1982-07-12 04:34:31'),
('5462','419','4','2','1991-06-07 03:41:57','2006-11-15 08:56:11'),
('5463','786','5','829472','1992-10-01 07:06:57','2002-07-22 23:41:16'),
('5464','839','2','0','1991-05-26 04:46:15','1997-12-02 22:22:55'),
('5466','432','4','1293','2013-07-17 05:11:24','2013-07-21 17:25:00'),
('5468','816','3','17726','1999-11-20 15:26:54','1978-03-12 08:31:19'),
('5470','965','5','42026179','2016-08-04 20:34:33','2012-07-27 22:28:34'),
('5471','947','1','43636999','1985-06-21 21:19:27','1975-03-31 07:53:23'),
('5472','964','5','291440','1979-06-19 02:47:24','1998-01-11 03:30:37'),
('5473','918','3','10','1995-02-05 17:55:38','2015-09-15 02:07:05'),
('5475','171','1','6845','2005-11-23 21:25:43','2001-01-05 19:43:40'),
('5476','172','3','1936','1971-08-22 02:07:44','2003-09-26 10:37:16'),
('5477','233','3','1','2014-03-15 00:09:28','2016-04-21 01:55:48'),
('5478','165','1','1993660','1981-11-20 01:46:34','2016-03-18 16:17:58'),
('5479','400','1','5','2009-10-30 04:10:45','2011-01-24 21:22:58'),
('5481','729','4','10789017','1992-07-01 03:50:34','1992-12-05 09:45:09'),
('5483','590','1','3540871','2011-11-28 16:59:41','2015-03-16 12:46:18'),
('5485','937','1','2','1975-04-20 12:38:21','2006-01-03 17:57:45'),
('5486','604','5','1','1990-01-24 16:49:01','1994-05-21 12:42:42'),
('5487','241','3','918517','2015-03-20 15:06:37','1979-12-13 05:07:55'),
('5488','863','1','256985','1996-01-04 22:58:00','1994-03-15 05:09:37'),
('5489','96','3','24','1985-09-28 10:41:59','2017-10-17 07:00:11'),
('5490','891','2','2','1972-10-20 16:51:22','2004-10-11 00:39:29'),
('5491','728','1','3538357','2010-03-18 16:56:15','1996-09-24 18:39:17'),
('5492','684','5','2101678','1985-09-24 07:20:25','1995-10-25 03:43:29'),
('5493','652','5','12','2004-05-29 17:32:42','1978-12-01 20:08:51'),
('5494','979','1','1900','1996-07-16 06:50:37','1972-12-20 06:47:38'),
('5495','852','2','4649','1992-05-27 00:55:44','1990-09-26 15:16:58'),
('5496','708','3','6','1984-06-05 23:05:45','1983-10-05 08:46:35'),
('5498','295','4','8','1993-10-27 13:53:24','2003-03-12 14:02:46'),
('5499','116','3','0','1997-10-10 02:51:31','2013-04-08 13:01:35'),
('5500','243','1','11852','1978-05-14 17:35:13','2005-02-23 22:04:30'),
('5501','620','5','1','1998-12-14 05:32:06','1974-01-01 21:56:50'),
('5502','935','5','36979','1985-04-16 05:50:49','1983-06-27 04:52:53'),
('5504','19','3','169166','2006-08-10 21:30:49','1971-02-25 05:07:55'),
('5506','775','1','1029923','2009-09-03 12:27:52','2000-01-24 04:04:47'),
('5507','971','3','22','1979-05-17 22:48:57','1999-05-03 17:39:48'),
('5508','24','4','91','1983-07-20 13:22:40','2008-12-25 22:09:59'),
('5510','674','1','51197510','1999-02-21 09:14:02','1984-09-04 05:07:58'),
('5511','290','2','7164','1980-04-21 05:08:45','1970-08-28 21:19:42'),
('5513','385','1','1','1988-11-30 17:25:11','1977-05-10 09:53:12'),
('5514','933','3','42762','2011-02-14 13:53:28','2018-05-26 01:31:13'),
('5515','510','1','44100344','1991-08-26 11:22:39','2018-10-30 19:03:30'),
('5516','552','1','4886901','2009-07-16 14:38:59','2007-12-27 04:57:34'),
('5517','21','3','785540','2004-02-04 04:04:28','2013-07-13 07:42:04'),
('5519','283','1','30815','2002-05-09 04:59:27','2018-01-19 02:29:26'),
('5520','942','4','4','2018-05-19 13:27:45','1992-10-20 17:02:43'),
('5521','916','4','514756366','1992-06-22 11:19:46','1996-02-16 10:12:40'),
('5522','681','5','648393','1977-11-06 23:55:59','2009-11-16 08:59:11'),
('5523','175','4','0','1973-02-14 10:42:30','1972-06-12 16:23:18'),
('5524','508','3','73441238','1976-01-01 12:07:49','1995-08-07 11:51:51'),
('5525','707','1','1','2012-05-19 07:04:34','1995-10-25 15:19:15'),
('5529','416','2','6614101','2000-08-26 15:59:36','2017-01-09 08:26:06'),
('5532','54','3','323','2017-04-23 07:35:42','2010-09-13 07:10:26'),
('5533','486','1','95','1983-07-14 18:03:49','1990-04-07 03:27:34'),
('5534','874','4','30402','1998-03-03 05:13:24','1985-06-16 05:42:59'),
('5537','532','1','0','1983-09-17 16:54:33','1995-12-31 00:58:28'),
('5538','854','4','465105312','1989-01-19 07:13:30','2017-05-23 05:44:31'),
('5539','772','2','235343479','2009-04-28 13:51:23','1979-08-03 02:22:25'),
('5540','188','3','68','1988-09-25 00:14:32','2015-02-25 16:37:30'),
('5541','543','5','0','1992-02-03 18:34:44','1994-08-06 19:37:29'),
('5542','475','1','0','1979-10-23 08:31:39','1999-03-08 18:01:32'),
('5543','211','4','0','2000-02-03 00:07:05','2009-05-26 05:53:24'),
('5544','52','4','16479354','1971-12-27 10:16:03','2001-08-14 19:33:52'),
('5545','33','3','50832','1997-02-28 15:13:38','2005-10-29 09:10:43'),
('5546','551','3','0','2018-02-12 10:38:21','1993-03-16 05:56:22'),
('5547','498','4','36520','2008-02-09 20:22:37','1981-07-05 08:37:15'),
('5548','894','5','7710687','1991-11-16 00:07:48','2000-05-11 05:13:37'),
('5549','649','4','1565849','1975-06-06 09:27:21','1981-11-11 06:53:10'),
('5550','752','4','34545','2017-07-19 15:48:05','1981-09-03 18:30:44'),
('5551','583','1','0','1994-05-16 19:30:13','1975-12-20 13:05:50'),
('5552','667','1','335804715','2011-02-28 17:18:07','2004-08-03 20:58:46'),
('5553','204','3','364302','1998-03-24 20:05:01','1976-06-06 07:58:29'),
('5554','820','5','0','1978-12-29 05:13:29','2003-01-27 09:07:39'),
('5555','881','1','1020962','2014-07-13 00:37:03','2014-12-30 07:41:54'),
('5556','454','3','62878','1999-02-28 12:14:04','1980-05-29 11:10:46'),
('5557','837','5','96814032','2017-09-07 09:10:24','1981-08-22 15:35:39'),
('5560','674','4','0','1996-01-05 03:47:49','1979-10-08 20:28:01'),
('5561','77','2','86','1994-01-24 03:54:18','1980-02-09 15:31:57'),
('5562','202','3','3251','1996-08-24 14:44:08','2011-10-18 03:24:21'),
('5563','829','1','7260','1987-11-14 21:43:33','2006-12-07 11:44:57'),
('5565','862','2','2121','2016-07-01 10:33:09','1971-07-05 03:33:45'),
('5566','177','3','22','2014-06-16 12:50:07','2002-08-18 09:35:20'),
('5567','446','5','0','1978-07-27 22:07:22','1998-06-12 14:38:36'),
('5569','363','2','0','2017-03-03 22:40:43','1973-02-27 03:09:31'),
('5570','625','2','0','2019-04-12 10:48:46','2018-08-01 09:47:11'),
('5574','268','4','754933528','2000-06-23 05:27:44','1974-01-25 07:43:17'),
('5575','771','5','29503','2018-03-22 16:04:54','2014-06-12 22:38:22'),
('5576','471','5','334106','1993-11-21 14:05:24','1995-05-06 17:35:38'),
('5579','767','5','0','2014-11-19 19:20:29','1986-06-18 10:41:26'),
('5580','472','4','19','1974-07-27 22:19:16','1979-08-27 23:37:09'),
('5582','72','4','16594535','1979-04-24 09:11:14','2010-10-20 22:42:56'),
('5583','492','4','7','2014-04-18 19:16:22','1982-07-07 14:36:58'),
('5584','380','5','23578','1985-09-24 20:01:31','1982-08-29 21:13:13'),
('5585','7','1','98760574','2016-03-05 02:24:06','1996-10-10 03:45:10'),
('5586','98','2','21','1972-02-01 08:19:11','1983-02-08 14:32:47'),
('5588','612','1','141','1983-10-09 19:25:45','1983-05-01 10:13:26'),
('5589','956','5','23','2001-10-10 03:18:21','1986-07-29 20:35:10'),
('5591','820','2','0','2007-01-29 02:36:31','1999-07-06 09:26:53'),
('5592','573','5','2604','2015-09-21 19:59:48','1996-05-28 11:10:02'),
('5593','950','5','64148363','2004-10-15 13:22:56','1976-05-10 15:43:35'),
('5598','987','3','4432','2015-08-12 10:01:18','1980-01-23 06:57:01'),
('5601','370','3','0','1989-07-11 01:52:32','1980-11-04 00:26:04'),
('5602','443','3','642697','2011-09-27 14:17:31','1988-08-10 12:04:30'),
('5603','304','1','9837','2008-03-03 02:57:00','1993-04-18 06:57:49'),
('5604','538','2','19146497','1979-01-30 20:44:40','2006-04-04 23:48:33'),
('5605','933','2','0','2011-10-11 17:17:03','2003-07-13 08:24:35'),
('5606','984','4','247','2001-08-02 08:33:13','1970-11-18 14:27:44'),
('5608','737','3','2042','2006-10-16 13:09:08','1980-05-12 16:28:06'),
('5609','550','4','4','2003-09-21 21:59:51','1987-02-20 11:25:26'),
('5610','291','3','95293670','1994-05-26 09:04:32','1978-08-17 22:36:49'),
('5611','166','4','421','2016-12-17 19:33:44','1977-03-27 20:43:29'),
('5612','776','2','1277931','2015-05-21 23:38:04','2019-06-25 11:36:06'),
('5613','51','4','309048','1986-12-01 03:45:33','2016-02-25 02:33:36'),
('5615','128','2','7','1997-10-21 18:44:28','2019-08-25 19:20:17'),
('5616','148','3','4','1976-08-30 04:06:05','2014-06-26 22:09:30'),
('5618','948','1','22776','1988-09-29 09:38:45','1975-12-16 08:50:21'),
('5619','644','3','16527979','1976-10-26 03:56:46','1990-09-12 12:43:29'),
('5620','398','3','3','2014-06-23 09:17:08','2014-04-12 10:14:10'),
('5621','831','2','810298','1989-07-26 16:40:49','1980-11-13 03:41:10'),
('5622','328','3','5730700','2017-10-04 22:39:31','1980-06-03 19:39:51'),
('5625','780','2','4','2009-03-01 13:47:25','1989-04-27 02:24:32'),
('5627','955','4','24738577','1970-02-02 05:43:16','1972-09-05 23:11:14'),
('5628','209','1','25391','1977-03-22 21:52:40','2015-12-15 20:39:53'),
('5629','544','1','1','1974-12-15 06:53:18','2011-06-25 02:21:38'),
('5631','358','2','3','1977-02-17 01:24:21','1997-01-06 05:01:03'),
('5632','168','1','293','1986-01-14 09:03:20','1999-10-31 22:25:44'),
('5633','840','1','808559','1996-07-08 15:48:54','2016-04-08 11:08:47'),
('5634','333','3','12','2000-11-19 12:24:34','2004-04-26 17:48:16'),
('5635','600','4','393683887','2005-08-10 22:47:08','1982-01-04 01:58:45'),
('5636','59','3','446','1983-02-22 21:22:43','2006-11-28 04:24:14'),
('5640','536','2','40803511','1994-09-17 15:40:44','2013-11-04 07:12:29'),
('5641','236','3','9922','2010-02-26 06:15:31','1984-07-08 02:21:50'),
('5642','176','1','86','1983-09-30 03:34:44','1989-09-08 23:39:25'),
('5643','324','2','301272','1989-06-02 14:04:36','1973-05-14 00:12:33'),
('5644','196','5','55965','2010-04-30 18:07:57','1984-06-26 18:02:12'),
('5646','539','5','51926','1983-10-24 23:09:53','2009-08-05 22:46:35'),
('5647','548','4','47563','1972-12-14 07:50:57','1998-12-02 16:42:46'),
('5649','821','2','0','2001-04-29 22:32:12','1996-06-17 02:57:40'),
('5650','870','3','30960904','1985-10-23 10:51:30','1987-11-14 21:48:13'),
('5651','58','5','277938','2018-08-30 15:59:57','2019-12-08 05:22:28'),
('5652','852','1','3651','2007-12-06 11:36:53','1980-11-08 01:35:49'),
('5653','315','4','165','1973-01-23 17:03:59','2005-07-15 17:22:06'),
('5655','654','4','36','2007-03-22 18:02:00','2012-09-23 04:01:05'),
('5656','997','5','1','1973-06-19 04:12:46','2011-08-10 20:16:14'),
('5657','295','1','295','1989-03-28 01:26:16','2006-04-15 23:53:47'),
('5659','557','2','23115','1989-04-11 21:40:11','1987-11-16 23:00:43'),
('5661','573','1','68','2009-09-12 18:26:34','2003-06-20 09:13:12'),
('5662','804','1','2902','1985-10-16 13:28:17','2009-06-30 10:48:41'),
('5663','730','4','855933','1994-06-04 14:29:05','1991-08-29 13:39:14'),
('5666','972','1','1','1980-03-30 23:25:09','1976-06-07 08:40:53'),
('5667','305','5','3850','2007-08-26 02:18:55','1974-08-04 23:15:59'),
('5669','561','3','74','1984-02-19 10:02:14','2018-06-18 15:46:24'),
('5670','386','2','239590','2012-07-22 02:56:10','1997-09-17 04:23:06'),
('5672','103','4','7','1999-05-25 19:17:19','2007-09-30 10:23:31'),
('5673','554','1','32','2014-03-22 17:19:11','2015-03-10 23:17:31'),
('5674','235','1','624179524','1986-09-15 16:02:04','1983-11-04 20:39:14'),
('5677','744','5','6','2007-08-29 06:43:18','1971-04-28 17:26:15'),
('5678','150','3','23','1970-01-24 00:44:39','1988-10-25 00:27:29'),
('5680','24','5','0','2005-10-22 11:49:39','1972-11-15 19:47:13'),
('5682','26','2','31112021','1983-04-17 04:14:11','2011-05-07 08:40:47'),
('5683','818','2','0','1986-01-10 01:48:22','1972-10-22 16:37:01'),
('5684','957','2','282529392','2001-05-21 12:16:01','2018-04-24 10:27:46'),
('5687','724','4','49145423','2011-01-11 10:43:23','1982-07-30 04:23:38'),
('5689','877','1','89306','2006-02-07 01:39:47','1988-10-29 18:23:25'),
('5692','364','3','3374','1993-11-28 15:00:21','1993-11-21 03:23:45'),
('5693','411','3','277','2014-07-24 00:00:32','1988-05-13 08:57:49'),
('5694','57','1','6','2000-07-22 15:30:32','1978-09-07 07:18:12'),
('5695','170','1','20733','1986-04-11 01:25:06','1973-11-11 22:05:51'),
('5696','967','2','2','2006-04-07 06:31:26','2015-02-12 23:44:09'),
('5697','75','5','4255147','1996-02-05 02:54:04','1996-05-05 00:31:56'),
('5701','838','5','11885330','1988-08-23 09:59:58','1999-05-14 22:00:07'),
('5705','591','2','48990','2008-04-08 00:13:30','2016-06-15 22:00:03'),
('5706','767','3','1224506','2003-08-02 01:43:30','1985-06-08 07:02:10'),
('5707','720','1','26667','1982-11-28 21:15:29','2012-02-27 16:30:44'),
('5708','13','1','453','1971-08-01 04:43:04','2015-12-20 08:49:01'),
('5709','643','1','1','2019-10-04 18:56:56','1995-01-02 04:33:20'),
('5710','256','5','49408','1970-07-30 09:27:50','1991-06-12 11:17:45'),
('5711','149','2','39634356','1990-01-02 07:38:38','2004-08-11 16:58:30'),
('5713','214','3','3517','1976-10-20 12:29:18','2017-02-23 21:51:04'),
('5715','47','2','168448253','1988-08-07 02:57:38','1974-05-04 07:40:44'),
('5716','901','5','1','2004-07-29 05:42:31','2015-07-13 19:06:20'),
('5717','248','3','10471','1979-08-22 17:19:33','1971-11-02 14:23:46'),
('5718','445','5','58852','2017-02-06 05:13:34','2011-01-19 20:16:36'),
('5719','959','2','11','1979-09-26 17:48:31','2010-01-29 10:45:40'),
('5723','133','5','82785','1980-07-02 10:29:00','2015-11-25 20:09:53'),
('5724','355','4','1361','2007-03-17 17:50:35','1999-04-26 14:54:14'),
('5727','832','4','528725','1983-04-06 21:44:53','1986-03-04 14:18:26'),
('5728','433','1','134411','2015-07-01 02:47:26','2003-12-12 16:58:07'),
('5730','628','1','114','1979-10-01 00:19:04','1972-04-16 15:09:44'),
('5736','524','2','117833064','1997-05-08 16:37:22','1993-07-20 01:46:48'),
('5737','226','3','41594','2014-06-19 00:53:54','1996-12-12 02:49:32'),
('5738','540','2','209','1998-02-13 10:17:49','2001-12-02 20:49:32'),
('5740','134','3','4043856','1999-07-12 21:02:13','2013-04-14 13:16:39'),
('5741','506','4','130021','1970-06-23 00:08:47','1997-05-05 07:54:48'),
('5742','767','2','7560','1982-05-30 18:56:19','1981-03-10 16:56:01'),
('5743','322','1','70249','1976-12-31 09:35:18','1994-07-10 14:33:38'),
('5744','382','3','721','2011-08-31 02:05:53','1981-06-22 05:37:45'),
('5745','748','1','57947','2019-09-26 03:24:13','2013-05-22 14:03:14'),
('5746','673','4','80450','1984-02-24 22:00:59','1974-09-13 11:04:04'),
('5747','538','4','95','1971-12-10 11:39:02','1980-04-04 08:45:26'),
('5748','865','3','913','1992-11-30 15:40:05','2008-12-02 06:14:05'),
('5751','75','1','5307','1970-05-15 07:58:58','1997-11-04 10:05:34'),
('5754','658','1','835434689','1978-05-15 20:17:55','1988-05-08 09:45:10'),
('5755','844','4','96','2012-05-27 00:29:06','1990-11-11 14:06:14'),
('5757','513','2','87572721','1982-10-11 13:53:58','1985-05-07 15:24:54'),
('5760','307','2','57634','1980-09-25 01:18:55','1988-11-18 16:22:21'),
('5761','77','5','52','1990-05-11 18:55:52','1985-09-12 08:58:42'),
('5762','3','4','0','1983-03-11 23:22:13','1997-12-23 23:39:07'),
('5763','735','5','0','1981-02-28 13:10:00','1970-07-21 16:40:31'),
('5764','167','1','2307','1983-04-12 19:34:38','1995-10-13 15:23:14'),
('5765','718','4','4','2013-09-14 09:55:36','2000-07-09 18:02:56'),
('5767','745','3','710','2016-10-02 15:31:39','1993-10-04 11:58:19'),
('5768','92','2','17','2011-05-18 16:15:55','1984-11-04 14:07:21'),
('5769','468','4','2717','1993-09-05 00:13:16','2010-02-09 23:57:06'),
('5770','348','2','62086505','2009-01-28 00:51:18','1971-03-20 21:55:22'),
('5772','660','1','33887','1978-02-11 04:53:41','1980-08-14 20:11:36'),
('5773','328','2','0','1990-09-16 23:31:13','1983-02-22 19:58:35'),
('5774','887','5','24618','2007-02-01 08:39:59','1989-03-22 22:07:37'),
('5775','412','1','0','1981-12-16 13:06:38','2009-10-29 22:31:55'),
('5776','220','3','145','2004-10-07 20:12:57','1970-08-23 13:39:29'),
('5777','173','2','3','1994-11-05 11:26:15','1971-12-17 11:10:18'),
('5778','103','5','51','1995-01-28 19:55:40','1997-10-18 17:27:47'),
('5779','88','2','3368','1993-06-22 07:31:43','1991-07-05 01:45:06'),
('5780','924','5','1807695','2011-03-24 11:12:34','2018-12-23 05:41:14'),
('5782','598','4','26449733','1985-10-26 08:13:31','1986-11-16 01:58:11'),
('5783','553','4','9097','2010-07-03 03:58:46','2014-12-13 00:17:40'),
('5785','438','2','3291','1972-09-05 17:53:04','1981-07-16 02:35:03'),
('5786','331','5','4148','1986-10-29 20:31:40','1989-10-03 01:06:04'),
('5787','308','5','2862244','1982-06-13 07:39:55','2017-09-19 00:02:05'),
('5788','33','4','287208','2017-01-07 02:12:11','1980-04-27 02:18:17'),
('5790','535','4','6838735','1981-01-01 14:24:25','1978-11-15 13:06:31'),
('5791','112','4','472','1991-06-21 00:32:00','2005-08-02 15:43:25'),
('5792','235','2','2328','2001-11-05 07:04:03','1978-12-08 08:16:32'),
('5794','190','1','440725','2010-11-24 22:49:48','1994-01-24 08:00:44'),
('5795','607','1','166','1986-09-20 19:44:04','2008-10-09 17:25:44'),
('5797','147','3','7','2004-01-17 06:16:48','2018-08-31 17:24:53'),
('5798','276','4','15089835','1992-07-15 22:34:42','1986-05-26 22:50:50'),
('5799','155','2','496','1998-12-28 05:38:36','1989-12-01 19:07:01'),
('5800','719','3','33466383','2012-02-02 18:27:27','1988-01-02 17:34:05'),
('5801','635','1','29606850','1972-10-28 13:33:46','2003-05-06 17:00:51'),
('5802','572','5','103','1973-07-13 09:34:57','1993-08-06 18:00:18'),
('5807','866','2','65845','1972-12-13 22:44:20','1977-07-12 13:28:19'),
('5808','918','5','566452156','2013-12-06 04:46:46','1982-07-27 04:12:50'),
('5809','692','1','174','1980-12-08 21:19:00','1992-02-25 01:39:01'),
('5812','868','2','207550','1991-07-10 22:28:45','1994-08-17 15:35:34'),
('5813','239','1','649701','1993-07-11 13:29:08','1989-12-25 13:02:15'),
('5814','67','2','4929821','2000-03-19 22:21:29','2004-01-11 00:01:32'),
('5815','424','4','0','2007-12-25 02:39:53','2018-10-10 22:05:04'),
('5816','986','1','32742','1981-11-06 13:04:59','2018-02-16 07:05:42'),
('5817','834','3','0','2018-09-24 19:45:47','2015-08-07 21:01:27'),
('5818','1000','5','10069','2019-12-03 10:42:08','2018-10-28 23:14:48'),
('5819','161','3','22','1992-08-26 21:25:38','2000-08-25 11:28:14'),
('5820','246','4','15','1984-05-07 13:02:37','1980-02-01 10:31:36'),
('5822','317','3','9331919','1993-06-14 05:02:03','1985-06-26 21:32:28'),
('5825','342','2','13179','2016-06-21 11:46:28','1986-07-31 16:00:37'),
('5826','710','3','88','1981-09-23 06:27:16','2003-11-25 23:36:46'),
('5827','71','3','68249','1972-04-08 19:27:04','1985-04-18 11:52:36'),
('5829','720','5','11487','2007-11-05 01:17:44','1976-06-20 05:10:34'),
('5830','703','1','38','1986-01-04 08:01:50','1984-05-27 08:43:06'),
('5831','782','4','0','1978-03-10 10:40:57','1998-06-16 00:00:37'),
('5833','245','2','0','2015-03-18 19:52:16','2015-02-24 05:27:50'),
('5834','489','3','77194','2017-03-24 02:17:21','2013-09-13 00:55:45'),
('5835','778','4','1286500','1974-09-04 21:04:30','2009-07-28 20:40:01'),
('5836','88','3','3527842','1976-06-18 04:42:04','2009-11-01 11:57:38'),
('5838','20','5','66852','2004-02-18 12:25:14','2014-12-22 10:28:25'),
('5840','230','5','205','1991-09-13 04:05:38','1996-01-02 23:46:01'),
('5841','712','5','2101','1970-03-29 19:29:59','2019-09-14 14:31:02'),
('5842','543','4','12149','1985-02-07 13:08:20','1999-06-23 13:18:06'),
('5843','516','3','28001510','1991-06-12 15:41:43','2014-02-25 00:59:47'),
('5844','91','2','4815828','1972-12-19 06:06:54','1975-04-14 13:09:00'),
('5845','470','4','307801487','2013-12-04 15:19:35','1998-09-01 05:24:15'),
('5846','378','2','14882845','1989-08-20 10:47:31','1981-11-12 08:56:20'),
('5847','481','3','407699689','1986-03-18 00:09:03','1991-11-16 03:35:12'),
('5848','868','4','115521','1971-11-22 15:48:05','2014-09-16 19:16:02'),
('5852','23','1','2890229','2012-07-03 13:44:26','1981-08-15 15:40:11'),
('5853','623','1','1079113','1996-01-11 19:14:17','2004-05-13 13:12:00'),
('5854','6','2','1089068','1981-01-29 00:30:54','2001-02-21 01:38:37'),
('5855','456','2','91340','2000-09-26 11:30:55','2014-05-05 00:47:18'),
('5857','174','4','103746','2015-05-03 00:04:40','1999-07-16 18:05:52'),
('5859','256','1','2431071','2005-05-23 14:29:36','1998-03-07 18:18:17'),
('5860','923','4','118','1975-11-27 15:39:15','2009-07-19 21:44:58'),
('5862','978','2','0','1977-05-31 03:45:39','2012-05-02 15:23:40'),
('5863','879','5','976395','2018-11-24 08:31:03','1987-08-27 03:51:10'),
('5865','201','1','15','2014-04-21 12:17:52','1992-10-01 07:13:00'),
('5866','216','2','249817','2000-10-20 15:51:31','2002-05-14 09:26:50'),
('5867','389','2','836842564','1993-11-09 12:45:38','1982-10-16 20:05:36'),
('5868','477','1','0','1999-11-23 18:02:43','2020-01-28 21:20:59'),
('5870','273','4','25','2015-03-01 04:21:52','1977-05-13 04:08:37'),
('5871','717','3','1369','2005-09-26 23:28:15','2007-05-01 08:19:58'),
('5872','902','5','22621674','2009-01-13 07:02:31','1973-03-28 17:43:00'),
('5873','296','5','3','1970-10-25 22:34:29','2003-11-22 17:17:29'),
('5874','578','3','4830159','1984-05-05 06:03:39','1999-06-22 10:50:24'),
('5875','889','3','21','1982-07-25 12:00:37','1997-04-03 07:18:50'),
('5877','801','2','605549006','1971-03-14 01:36:46','1993-07-14 03:47:27'),
('5878','34','4','160','2016-03-21 20:53:49','1998-10-28 05:34:05'),
('5879','100','1','2','2016-12-09 16:51:13','1999-03-09 11:18:30'),
('5880','339','2','0','2004-06-06 17:42:57','2014-06-26 15:16:45'),
('5881','243','3','36903','2016-12-30 01:07:51','1987-11-08 03:34:43'),
('5883','793','1','22853','1990-10-06 00:47:36','1985-11-06 22:53:36'),
('5885','549','5','9395040','1990-12-29 08:49:57','2019-05-15 22:06:44'),
('5886','808','2','125','2018-05-25 00:20:02','1971-05-11 19:20:51'),
('5888','155','4','0','2014-01-27 12:13:31','1997-10-03 13:01:36'),
('5890','276','3','3','1989-10-19 19:13:09','2005-02-26 10:53:51'),
('5892','169','1','14330','1999-07-19 03:26:04','2006-10-22 08:18:33'),
('5895','276','1','0','1975-02-19 11:42:52','2001-06-17 03:55:11'),
('5896','209','3','1708','1977-04-27 02:03:08','1990-05-20 16:40:41'),
('5900','470','3','387966','1974-03-10 10:51:14','2013-03-12 22:07:36'),
('5901','710','2','328026','2015-08-20 20:52:07','1989-05-13 03:02:23'),
('5904','863','3','28','1999-09-09 08:57:14','2015-02-24 14:11:10'),
('5905','567','1','1316','1987-02-18 05:05:44','2003-07-27 06:57:12'),
('5909','365','3','15943','2000-01-27 23:34:49','1973-02-07 16:21:58'),
('5910','408','4','21175059','1981-03-01 00:13:56','2019-01-31 06:41:54'),
('5912','158','2','3736','2015-07-27 07:23:58','1995-01-26 06:31:19'),
('5915','101','1','84293','1990-03-28 11:00:41','2012-01-01 13:28:56'),
('5916','695','5','1815280','1987-10-29 18:42:26','2008-09-16 16:15:54'),
('5917','347','2','608123','1992-01-02 21:17:57','1999-09-04 17:41:23'),
('5918','949','2','684403','1982-10-04 21:28:16','2007-06-12 17:18:58'),
('5919','209','5','66104','1972-08-21 11:21:44','2017-01-16 23:13:47'),
('5922','575','4','5','1983-11-25 05:19:28','1973-12-26 10:39:41'),
('5923','35','3','1','2015-01-03 01:40:33','1995-12-24 10:42:19'),
('5925','955','3','6432','1971-03-09 10:28:57','2018-07-26 10:25:07'),
('5929','503','2','51','2002-07-20 22:49:38','2016-07-04 11:04:27'),
('5930','860','4','0','2001-12-04 16:53:38','2012-09-11 15:53:30'),
('5931','424','3','444431','1977-02-06 12:05:10','1981-07-10 09:39:18'),
('5932','414','4','15568','2005-09-14 22:12:21','1995-03-29 13:24:34'),
('5933','929','2','14','1983-08-31 18:19:57','2002-10-05 20:12:18'),
('5934','104','1','426','1983-01-09 22:41:35','1991-01-22 05:56:03'),
('5937','857','3','2','2017-09-21 03:47:44','1975-09-25 08:39:20'),
('5938','764','5','198','1977-02-08 00:36:22','1981-10-04 21:29:50'),
('5939','896','5','14143962','2001-11-12 03:20:08','1986-11-22 05:55:24'),
('5940','291','5','637','2014-08-06 04:27:20','1975-10-17 01:36:16'),
('5941','453','2','9','1976-01-10 23:07:25','1999-01-25 02:21:58'),
('5942','402','4','146840','2004-11-17 03:05:32','1995-08-15 04:23:45'),
('5943','525','1','49416446','2018-04-21 13:52:36','1988-09-17 06:06:33'),
('5948','702','3','3','2003-06-20 13:52:41','2003-12-28 10:20:11'),
('5949','408','5','94575496','1998-10-02 18:07:09','2007-07-17 18:02:36'),
('5950','676','3','437592140','1998-04-01 04:06:48','1999-09-06 12:03:03'),
('5951','790','3','48859','2002-01-28 13:36:09','2003-10-12 22:16:09'),
('5952','704','4','17604','1988-07-28 23:26:25','1978-09-20 13:38:29'),
('5953','76','3','1896','2005-05-25 01:50:16','2009-09-14 23:01:59'),
('5954','537','5','2801864','1974-06-18 17:15:47','1970-03-01 02:23:16'),
('5955','372','5','4','1991-03-20 19:16:54','1998-08-06 13:02:37'),
('5956','821','5','483815841','1991-01-02 17:46:22','1975-10-13 07:14:23'),
('5957','157','2','59','1995-06-08 10:32:51','2007-03-10 22:51:31'),
('5958','441','4','796314','2013-06-21 00:54:51','1974-01-21 14:19:28'),
('5961','692','2','39','1979-07-14 00:34:50','2009-06-13 16:29:24'),
('5963','385','3','70516','1996-07-22 19:47:50','2017-11-28 10:47:50'),
('5964','840','4','0','1984-06-05 11:40:42','2014-12-17 11:00:41'),
('5965','326','3','18703','1972-08-07 00:55:53','1988-01-02 18:45:11'),
('5966','374','1','2446','2014-06-06 17:52:50','2019-11-04 20:41:52'),
('5967','103','1','263285400','2014-04-26 11:39:25','1981-06-03 02:10:27'),
('5968','761','1','351665585','1999-10-31 03:02:01','2016-11-04 20:52:33'),
('5969','545','2','176102','2011-03-02 20:15:13','1978-08-22 01:21:49'),
('5970','150','5','2','2017-07-25 08:15:04','2010-02-03 01:30:35'),
('5972','739','2','120','1997-03-12 11:01:48','1977-10-21 11:03:22'),
('5973','193','1','796','2008-04-09 15:17:57','1986-08-27 21:50:06'),
('5979','795','4','420857','2006-01-13 18:17:20','1996-02-17 14:50:49'),
('5980','187','1','71','2001-10-15 23:28:45','1980-02-05 03:19:55'),
('5981','162','3','13841','2013-08-19 17:38:04','2015-02-19 14:56:24'),
('5986','97','3','53918474','1974-04-25 22:30:43','1975-08-10 11:27:13'),
('5987','563','5','3015558','2020-01-20 21:57:40','1977-07-29 20:33:24'),
('5988','697','4','25','1985-05-17 23:18:55','2013-10-01 12:04:18'),
('5989','15','4','51','2013-11-24 00:36:48','1984-06-02 15:32:07'),
('5991','329','4','43','1976-06-06 01:04:10','1971-04-22 22:23:27'),
('5992','337','2','168','2012-12-10 12:24:51','1982-11-07 01:38:07'),
('5994','733','5','11','2013-09-23 15:12:52','1984-02-11 04:18:09'),
('5995','791','5','416857','2014-05-21 14:32:28','1987-09-23 22:41:30'),
('5996','971','5','0','1985-10-29 21:42:29','2005-11-05 03:36:35'),
('5997','480','2','2291412','1987-06-26 08:28:14','1982-02-23 20:40:11'),
('5998','217','1','1165','1983-03-30 22:41:05','1978-06-15 22:27:50'),
('5999','200','4','36383561','1996-08-19 12:34:59','1985-05-02 21:16:32'),
('6000','299','3','0','2015-07-28 04:04:08','2002-06-15 04:07:34'),
('7001','251','2','12859741','1974-07-02 06:51:02','1992-07-18 20:11:10'),
('7003','231','4','117','1998-07-01 23:19:20','2019-01-31 21:37:35'),
('7004','570','2','4489','2008-12-17 12:36:40','2003-10-01 22:34:15'),
('7005','261','5','247115','1991-10-18 02:22:00','2013-12-20 05:31:15'),
('7007','678','3','41569812','2008-01-02 01:21:38','1972-06-08 13:18:43'),
('7008','927','4','25427154','1976-10-29 08:54:10','1993-03-27 17:38:42'),
('7009','557','4','1759','1995-05-11 06:32:06','2017-10-25 02:52:50'),
('7010','585','2','441609','1996-01-02 06:22:13','2001-03-10 02:11:33'),
('7011','579','3','91939','2008-11-04 08:30:22','2014-04-01 09:13:39'),
('7013','760','3','67279894','1976-12-17 23:52:35','1978-05-19 01:31:55'),
('7015','174','3','65','1996-02-10 16:20:45','1987-01-29 01:32:35'),
('7016','450','3','168305','1974-11-03 10:46:33','1987-04-24 08:36:57'),
('7019','958','5','0','1988-03-26 20:02:18','2006-05-17 21:11:02'),
('7020','344','2','2','1994-09-27 11:17:36','1990-05-26 20:26:05'),
('7021','703','3','832','1991-05-12 02:58:48','2010-09-07 12:49:54'),
('7022','807','2','4743077','2012-03-31 07:53:00','1980-07-02 02:51:52'),
('7025','392','4','79168231','2001-10-28 16:14:05','1998-11-05 06:56:19'),
('7026','736','5','1464215','1996-08-26 11:51:28','1971-01-03 14:09:37'),
('7028','28','1','15856722','1980-05-10 13:40:34','1979-06-02 20:50:45'),
('7030','973','4','551921346','2004-01-08 03:33:50','1985-12-05 13:28:20'),
('7032','149','3','12823342','1993-02-24 09:31:09','1973-05-26 10:02:22'),
('7035','195','5','889109594','2008-03-05 08:03:00','1975-09-29 12:57:53'),
('7037','405','4','3','1974-03-29 19:01:10','1988-04-17 20:47:21'),
('7039','492','2','587','1971-11-12 22:43:15','2014-06-04 00:27:41'),
('7042','853','2','1','2016-01-04 13:46:23','1992-12-14 18:49:47'),
('7043','394','5','46884552','1980-02-24 08:56:21','1973-01-16 13:52:02'),
('7044','360','5','619','1984-09-24 20:47:21','1973-11-22 11:59:14'),
('7045','84','2','25','1973-02-20 02:38:51','1989-12-12 00:58:05'),
('7046','668','4','490292584','1987-08-28 11:40:25','2015-08-27 05:28:30'),
('7048','302','3','1','1978-10-18 01:40:19','1974-09-09 05:13:36'),
('7049','204','5','188539249','1989-12-29 08:37:03','2004-02-20 06:03:13'),
('7050','266','2','13853871','1982-06-26 15:21:06','1988-10-08 17:38:13'),
('7051','928','2','0','1979-03-20 14:20:22','1977-05-13 00:40:33'),
('7052','296','2','8180','1998-05-16 21:48:32','1984-07-06 04:29:35'),
('7053','977','3','66954','2012-08-26 19:00:08','1978-02-05 16:44:56'),
('7054','569','3','1627687','1991-02-11 06:40:10','2005-03-31 20:53:11'),
('7057','553','2','437336','1970-09-17 00:03:20','1983-03-05 20:18:31'),
('7058','403','5','17','1978-09-09 15:44:06','1988-07-18 00:42:08'),
('7059','84','4','132026','1990-12-03 02:02:01','1973-02-13 09:47:04'),
('7060','890','1','5006239','1989-09-09 01:41:59','2002-07-06 08:00:05'),
('7061','94','3','228','2003-02-24 01:43:17','1993-01-30 17:30:02'),
('7062','926','5','56556','2015-08-13 07:13:16','1997-03-26 22:53:14'),
('7063','374','2','1544263','2010-05-06 08:51:16','2017-07-16 05:52:20'),
('7064','380','3','0','1974-08-13 15:39:30','1979-01-12 19:26:43'),
('7065','169','4','93','2006-09-11 23:10:35','1974-09-04 04:54:29'),
('7067','863','2','263','1976-04-06 07:33:18','1999-08-20 10:16:17'),
('7068','429','5','1','1997-02-05 09:19:43','2019-07-21 11:31:32'),
('7070','307','5','1','1980-05-23 08:17:14','2010-08-01 08:48:26'),
('7071','190','4','28787914','1987-01-19 13:01:50','1995-12-01 22:29:58'),
('7074','688','5','0','1997-06-13 07:16:58','2000-07-12 19:49:50'),
('7077','135','1','1817','1976-03-21 19:04:02','2010-04-28 20:57:36'),
('7079','263','2','107206474','1991-01-31 13:52:59','1998-10-11 02:54:52'),
('7080','85','3','3391','2006-06-03 04:23:57','2005-04-27 01:06:31'),
('7081','995','1','2','2010-04-24 09:00:41','1975-06-25 21:34:31'),
('7083','330','5','530','1975-02-01 04:38:20','1983-11-24 01:39:54'),
('7084','696','1','90489','1971-05-08 18:26:11','1981-12-21 11:18:00'),
('7085','953','1','255439','1995-11-12 22:45:38','2014-05-04 12:03:25'),
('7086','981','1','3','2018-10-24 22:20:26','2014-12-21 07:40:19'),
('7087','659','5','13421','2008-10-30 13:09:38','1995-10-07 05:39:56'),
('7088','884','3','82','2016-08-14 20:23:56','1979-06-28 19:53:39'),
('7090','463','1','0','2008-04-17 16:27:01','2011-01-03 00:41:04'),
('7093','610','2','43721','1995-05-10 17:37:03','1974-11-08 14:10:18'),
('7095','587','5','7313','2010-08-01 05:05:01','1998-03-27 15:33:58'),
('7098','439','2','375','1984-12-03 14:06:53','1980-04-17 07:38:28'),
('7099','787','1','0','1996-05-23 12:30:45','2017-05-09 12:15:10'),
('7100','437','4','47031395','1971-01-01 10:50:36','2015-02-23 21:51:13'),
('7101','136','3','247240','2016-05-29 21:14:21','1970-09-03 08:23:08'),
('7102','882','4','1255081','1976-05-14 13:01:23','1986-08-16 13:13:53'),
('7103','264','4','3979585','1997-04-02 03:54:53','1970-05-20 10:29:56'),
('7105','335','4','2329301','1977-12-02 09:28:02','1991-12-26 20:04:26'),
('7108','765','5','18','1997-11-27 00:56:09','1996-07-30 22:47:55'),
('7109','24','3','29598','1974-12-17 12:10:49','2003-10-01 16:33:52'),
('7111','431','1','9140486','1996-03-11 09:04:13','2009-07-05 04:22:33'),
('7112','192','2','520626985','1991-01-08 12:46:41','1979-02-23 01:17:16'),
('7113','963','4','0','2016-04-14 10:31:59','1999-03-05 13:25:40'),
('7114','629','4','439','1999-12-22 01:09:24','2017-10-19 03:26:45'),
('7115','764','1','32','1976-06-18 02:06:47','1990-11-10 19:54:59'),
('7118','693','4','81804234','1982-08-27 05:20:49','1975-06-04 18:10:54'),
('7119','134','1','55','1998-11-10 14:21:38','1984-07-31 13:28:54'),
('7121','779','4','14133','2005-04-22 06:01:38','1981-08-18 16:02:03'),
('7122','951','1','524440','2001-11-27 23:12:35','2012-02-21 06:36:40'),
('7123','431','4','50829183','1990-01-25 10:52:19','2013-01-03 23:31:16'),
('7124','82','3','6978','1985-09-07 12:17:13','2013-02-04 12:47:57'),
('7125','271','5','39424','2007-05-14 22:22:45','1972-08-28 04:56:41'),
('7126','65','4','0','2001-02-08 20:32:46','2008-09-12 16:02:18'),
('7127','42','2','5316','2011-09-13 14:08:52','2016-07-04 03:43:26'),
('7128','66','1','0','2015-03-09 14:50:04','1972-11-22 12:01:26'),
('7131','760','2','5943840','2011-01-02 05:53:01','1992-09-02 06:28:40'),
('7132','548','2','412010343','1975-07-04 20:27:44','1981-08-29 11:32:42'),
('7134','988','4','30451','1985-01-02 09:44:15','2019-11-15 04:03:08'),
('7136','211','1','11','2008-06-29 03:09:28','2005-08-09 17:31:16'),
('7138','148','1','1575160','1996-06-21 03:28:16','2000-10-20 04:55:12'),
('7139','877','2','4780655','2016-09-01 06:58:26','1980-07-17 10:11:56'),
('7140','641','1','2208229','1997-09-21 04:11:33','1999-11-27 10:22:49'),
('7143','961','5','0','1981-09-12 07:07:29','1974-03-27 05:40:38'),
('7144','184','5','2','1995-09-20 05:20:13','1980-12-07 08:02:21'),
('7145','608','5','59684','1983-12-05 15:41:01','2020-02-19 15:07:59'),
('7148','609','4','24517940','1985-04-17 15:11:03','1997-09-09 07:20:45'),
('7149','283','3','165','1970-09-18 12:25:04','2005-09-22 08:00:59'),
('7150','527','3','0','1981-08-07 00:36:03','1973-03-28 02:09:14'),
('7153','900','4','5889362','1978-12-12 00:42:24','2019-04-29 15:27:45'),
('7155','927','2','0','2005-09-07 00:09:47','2008-03-17 02:00:59'),
('7158','246','5','348804','1973-05-03 05:28:01','2015-05-02 08:39:59'),
('7161','365','2','25151057','2012-06-21 17:20:07','1986-01-31 00:02:53'),
('7162','660','3','88433','2009-01-08 08:51:53','1978-06-07 02:26:48'),
('7165','865','5','18','1995-12-30 14:23:21','2015-04-12 06:01:33'),
('7166','146','3','618','2012-09-13 19:43:05','2005-03-21 08:19:53'),
('7167','589','4','15109278','1998-08-12 23:17:31','2015-01-22 13:45:07'),
('7168','36','3','109752','1981-08-01 00:57:30','1995-09-30 02:43:13'),
('7170','265','2','0','1982-12-03 12:34:31','1973-06-03 05:09:04'),
('7171','973','1','195202436','1973-08-04 10:48:15','2005-02-11 00:14:33'),
('7172','384','5','106993627','2011-07-13 17:38:45','1990-12-24 11:55:05'),
('7175','58','4','41','2014-11-02 07:59:17','1985-08-10 05:10:35'),
('7178','962','2','88846','2009-10-17 04:51:13','2020-02-28 13:39:13'),
('7179','865','2','1082','2009-10-03 18:49:47','2013-05-26 08:52:52'),
('7180','972','4','11','1983-09-08 17:41:33','2009-04-11 17:16:54'),
('7181','136','1','0','1992-10-06 07:14:35','2017-02-12 06:36:57'),
('7183','812','2','23730','1975-03-23 21:36:01','1989-12-11 12:11:16'),
('7184','213','2','2','2016-02-02 05:03:34','1986-10-03 04:58:12'),
('7185','22','3','433717723','2001-06-06 20:25:54','2019-11-09 23:59:32'),
('7186','521','5','282974316','2014-02-18 03:31:35','1971-06-15 21:13:12'),
('7187','664','5','45945','2002-02-03 11:28:55','1977-06-21 19:18:18'),
('7188','962','4','5149','2017-09-03 12:17:10','2015-06-18 12:22:32'),
('7189','533','5','24','2010-10-13 10:44:49','1979-11-13 02:39:23'),
('7191','603','2','4939','1997-04-10 07:28:31','1981-02-14 20:22:11'),
('7192','13','4','5510','2004-06-16 10:26:01','2017-11-24 18:52:03'),
('7193','801','5','9','2012-04-08 09:34:23','2004-04-11 01:21:23'),
('7195','259','5','0','1974-03-03 17:05:06','1985-03-22 03:50:55'),
('7197','59','4','371611331','2000-10-18 10:07:46','1994-03-09 11:46:13'),
('7198','119','5','53961','1977-10-25 11:21:55','2012-10-08 11:49:54'),
('7201','807','3','2','2000-11-14 21:12:19','2009-12-01 13:40:35'),
('7202','51','3','4984183','2011-02-04 00:00:12','1970-07-21 01:10:37'),
('7203','497','1','16610142','2008-05-03 22:34:17','1985-10-05 02:17:49'),
('7204','95','1','33488936','1981-08-16 04:56:46','2003-05-15 17:06:17'),
('7205','894','2','55','2017-11-10 21:06:12','1988-08-23 17:35:06'),
('7206','620','3','667','2017-10-17 11:49:34','1988-09-05 09:25:50'),
('7208','114','2','0','1989-11-25 05:38:08','1982-06-02 01:56:03'),
('7210','31','5','168044152','2001-01-24 20:57:03','1970-12-29 01:59:25'),
('7213','123','2','0','1996-07-14 16:38:21','1993-09-16 14:29:39'),
('7217','619','2','422739','1984-06-29 17:48:05','2009-04-10 22:55:59'),
('7218','985','1','3491','2012-01-23 14:08:06','1978-02-28 13:16:10'),
('7219','275','1','68420','1972-06-10 04:22:08','2000-08-17 08:19:22'),
('7220','144','1','4','2004-11-16 09:20:04','2016-01-19 17:35:36'),
('7221','440','4','653','1982-02-07 08:49:19','2013-12-11 07:13:49'),
('7222','663','1','31','2010-08-07 12:27:38','2010-03-21 20:36:19'),
('7223','395','4','24','1975-10-06 03:18:11','1988-02-04 17:52:49'),
('7227','825','1','0','2001-06-11 08:06:54','2000-03-21 06:34:06'),
('7230','104','2','1133','2015-09-30 09:17:27','1999-11-10 06:53:11'),
('7234','678','5','349153','1994-11-03 19:14:59','2009-06-24 09:03:03'),
('7235','779','5','23','1971-09-20 08:07:52','2015-08-15 22:26:20'),
('7236','22','2','4061','2004-07-30 03:13:14','1972-08-28 18:17:57'),
('7238','223','5','18957168','1976-05-21 19:45:49','1987-04-09 11:16:30'),
('7239','461','3','131271','2001-10-02 18:47:49','1970-10-22 03:04:58'),
('7240','977','2','536759','1984-01-14 13:00:31','2005-11-13 19:40:59'),
('7241','993','5','0','2011-06-26 05:49:48','1974-06-14 15:35:35'),
('7244','765','3','27121','2018-03-06 07:19:31','2011-03-19 21:35:28'),
('7245','93','5','81','2014-10-11 11:36:37','1973-02-24 21:16:38'),
('7246','655','1','5819490','1976-01-29 04:44:07','2015-08-30 22:41:06'),
('7247','185','2','53905660','1982-03-14 15:05:55','1995-07-13 00:04:24'),
('7248','601','4','108471678','1973-07-23 17:50:28','1973-07-22 00:49:00'),
('7249','70','2','206574','1979-07-13 23:04:17','1994-06-03 05:42:12'),
('7250','618','5','9970','1984-11-06 06:31:34','2008-11-26 13:41:17'),
('7251','100','4','1','2000-10-21 08:34:49','1981-01-23 22:21:38'),
('7252','66','4','148548812','2001-11-21 19:16:48','1995-01-10 06:24:58'),
('7254','662','4','319155','1973-09-28 02:04:48','2016-07-12 13:39:21'),
('7255','881','4','220775','2006-05-19 07:33:55','1971-03-19 03:26:31'),
('7257','478','2','4','1983-11-01 01:45:37','1981-03-15 19:06:07'),
('7259','483','3','394641','2016-09-10 14:13:28','1972-06-03 13:03:40'),
('7261','322','3','7877','2003-03-21 20:38:15','1988-01-31 11:58:32'),
('7262','613','3','1689346','1975-11-10 23:50:29','2015-03-26 15:26:21'),
('7263','914','2','1127','1989-03-27 18:03:25','1971-09-29 17:07:27'),
('7265','491','5','1089313','1995-11-07 10:29:04','2014-07-24 15:38:29'),
('7270','636','1','1396','2007-05-03 11:01:39','1974-12-03 19:37:12'),
('7275','80','2','0','1982-11-28 18:27:02','1983-07-08 18:32:14'),
('7276','107','3','0','2004-07-08 12:05:09','2013-02-06 02:31:25'),
('7277','917','4','1','1986-11-07 13:04:38','1974-07-13 00:53:17'),
('7279','932','1','324','1987-02-26 20:45:31','1997-06-24 08:51:34'),
('7280','813','3','7','1982-09-29 08:39:01','1979-04-22 06:18:45'),
('7282','11','3','3','2016-04-12 09:42:58','1973-10-27 15:26:17'),
('7283','539','2','555603','2002-07-15 01:03:06','1993-03-19 17:41:44'),
('7284','443','4','0','2001-01-09 16:28:35','2016-09-21 22:14:23'),
('7286','787','4','10','2012-02-05 08:26:07','1974-05-02 06:06:03'),
('7287','818','4','2300','1975-05-09 01:08:33','2000-02-14 14:50:45'),
('7288','839','5','543637','1976-06-02 00:33:10','1971-11-04 07:23:20'),
('7290','400','3','6','2013-06-08 05:13:38','1992-12-12 18:04:14'),
('7291','697','3','1','1984-05-18 21:09:14','1996-10-19 08:15:53'),
('7292','831','4','0','1976-06-29 13:09:48','1988-11-23 03:01:20'),
('7295','915','2','90','1993-05-08 07:37:14','1978-02-18 00:05:14'),
('7297','897','3','407','1987-10-27 23:36:31','2006-12-20 16:08:57'),
('7298','572','3','5742849','1994-11-10 08:12:06','1995-12-14 19:03:13'),
('7300','158','1','5','2011-09-22 23:29:34','1976-03-20 21:31:47'),
('7303','669','4','1006741','1999-12-20 17:40:41','2016-07-26 23:11:59'),
('7304','778','1','767481','2003-08-14 13:09:39','2019-05-12 12:14:16'),
('7305','37','1','3441','1983-05-06 07:57:25','2020-02-06 13:41:49'),
('7307','684','2','0','2017-01-14 23:05:19','2003-02-24 16:15:55'),
('7310','66','5','21','1971-11-23 16:01:28','2006-05-09 07:02:37'),
('7312','909','5','29','1984-10-19 15:23:57','1977-04-16 22:59:40'),
('7313','231','3','81','1996-02-27 18:57:18','1986-06-23 12:01:15'),
('7314','376','1','43054231','2004-01-22 17:11:45','1999-06-06 19:48:20'),
('7315','494','3','0','1998-09-09 16:21:25','1996-10-20 02:38:27'),
('7316','187','3','0','1997-09-27 11:34:19','1998-11-13 05:58:50'),
('7320','164','5','14','1975-01-15 02:18:10','1988-03-07 15:13:47'),
('7321','451','4','1671635','1998-11-24 10:11:36','1994-01-04 21:31:03'),
('7322','546','1','2','2013-12-21 19:35:38','1976-11-18 13:46:34'),
('7324','43','5','15','1998-01-03 22:07:23','1979-09-05 13:49:25'),
('7325','681','1','9','1995-08-26 11:34:08','1977-03-01 12:32:56'),
('7329','219','1','1820222','2013-10-26 15:47:27','1976-08-06 02:37:50'),
('7331','573','2','5413979','1994-05-26 12:43:11','2004-06-04 06:02:10'),
('7332','299','1','299808','2019-10-18 18:05:16','1999-07-23 21:41:53'),
('7333','330','4','1628866','2018-03-13 16:01:58','1989-03-21 15:37:41'),
('7336','917','3','1151','1989-11-13 14:03:02','2016-07-12 04:07:33'),
('7337','970','3','196','1993-02-19 23:47:13','1986-08-07 04:43:13'),
('7340','760','1','480','2001-04-23 01:25:02','1989-09-05 04:30:52'),
('7341','803','3','553071','1978-07-06 09:09:56','2004-08-01 22:51:23'),
('7343','330','3','191752','1995-05-25 14:03:57','1996-03-11 13:33:33'),
('7346','261','1','11930','2018-12-09 15:28:45','2001-07-05 05:55:56'),
('7349','353','2','99217','1970-03-19 19:05:56','1998-03-19 12:43:10'),
('7350','318','3','47','1982-09-05 06:12:17','2010-09-15 06:00:29'),
('7351','640','2','0','1998-07-16 23:03:18','2016-10-07 06:25:30'),
('7352','938','4','720100','1975-01-15 18:08:11','1972-06-15 14:32:38'),
('7353','698','3','6262','1988-02-05 14:21:47','2013-11-24 23:35:19'),
('7354','466','1','0','1998-06-27 02:13:17','2005-02-19 10:15:06'),
('7357','815','5','29','1983-01-07 10:26:34','1971-10-05 09:43:34'),
('7358','639','1','0','1991-12-24 16:07:41','1994-01-03 15:22:36'),
('7359','272','1','0','1982-12-09 21:07:53','2017-11-28 13:36:05'),
('7360','694','4','375792212','2010-03-20 21:50:22','1972-10-31 02:40:37'),
('7361','789','5','229511406','1976-08-04 01:47:32','2018-03-14 08:20:57'),
('7362','771','4','14014946','2004-05-26 21:30:27','1983-07-26 15:42:05'),
('7365','137','2','536894385','1972-11-06 22:45:05','1971-05-30 02:51:21'),
('7369','812','5','103','2000-07-24 20:57:13','1984-08-01 19:31:54'),
('7371','75','2','4783824','1995-04-21 06:47:48','1999-11-06 21:49:44'),
('7373','124','5','172866','1991-06-11 03:58:37','1980-12-10 05:47:45'),
('7374','34','2','185','1982-07-12 05:51:02','1977-11-23 02:43:19'),
('7375','991','4','0','2011-08-30 17:31:58','1972-08-30 16:25:09'),
('7376','131','4','0','1973-03-22 10:17:12','1975-09-15 17:45:23'),
('7378','452','1','1','2004-08-16 13:49:32','2013-07-08 15:09:45'),
('7379','758','2','427873','2007-05-15 02:35:55','2007-07-18 02:02:05'),
('7380','61','5','0','1994-03-13 09:00:31','1981-07-07 16:19:34'),
('7382','671','5','3629107','1983-10-19 19:48:32','1999-12-28 00:03:50'),
('7384','113','2','0','2006-06-17 02:27:47','1984-08-18 11:35:21'),
('7385','906','2','1','2005-11-23 23:00:21','1978-10-01 07:07:53'),
('7386','475','5','0','1987-06-12 08:39:46','2004-06-12 00:31:10'),
('7388','869','4','0','2015-11-17 05:42:55','1987-09-01 09:12:31'),
('7390','93','3','122399755','1992-09-24 15:08:51','1988-12-15 20:21:28'),
('7391','630','2','25','1993-09-16 04:48:55','2014-01-29 11:49:08'),
('7392','241','2','0','2008-11-04 12:49:08','2003-12-14 00:59:00'),
('7393','125','4','1','1987-07-28 18:47:06','1975-07-02 20:49:37'),
('7394','507','5','1','2003-12-29 00:49:45','1986-10-07 21:17:59'),
('7396','777','3','0','1981-06-06 15:36:10','2000-12-05 07:45:17'),
('7398','545','3','194','2004-06-08 23:58:43','2007-11-19 18:18:48'),
('7402','388','3','54','1975-11-06 09:23:35','2016-04-09 06:44:08'),
('7403','990','2','4109183','2018-11-12 00:36:30','1997-08-31 22:51:21'),
('7405','159','2','178482','2007-08-13 08:52:29','2013-11-21 14:07:53'),
('7408','101','4','391835','2015-06-22 12:34:44','1979-06-02 08:05:08'),
('7410','553','5','4','2001-09-05 17:52:41','2018-01-12 00:53:25'),
('7411','174','2','34','2003-06-13 08:34:27','2009-06-13 08:57:33'),
('7415','654','3','2036','1983-08-26 03:58:50','2016-12-16 12:13:12'),
('7416','688','4','350959','1996-02-17 20:44:26','2002-03-05 00:34:55'),
('7417','769','1','0','1989-01-09 20:36:44','1993-02-22 22:18:48'),
('7418','142','4','100','2006-10-29 23:41:13','1980-07-07 01:21:20'),
('7419','331','2','365','1981-09-04 23:17:07','1973-09-01 21:10:16'),
('7421','693','1','71709','2012-09-21 04:59:06','1974-07-16 17:14:05'),
('7422','279','2','94832288','2000-03-29 07:42:40','2015-01-25 07:44:04'),
('7423','305','2','0','2002-03-07 06:55:33','1981-12-22 22:37:14'),
('7425','986','3','7577','1973-08-15 16:20:20','2007-11-23 21:19:32'),
('7426','43','1','1567818','1976-05-29 18:38:03','2001-10-20 08:00:59'),
('7432','754','1','3','1973-09-06 02:37:13','2001-02-12 06:56:08'),
('7435','266','5','675078206','2019-04-15 12:09:45','2015-12-04 02:27:19'),
('7436','428','5','4846702','2002-09-20 11:24:37','1990-01-16 11:13:18'),
('7437','135','4','2660434','1976-09-13 18:56:53','2004-08-11 22:01:05'),
('7438','197','3','5401','1995-04-30 14:15:59','2010-09-22 21:17:19'),
('7439','85','1','1','1985-11-14 00:08:09','1999-01-10 23:15:57'),
('7440','598','1','10799','1991-12-08 09:45:40','2018-08-30 23:59:48'),
('7442','229','2','5375','1981-06-22 00:58:10','1982-10-22 05:10:22'),
('7443','135','3','4813289','2009-01-23 08:31:00','1997-12-28 10:06:42'),
('7445','289','4','388','2012-10-21 23:15:24','2008-05-17 11:38:22'),
('7446','769','3','3994796','1972-04-21 14:12:55','2016-06-29 06:29:40'),
('7447','300','3','66050571','1983-06-10 05:51:14','1977-04-20 10:37:14'),
('7448','552','5','13950','1993-01-18 01:38:44','1995-01-31 04:30:41'),
('7449','417','2','542','2006-04-23 06:55:25','2010-10-25 06:10:31'),
('7451','320','2','278','1998-09-06 15:39:40','2019-09-15 11:03:42'),
('7452','640','3','358715','1985-06-30 05:21:39','2012-05-01 09:01:34'),
('7453','979','5','0','2009-05-12 04:00:03','1977-09-14 10:31:28'),
('7454','893','1','5993','2002-05-29 16:39:03','2001-07-21 12:19:34'),
('7457','131','2','918','1988-06-24 22:12:48','1978-01-15 10:34:51'),
('7459','836','4','7','2019-10-28 09:56:58','2008-02-22 02:02:01'),
('7464','759','3','0','1975-06-02 00:34:21','1992-05-18 13:13:04'),
('7465','537','4','753027396','2017-04-16 05:30:25','2002-01-29 19:05:23'),
('7466','277','5','3201','2011-04-10 07:07:11','2001-07-26 23:44:38'),
('7469','753','2','1','1976-02-01 09:18:40','1971-11-17 13:36:37'),
('7470','918','4','45','1986-08-09 10:28:53','2001-04-02 11:35:55'),
('7473','413','1','1221','2010-11-02 17:34:44','2008-10-13 14:15:24'),
('7476','373','2','71','2000-08-27 22:22:52','1990-04-13 13:04:23'),
('7478','251','5','0','1985-05-10 03:05:28','1970-09-07 14:43:54'),
('7479','244','1','218','1983-04-07 09:50:59','2006-07-21 07:11:38'),
('7480','411','4','46433','2016-03-09 20:22:13','1989-11-01 20:51:41'),
('7482','637','3','888','1990-03-19 08:45:02','2007-09-11 08:59:47'),
('7483','605','5','0','2003-10-28 09:59:13','2007-02-17 11:12:16'),
('7486','51','5','82954','2003-08-24 08:55:59','1985-01-04 19:47:07'),
('7488','666','4','69190203','1984-02-13 14:57:54','2004-12-07 08:56:51'),
('7490','970','1','0','1995-03-12 04:22:37','2005-03-29 14:01:29'),
('7491','733','2','1','1982-01-11 04:48:34','2010-02-21 11:02:48'),
('7493','375','5','0','2012-01-25 22:39:54','1990-03-10 17:09:54'),
('7495','821','3','1608','1972-06-03 08:37:54','2003-10-07 23:40:10'),
('7496','399','3','0','1988-02-26 00:52:25','2009-10-15 04:58:45'),
('7499','982','2','495','1985-06-25 23:43:25','2019-01-26 23:19:00'),
('7501','522','2','184','1987-07-06 13:08:20','1994-08-21 23:05:43'),
('7503','546','4','0','2007-05-12 03:32:46','2001-05-16 20:20:43'),
('7505','391','3','1','1981-04-11 12:06:50','2011-05-14 11:12:06'),
('7506','22','1','2','1976-07-18 15:04:45','1979-12-14 00:57:35'),
('7509','394','4','2','2004-04-22 20:24:01','1997-01-22 08:13:44'),
('7510','857','2','175636597','2018-09-20 10:29:17','1971-12-16 09:03:15'),
('7511','269','2','302565','2011-10-10 20:23:09','2006-02-09 20:00:12'),
('7512','647','3','776975593','1981-05-17 02:37:33','1986-04-30 03:24:24'),
('7516','401','2','35275','2012-04-03 15:09:02','1997-01-24 15:42:55'),
('7517','974','2','122','1970-06-01 09:58:47','1973-10-23 18:25:35'),
('7518','181','3','194','1986-10-02 09:31:42','2017-05-20 12:44:36'),
('7519','9','4','295217752','1999-09-26 19:24:53','2016-03-31 04:28:23'),
('7521','256','2','312746341','2013-03-02 13:50:13','1986-11-29 12:40:13'),
('7528','505','4','37','1990-12-22 14:31:01','2000-06-13 22:23:00'),
('7529','802','5','315','2009-04-16 22:33:26','1972-05-14 14:25:51'),
('7531','621','3','46018','2003-11-15 15:00:17','1976-11-30 16:05:57'),
('7532','980','3','1448','1994-05-05 06:51:26','1988-07-22 01:45:53'),
('7534','112','5','1250','1981-04-25 16:23:51','2015-09-03 23:39:05'),
('7535','893','3','55012604','2000-09-05 09:31:44','1996-04-11 04:41:55'),
('7536','214','1','32','2010-09-10 07:22:52','1987-12-13 09:32:13'),
('7537','889','4','43','1997-03-25 15:00:24','2012-09-30 07:32:36'),
('7538','269','5','0','2006-04-26 10:31:10','1971-09-11 13:26:41'),
('7539','747','4','0','1987-05-28 16:41:53','1983-10-07 05:22:27'),
('7541','845','5','4434731','1972-03-29 01:01:07','2011-05-05 18:20:25'),
('7543','70','5','5','1972-09-16 00:44:00','1975-01-23 10:37:28'),
('7545','833','1','4252','1971-07-22 13:30:22','2002-03-22 11:55:20'),
('7546','502','3','34653715','1986-10-22 18:06:23','1980-04-13 08:33:42'),
('7547','546','3','53175','1981-01-28 16:02:44','1988-08-07 01:26:54'),
('7549','642','1','9369579','1979-09-12 22:48:21','1974-09-05 10:39:02'),
('7552','683','3','532239','1978-04-12 00:41:45','2010-03-14 23:50:18'),
('7553','115','5','87740','2016-01-10 13:24:50','1975-03-28 13:02:58'),
('7554','406','5','0','1977-12-16 01:57:30','1985-09-05 01:55:01'),
('7556','295','3','42481771','1988-04-26 16:54:58','1983-11-15 17:13:35'),
('7557','486','4','7','1976-12-19 15:44:58','2006-02-25 17:31:44'),
('7558','742','3','0','2005-06-29 20:00:47','1986-03-13 10:34:21'),
('7559','574','5','376082','2000-06-15 16:44:20','2006-08-14 06:39:29'),
('7562','860','3','3','1986-04-02 08:24:44','2016-08-26 14:55:42'),
('7563','411','5','4973','2004-10-21 05:06:36','1976-09-04 19:07:04'),
('7565','63','5','3','2000-11-30 12:18:47','1979-06-06 21:13:31'),
('7566','586','4','181241270','1983-05-12 05:48:21','2004-05-17 09:34:56'),
('7567','376','2','155509816','1980-10-23 04:05:23','1973-08-31 18:48:30'),
('7569','220','4','1509359','1976-08-18 05:41:39','2008-08-20 01:48:06'),
('7572','225','4','310612579','1989-11-04 22:21:11','1986-10-23 18:39:46'),
('7573','329','5','1','1975-10-31 09:02:37','2004-10-07 20:51:07'),
('7574','344','5','115','1981-02-01 04:16:58','1974-06-06 12:21:44'),
('7575','786','4','15130335','2005-01-19 16:45:32','1986-01-02 05:06:06'),
('7577','701','1','3101','1973-01-10 04:47:32','2017-10-15 15:59:26'),
('7581','19','4','8280','1970-02-09 15:24:31','2015-12-08 00:21:46'),
('7582','846','2','1','2000-02-29 14:49:16','1979-05-28 09:11:24'),
('7584','885','2','55107','2011-05-21 20:10:42','1972-05-17 15:00:01'),
('7585','743','2','1812','1988-03-31 20:14:32','1972-10-17 16:22:55'),
('7586','35','1','54060452','1998-11-15 01:33:30','2002-01-14 21:26:01'),
('7591','948','3','30897877','1980-05-11 19:27:30','1994-11-05 02:48:36'),
('7593','591','5','25976430','1971-08-08 22:31:51','2003-11-01 05:44:20'),
('7595','945','5','424458','2014-04-17 16:59:18','1992-07-15 18:27:27'),
('7596','799','5','403','1983-11-21 12:26:48','1979-12-23 01:47:58'),
('7598','359','4','2','1988-01-13 01:07:33','2018-12-29 14:37:53'),
('7604','577','3','4066369','2009-06-16 12:36:18','2001-10-15 11:48:01'),
('7607','114','1','0','2015-04-19 13:44:53','1973-11-15 05:08:45'),
('7608','128','4','0','1994-07-10 14:11:40','2013-06-21 18:39:36'),
('7609','98','5','8399','2000-07-26 01:50:13','2006-12-11 03:53:47'),
('7612','7','3','2293','2005-01-30 16:23:09','2013-02-21 01:19:02'),
('7618','451','2','13463','1978-12-05 05:24:20','1978-06-28 16:57:26'),
('7620','689','3','6528','2007-07-10 01:14:11','2009-08-27 00:14:06'),
('7622','913','5','3','1991-07-18 22:18:45','1991-11-09 06:25:23'),
('7623','313','1','0','1972-08-05 05:08:42','2012-10-19 21:12:06'),
('7626','453','4','442','1970-05-13 00:01:44','1994-10-30 10:04:41'),
('7627','67','3','230018','2000-02-01 15:54:04','1998-04-30 13:42:51'),
('7629','823','2','136834','2014-03-21 17:57:32','2015-04-02 12:21:27'),
('7632','517','3','242','2008-10-15 11:24:01','1984-02-13 17:59:01'),
('7634','734','5','592','1978-09-05 10:53:36','1986-12-16 16:28:53'),
('7636','320','4','0','2011-12-15 06:12:26','2006-11-08 01:26:45'),
('7637','559','2','355932931','1992-01-26 09:41:14','1971-10-12 14:44:24'),
('7639','271','1','10','1996-03-15 00:23:22','1975-10-25 09:57:30'),
('7640','281','1','0','1987-01-07 22:27:24','1995-02-28 11:33:42'),
('7641','980','4','29959','1972-01-02 13:55:00','1986-05-13 22:58:20'),
('7644','922','1','523752','2000-08-01 18:29:43','1983-03-14 19:56:12'),
('7645','504','2','209','2000-02-23 10:21:35','1991-02-17 19:06:50'),
('7647','784','5','36241685','1980-07-29 02:00:26','1974-07-21 03:45:04'),
('7650','658','5','0','2002-02-24 14:36:01','1997-09-08 07:32:29'),
('7654','20','3','5682','1976-03-15 02:48:25','2013-10-10 10:34:33'),
('7658','282','2','67611845','2019-07-06 19:20:53','2001-05-31 06:36:09'),
('7662','197','2','314214708','1987-10-06 06:51:09','1980-01-01 21:17:27'),
('7663','647','4','145458','1979-10-07 07:00:01','2006-11-08 10:33:47'),
('7664','100','3','32','1976-02-06 17:59:50','1977-10-16 16:27:10'),
('7667','735','1','1795183','2018-03-04 01:57:45','1999-06-26 06:07:26'),
('7668','542','5','6422','1976-04-22 15:42:35','1974-02-12 19:06:20'),
('7672','803','5','1969175','2016-08-30 05:03:23','2015-07-29 23:12:09'),
('7673','704','1','26','1984-12-03 14:29:05','1987-02-19 22:20:37'),
('7674','122','3','39','2009-09-04 03:18:16','1989-04-09 16:11:18'),
('7675','287','2','2','1995-09-19 11:03:19','1971-06-24 07:49:32'),
('7677','48','5','4883','1989-03-16 21:21:41','2006-10-28 19:21:49'),
('7679','517','2','168363452','1983-08-23 20:46:50','1981-11-20 04:18:16'),
('7682','711','4','3945','1995-02-26 23:04:50','2010-01-18 15:29:06'),
('7683','901','2','4442961','1988-04-13 09:27:05','1978-06-24 16:25:19'),
('7685','815','1','1276','2004-01-18 10:40:41','2016-05-27 21:40:14'),
('7687','221','3','2256123','1977-05-23 06:37:39','2020-03-03 18:59:07'),
('7690','368','5','0','2007-09-26 13:45:21','2012-11-02 18:22:09'),
('7694','798','3','276857','1976-12-17 08:09:54','1971-01-31 23:21:38'),
('7698','978','4','609374887','1980-03-22 13:38:32','2010-08-20 00:03:48'),
('7699','737','4','5','1993-06-02 12:14:02','1999-05-10 14:40:26'),
('7700','946','3','0','1995-10-04 00:16:13','1981-01-16 10:33:15'),
('7702','228','1','3674551','1984-07-30 10:26:26','2018-05-06 17:53:02'),
('7706','919','3','533','1983-01-29 21:11:07','1984-10-25 16:32:25'),
('7707','362','4','696775','2001-05-20 22:49:22','1979-08-16 03:03:22'),
('7708','655','2','508','1999-08-16 15:39:31','2005-11-29 11:46:54'),
('7711','519','3','607281465','1984-06-09 22:28:03','1990-07-09 13:20:49'),
('7712','76','2','65832','1998-06-22 21:43:20','1992-11-21 03:45:55'),
('7713','11','1','3','2008-05-02 20:24:10','1980-01-22 06:07:42'),
('7714','86','4','61698998','1995-11-19 03:42:06','1992-02-26 16:03:55'),
('7717','755','3','7','2002-06-02 07:16:24','2003-07-21 12:35:53'),
('7718','542','1','178700705','2017-05-20 16:18:43','1999-02-17 03:37:42'),
('7719','325','3','2258699','2008-01-16 03:46:24','1987-02-05 18:03:49'),
('7721','788','5','26870','1970-04-11 16:01:58','1982-05-02 10:36:15'),
('7722','371','1','1','1995-11-16 13:50:24','2001-01-15 22:40:37'),
('7723','648','1','9','2015-05-23 00:16:00','1985-09-16 04:41:59'),
('7724','450','2','58894550','2012-03-19 01:37:21','1971-06-07 14:06:08'),
('7726','146','5','57','2015-02-12 15:43:04','1971-11-11 13:57:16'),
('7727','731','2','2','2017-10-21 08:05:12','1999-01-29 20:58:34'),
('7728','347','4','780508','1983-10-15 00:57:13','1999-03-17 17:19:52'),
('7729','275','3','214584516','2006-11-16 22:28:20','1989-12-26 11:42:42'),
('7730','487','1','12222672','1997-11-04 13:18:42','2001-04-12 17:18:11'),
('7731','463','4','10329','1978-09-17 07:39:33','2001-07-15 15:50:36'),
('7733','309','1','324','1972-10-11 15:36:31','1995-08-01 20:46:19'),
('7737','248','5','2','2005-07-07 13:48:43','1990-08-24 03:19:27'),
('7738','490','5','9','1994-06-07 20:31:05','2017-02-01 21:31:31'),
('7739','850','5','0','2008-06-25 23:53:07','1977-02-17 12:58:06'),
('7740','189','2','49','2010-02-15 08:52:47','2008-03-04 17:27:15'),
('7741','142','2','350117435','1977-02-11 01:12:20','1971-11-01 05:27:16'),
('7742','322','5','3195219','1989-08-12 22:31:37','1976-12-30 00:51:00'),
('7744','613','5','0','1971-08-10 13:37:21','2007-03-03 22:45:18'),
('7748','780','1','3670','1992-03-12 13:49:20','1981-04-30 14:41:07'),
('7749','435','1','28498','1977-11-14 10:57:36','1977-11-30 23:20:50'),
('7751','357','2','2271651','1972-12-15 21:49:35','1991-05-23 16:40:13'),
('7758','770','3','6324','1976-02-11 21:51:03','1982-11-22 13:51:01'),
('7759','270','2','43841','1997-08-24 10:49:49','1973-07-25 11:18:33'),
('7760','406','2','28452','2006-02-06 09:15:19','1994-06-06 05:31:58'),
('7761','482','2','49','1982-02-01 22:22:43','1981-07-30 01:21:30'),
('7763','603','4','83379','1972-12-18 22:07:12','2011-01-16 00:08:32'),
('7764','558','1','392','1976-10-31 03:55:42','1996-04-04 21:06:53'),
('7765','768','2','1','2012-05-31 05:14:05','1989-11-17 12:54:40'),
('7766','25','1','8','2003-11-16 13:16:32','2005-12-01 16:23:57'),
('7767','665','2','1','2015-03-12 22:57:14','2008-12-27 14:25:31'),
('7769','168','2','7','1980-04-23 11:30:51','2012-07-22 10:13:52'),
('7770','722','5','3','1971-07-07 15:20:59','1988-08-16 13:35:58'),
('7771','914','1','60795','1987-01-30 20:31:32','2014-01-05 06:41:16'),
('7774','511','5','524','2017-01-12 08:48:55','1999-06-20 18:52:29'),
('7777','155','1','0','1982-02-19 16:11:03','2004-05-12 05:11:26'),
('7780','796','4','532906','2013-04-01 21:01:56','1979-06-02 13:41:17'),
('7783','171','3','0','2010-04-19 00:54:27','1981-10-28 17:15:36'),
('7785','732','5','5','2020-02-28 04:37:04','1993-10-30 01:08:51'),
('7788','581','3','1','2015-05-14 16:11:58','2010-06-05 00:27:50'),
('7791','7','4','2','2014-08-20 03:37:26','2012-07-02 14:13:11'),
('7792','93','1','11767881','2002-09-20 20:53:52','2012-06-18 22:35:57'),
('7793','800','5','149612','1973-01-07 07:36:53','1997-03-13 03:34:12'),
('7794','919','4','556','2006-06-18 07:20:50','1994-09-17 15:53:50'),
('7795','285','4','1437','1996-12-16 04:12:47','1971-04-28 03:08:22'),
('7796','338','1','18739','2015-07-29 13:08:26','1993-01-07 01:02:59'),
('7797','534','1','168','2010-01-09 01:37:52','1984-03-23 21:22:27'),
('7801','571','2','5','1989-09-03 11:45:09','1974-10-04 05:44:21'),
('7808','833','5','11364','2002-10-11 15:26:27','1979-09-25 12:18:58'),
('7810','495','5','657883','2000-07-09 10:07:47','1990-11-26 06:10:11'),
('7811','466','5','207','1980-02-22 20:24:34','2000-09-29 00:21:57'),
('7812','21','5','6933850','2012-11-15 13:31:44','1989-12-14 06:24:13'),
('7813','947','3','224153548','2019-09-20 01:00:42','1973-08-28 11:10:39'),
('7815','146','4','45899','1995-02-28 17:46:39','1990-03-10 11:06:43'),
('7816','915','4','4854722','1990-08-23 13:28:01','2016-05-12 12:05:22'),
('7818','201','3','11465956','1983-05-07 01:12:32','1984-06-27 17:42:44'),
('7820','479','1','2378','1971-12-22 13:04:13','2008-10-24 06:47:02'),
('7823','953','4','1','1976-11-17 09:21:00','1986-05-22 03:00:56'),
('7824','403','4','81911401','1977-06-26 17:12:09','2005-07-28 15:55:21'),
('7825','407','5','155','1978-07-10 03:58:15','2005-09-04 21:05:17'),
('7826','622','5','617836006','1998-10-12 12:23:11','1995-12-13 16:41:30'),
('7832','993','2','0','1990-08-04 20:59:46','1977-10-05 06:57:57'),
('7833','64','1','0','1984-12-27 15:39:45','1976-02-09 08:41:56'),
('7834','788','3','7','1988-12-04 05:00:19','2014-04-19 22:05:23'),
('7835','391','2','1793','2007-08-08 11:06:14','1971-04-14 21:50:10'),
('7836','698','5','41819294','2011-02-24 13:50:20','1974-03-11 20:38:32'),
('7840','32','3','1528500','2007-11-18 09:27:11','1975-03-15 05:24:51'),
('7841','867','4','87559','1981-08-11 17:35:12','2016-10-14 18:10:21'),
('7844','273','3','0','2011-12-22 05:54:47','1995-09-17 23:25:55'),
('7845','895','3','4960','2002-07-22 21:19:18','2004-03-04 23:25:21'),
('7849','887','2','29','1990-04-23 00:24:15','1999-10-10 23:21:21'),
('7850','281','2','6','1979-03-15 10:09:07','2016-09-27 11:52:36'),
('7852','251','1','0','1984-02-08 07:01:17','1995-03-27 15:17:15'),
('7853','498','5','1','2014-03-11 02:53:47','1971-11-01 14:52:15'),
('7854','447','4','14081407','1987-02-23 16:08:53','2002-09-10 23:57:23'),
('7855','785','3','4','1991-06-25 12:42:14','2009-06-01 09:06:35'),
('7859','26','3','40','2006-09-14 12:59:19','1982-01-09 14:56:03'),
('7860','854','5','6','2018-12-11 14:30:44','2019-12-03 02:35:32'),
('7861','34','3','124','2000-02-22 06:13:16','1970-07-19 21:57:15'),
('7862','130','4','180143124','2003-10-19 22:11:36','1997-04-23 12:19:43'),
('7863','249','4','43','2003-03-14 14:05:44','1991-08-30 10:50:24'),
('7864','434','1','3985651','1996-02-15 23:43:23','2014-08-14 16:04:40'),
('7868','742','1','79','2013-10-23 06:12:00','2011-08-03 04:01:11'),
('7873','816','1','21054','2010-05-27 19:40:36','2018-09-30 17:43:25'),
('7874','226','5','4','1988-09-22 01:59:58','1991-03-25 07:20:44'),
('7875','682','1','242863145','2007-11-05 23:13:45','1995-04-05 06:27:58'),
('7876','761','4','4','1974-09-11 23:06:23','2008-08-19 05:12:57'),
('7877','634','5','11365741','1975-01-22 04:23:02','1977-05-25 21:09:52'),
('7878','417','5','44767','1981-11-19 05:14:02','1975-09-20 10:43:39'),
('7880','18','4','0','1991-02-01 19:19:11','1976-12-07 04:18:49'),
('7882','332','2','7786','1973-02-12 00:19:18','2009-04-14 04:49:04'),
('7884','446','3','3','1973-01-09 16:44:11','2006-07-01 23:37:39'),
('7888','727','2','33829143','2015-01-23 11:20:59','2010-09-04 04:23:12'),
('7889','911','5','2','1978-09-30 09:45:57','2004-10-28 11:32:22'),
('7890','75','3','6','1970-11-23 16:07:59','1987-02-07 23:47:38'),
('7893','725','4','39852535','1997-09-20 08:27:12','2005-03-30 06:05:47'),
('7895','573','3','155862953','2004-09-30 23:02:53','2002-02-05 13:48:53'),
('7896','964','1','9','1986-07-19 11:52:02','2012-10-04 02:36:22'),
('7897','995','2','125801125','1974-12-29 10:20:59','1973-02-21 23:22:12'),
('7898','393','1','6153','1971-09-22 00:29:49','1976-12-07 05:34:18'),
('7899','369','5','16579058','1980-12-18 17:41:32','1984-05-24 17:58:08'),
('7901','144','3','53198963','1986-07-01 22:39:24','1974-03-18 21:19:24'),
('7902','558','3','3491236','1986-10-10 02:03:15','1980-11-05 19:39:08'),
('7908','932','3','0','2011-03-14 15:33:04','1973-12-30 14:30:47'),
('7910','744','2','640599','1994-12-10 18:29:21','2002-11-05 23:17:09'),
('7912','482','1','2','1977-03-25 06:39:01','2000-07-02 21:44:19'),
('7914','125','2','14540','2019-01-27 00:55:36','1996-01-27 18:50:23'),
('7915','712','4','1','1977-01-23 16:43:06','1988-01-28 04:38:43'),
('7918','417','3','2213','1993-03-10 07:15:55','1975-06-30 08:32:55'),
('7919','843','2','285749','1994-06-19 08:25:42','1981-03-19 20:18:19'),
('7921','81','3','1815','1989-11-25 23:25:14','1981-05-20 00:01:41'),
('7923','460','2','375','2015-10-11 00:07:31','1974-10-23 10:41:33'),
('7925','756','5','89541','1987-03-05 13:36:43','2017-04-01 16:22:46'),
('7928','837','4','74059','2016-03-23 02:54:51','2012-06-14 18:25:40'),
('7929','933','5','110659','1983-03-08 19:26:34','1982-04-25 22:28:21'),
('7931','745','1','275366653','2014-11-28 09:37:34','2001-03-20 03:13:40'),
('7933','594','5','3','1999-01-16 12:28:59','1988-03-13 13:25:39'),
('7935','126','2','4488622','2008-12-28 09:45:15','2019-03-10 04:33:03'),
('7936','515','2','13410','1983-08-15 14:49:19','1998-09-24 10:43:47'),
('7937','612','5','1','2013-10-18 02:41:41','2020-01-08 11:47:30'),
('7939','136','2','1682770','1990-05-26 01:09:02','1989-11-11 15:04:51'),
('7940','303','5','23886338','2006-09-26 18:48:40','2010-04-07 11:04:22'),
('7941','160','5','0','2013-07-30 14:31:16','1997-02-18 19:15:39'),
('7942','690','5','6','1979-11-30 03:17:03','1982-12-12 03:46:59'),
('7943','938','3','474313','1977-07-31 18:47:52','2010-08-19 05:47:30'),
('7944','488','5','1062722','2002-09-11 03:51:03','2010-01-18 10:44:48'),
('7945','488','3','5970','2005-06-22 19:53:24','1989-11-09 11:35:38'),
('7949','926','4','393642','1980-02-03 20:39:40','1995-06-14 05:22:55'),
('7951','989','1','8220','1984-01-01 12:34:40','2013-06-04 13:40:51'),
('7952','258','4','9763175','1974-02-02 11:07:14','2015-01-23 23:41:39'),
('7953','963','2','1','2013-08-07 07:18:40','1986-07-12 04:47:55'),
('7955','452','5','36','2011-04-02 18:23:19','2011-09-05 09:22:05'),
('7956','990','4','185806516','2019-01-12 07:08:55','2015-11-13 00:13:59'),
('7958','434','4','119062','2010-05-29 14:50:59','1986-04-19 14:15:53'),
('7961','446','1','330','1978-06-19 04:41:06','1994-05-25 07:14:33'),
('7963','183','1','735','2003-04-04 18:12:57','2009-08-28 12:58:05'),
('7974','838','4','2915','2015-03-27 22:18:51','1978-10-15 20:51:30'),
('7977','669','3','85055075','1986-06-10 09:40:33','1999-11-08 02:04:30'),
('7978','534','5','3473664','2009-09-19 11:43:31','2002-02-09 15:57:33'),
('7979','584','4','0','1983-11-02 13:32:12','2002-02-20 17:04:40'),
('7980','960','3','181144468','2017-11-20 11:20:18','1979-03-23 22:15:18'),
('7982','496','2','748696','2011-06-08 14:46:11','1971-03-12 07:30:29'),
('7983','536','1','427639','2010-03-11 03:05:48','1997-10-30 17:13:09'),
('7984','107','1','60850296','1991-07-04 14:30:33','2017-09-08 07:20:59'),
('7985','268','1','43','1985-08-06 17:32:13','2007-02-03 09:26:08'),
('7986','316','3','288','2001-07-06 09:29:58','1984-08-13 09:09:49'),
('7989','205','2','0','1977-09-08 14:27:31','1971-01-31 11:47:31'),
('7990','295','2','32274','1975-03-30 16:45:44','2008-11-17 21:35:21'),
('7991','846','4','4','1993-05-07 08:54:06','2008-09-24 20:58:18'),
('7992','817','3','775','1996-08-09 23:12:48','1994-02-22 11:45:32'),
('7993','184','2','437','1990-01-02 17:55:26','1991-05-24 19:45:03'),
('7994','366','4','0','1994-01-30 10:18:26','2007-08-09 20:00:42'),
('7995','43','2','738018532','2014-09-20 08:43:44','1984-05-25 05:14:55'),
('7997','444','5','1','1970-12-29 17:30:35','2014-06-24 12:41:50'),
('7998','776','5','46727467','1998-03-09 01:19:02','2016-09-06 03:20:52'),
('7999','853','5','2','1988-02-04 09:14:42','2015-08-19 16:30:52'),
('8000','179','1','562348460','2014-09-07 15:41:33','1975-07-09 12:09:42'); 


DROP TABLE IF EXISTS `product_in_reserve`;
CREATE TABLE `product_in_reserve` (
  `id` bigint(20) unsigned NOT NULL AUTO_INCREMENT,
  `product_id` bigint(20) unsigned DEFAULT NULL,
  `storehous_id` bigint(20) unsigned DEFAULT NULL,
  `order_id` bigint(20) unsigned DEFAULT NULL,
  `quantity` bigint(20) DEFAULT NULL,
  PRIMARY KEY (`id`),
  KEY `product_id` (`product_id`),
  KEY `order_id` (`order_id`),
  KEY `storehous_id` (`storehous_id`),
  CONSTRAINT `product_in_reserve_ibfk_1` FOREIGN KEY (`product_id`) REFERENCES `products` (`id`) ON DELETE SET NULL ON UPDATE CASCADE,
  CONSTRAINT `product_in_reserve_ibfk_2` FOREIGN KEY (`order_id`) REFERENCES `orders` (`id`) ON DELETE SET NULL ON UPDATE CASCADE,
  CONSTRAINT `product_in_reserve_ibfk_3` FOREIGN KEY (`storehous_id`) REFERENCES `product_at_storehouse` (`id`) ON DELETE SET NULL ON UPDATE CASCADE
) ENGINE=InnoDB AUTO_INCREMENT=1801 DEFAULT CHARSET=utf8 COLLATE=utf8_unicode_ci COMMENT='Товары в резерве';

INSERT INTO `product_in_reserve` VALUES ('1601','449','3','283','59940'),
('1602','247','1','579','6'),
('1603','395','5','154','2892468'),
('1604','39','4','412','31545'),
('1605','483','3','304','3'),
('1606','948','1','124','63559'),
('1607','814','3','675','268532'),
('1608','425','1','308','1810'),
('1609','625','4','193','57578981'),
('1610','115','4','489','1130'),
('1611','881','2','88','3740'),
('1612','285','3','223','452'),
('1613','111','5','118','5894'),
('1614','330','5','639','119'),
('1615','917','2','244','53474220'),
('1616','351','2','350','1802'),
('1617','527','1','41','207'),
('1618','491','3','55','0'),
('1619','930','1','576','8'),
('1620','206','2','410','1834'),
('1621','903','1','559','32037050'),
('1622','28','3','180','586404586'),
('1623','346','3','78','110582'),
('1624','514','5','2','0'),
('1625','426','5','265','56750192'),
('1626','773','1','491','209'),
('1627','272','4','586','65'),
('1628','329','1','278','130'),
('1629','408','1','407','6251'),
('1630','230','2','617','72830'),
('1631','815','2','43','6730'),
('1632','613','2','368','72135'),
('1633','870','3','71','56'),
('1634','980','1','5','6498'),
('1635','982','3','580','102447308'),
('1636','360','2','1','98'),
('1637','60','3','490','35490'),
('1638','897','5','622','0'),
('1639','293','2','6','9'),
('1640','874','3','233','708828025'),
('1641','755','2','392','22652823'),
('1642','815','5','570','7014'),
('1643','341','5','290','17'),
('1644','442','5','369','7'),
('1645','447','5','46','2'),
('1646','275','1','264','237791606'),
('1647','276','2','672','113380'),
('1648','974','1','611','4'),
('1649','863','3','134','313'),
('1650','870','2','517','20139790'),
('1651','201','1','71','0'),
('1652','760','5','53','23'),
('1653','574','1','644','3568998'),
('1654','987','4','520','31'),
('1655','514','1','383','25897'),
('1656','580','2','498','19505'),
('1657','957','4','655','305670'),
('1658','917','4','39','2087223'),
('1659','788','3','328','61'),
('1660','978','2','529','0'),
('1661','716','3','558','40214'),
('1662','817','2','457','33906236'),
('1663','892','5','594','322'),
('1664','810','5','340','2'),
('1665','552','2','399','18777233'),
('1666','98','5','651','0'),
('1667','809','5','395','425232'),
('1668','744','5','121','5'),
('1669','800','4','450','621'),
('1670','268','3','688','25407817'),
('1671','23','2','366','10'),
('1672','819','1','576','2653'),
('1673','471','1','487','442'),
('1674','319','5','390','124367527'),
('1675','805','2','651','2420327'),
('1676','375','3','619','22544897'),
('1677','304','2','555','327'),
('1678','867','1','433','44624335'),
('1679','39','5','163','3665807'),
('1680','681','1','576','73236158'),
('1681','663','1','91','10030'),
('1682','185','5','177','11153'),
('1683','7','3','187','4102'),
('1684','702','4','64','50'),
('1685','258','3','327','8665045'),
('1686','188','5','658','45'),
('1687','71','2','156','0'),
('1688','864','1','174','2'),
('1689','482','1','52','2'),
('1690','714','4','118','79911'),
('1691','536','3','199','6001840'),
('1692','666','4','154','50'),
('1693','918','4','438','81'),
('1694','185','2','245','20471495'),
('1695','276','4','616','198754'),
('1696','743','4','549','14'),
('1697','683','5','694','25540'),
('1698','905','4','46','0'),
('1699','153','2','124','8966'),
('1700','226','5','680','69833930'),
('1701','394','3','299','0'),
('1702','678','1','47','3'),
('1703','897','1','499','209148'),
('1704','522','2','42','147874072'),
('1705','872','3','466','20416727'),
('1706','751','2','320','777'),
('1707','534','5','225','396245'),
('1708','524','5','33','53633167'),
('1709','588','5','178','37283'),
('1710','765','2','123','0'),
('1711','736','4','442','678741'),
('1712','162','2','528','46515029'),
('1713','228','1','555','4075280'),
('1714','940','4','13','830'),
('1715','999','3','363','563955963'),
('1716','664','2','533','1'),
('1717','121','5','480','30715017'),
('1718','441','2','361','6306'),
('1719','487','5','347','18'),
('1720','741','4','492','8106'),
('1721','916','3','213','29510'),
('1722','547','4','407','0'),
('1723','300','5','528','412'),
('1724','92','4','315','12'),
('1725','110','4','11','0'),
('1726','628','3','232','5147'),
('1727','388','3','127','69381827'),
('1728','73','1','388','1775'),
('1729','588','3','360','1781632'),
('1730','83','2','168','12'),
('1731','786','1','491','43'),
('1732','89','4','227','22'),
('1733','669','1','123','0'),
('1734','423','1','676','419945'),
('1735','872','2','528','4285'),
('1736','887','5','144','5'),
('1737','217','2','545','18846414'),
('1738','398','2','555','67172992'),
('1739','951','5','204','8035'),
('1740','464','5','373','60'),
('1741','704','4','481','5834'),
('1742','405','5','273','0'),
('1743','729','3','273','5787421'),
('1744','903','5','338','0'),
('1745','868','4','480','358'),
('1746','621','4','360','6472'),
('1747','827','5','512','1037810'),
('1748','605','2','14','476'),
('1749','397','2','628','82825391'),
('1750','688','4','600','801960'),
('1751','220','3','421','662149'),
('1752','907','5','304','1'),
('1753','295','3','655','532780171'),
('1754','685','3','603','0'),
('1755','167','2','460','45353'),
('1756','851','5','237','83'),
('1757','365','4','167','820616'),
('1758','95','2','374','238'),
('1759','115','4','547','5309'),
('1760','11','3','344','299'),
('1761','867','4','633','29647924'),
('1762','468','3','506','5'),
('1763','902','5','188','34'),
('1764','837','3','502','0'),
('1765','697','4','23','2791'),
('1766','354','3','679','19194519'),
('1767','692','5','513','42040609'),
('1768','930','1','71','476'),
('1769','464','1','606','20263'),
('1770','244','1','223','60'),
('1771','734','1','692','84'),
('1772','638','3','396','2763352'),
('1773','360','2','307','2694824'),
('1774','627','2','696','6711'),
('1775','344','5','503','0'),
('1776','376','2','204','425089'),
('1777','346','5','161','852043'),
('1778','78','5','184','0'),
('1779','179','2','287','20598'),
('1780','44','4','398','0'),
('1781','361','2','415','145'),
('1782','350','5','59','7'),
('1783','915','2','335','66'),
('1784','353','5','496','63289335'),
('1785','347','2','445','2'),
('1786','64','4','641','0'),
('1787','355','1','621','0'),
('1788','585','1','552','158826347'),
('1789','847','2','107','0'),
('1790','257','2','532','16001344'),
('1791','824','4','71','240539'),
('1792','416','1','56','938'),
('1793','500','5','292','1304'),
('1794','977','2','268','349988'),
('1795','684','4','483','167934'),
('1796','319','4','262','559'),
('1797','234','1','283','393470847'),
('1798','121','4','357','238545'),
('1799','909','3','557','565812'),
('1800','61','4','87','10'); 


DROP TABLE IF EXISTS `products`;
CREATE TABLE `products` (
  `id` bigint(20) unsigned NOT NULL AUTO_INCREMENT,
  `name` varchar(255) COLLATE utf8_unicode_ci DEFAULT NULL COMMENT 'Название',
  `desription` text COLLATE utf8_unicode_ci DEFAULT NULL COMMENT 'Описание',
  `price` decimal(11,2) DEFAULT NULL COMMENT 'Цена',
  `catalog_id` bigint(20) unsigned DEFAULT NULL,
  `created_at` datetime DEFAULT current_timestamp(),
  `updated_at` datetime DEFAULT current_timestamp() ON UPDATE current_timestamp(),
  `is_active` bit(1) DEFAULT b'1',
  PRIMARY KEY (`id`),
  KEY `product_name_idx` (`name`),
  KEY `index_of_catalog_id` (`catalog_id`),
  CONSTRAINT `products_ibfk_1` FOREIGN KEY (`catalog_id`) REFERENCES `catalogs` (`id`) ON DELETE SET NULL ON UPDATE CASCADE
) ENGINE=InnoDB AUTO_INCREMENT=1001 DEFAULT CHARSET=utf8 COLLATE=utf8_unicode_ci COMMENT='Товарные позиции';

INSERT INTO `products` VALUES ('1','odio','Quas eos repellat et et. Cumque ratione quod error quia quia consequatur esse. Enim assumenda cumque et unde. Hic placeat placeat et veniam voluptatum.','4681070.57','4','1972-03-10 01:14:27','2007-07-22 04:13:58','1'),
('2','nesciunt','Asperiores quibusdam fugiat consequatur et voluptas et illum facere. Inventore quaerat id et eum. Quas facere nemo aperiam unde enim qui. Doloremque debitis praesentium beatae quo vitae facere.','2426593.30','6','2016-08-04 12:34:08','1991-10-09 08:29:01','1'),
('3','eaque','Doloremque fugiat qui voluptates eos perspiciatis maxime nihil fuga. Perspiciatis quisquam quae quas. Dicta asperiores vel dolorum aperiam.','1649261.95','3','1997-06-09 22:14:56','1989-04-05 06:51:12','1'),
('4','omnis','Facere ratione rerum quam delectus animi ipsa. Aut amet iste accusantium delectus quae eum tenetur blanditiis. Quod laudantium qui nulla molestias. Sint ut voluptatem exercitationem saepe.','69.93','3','2002-07-12 02:18:28','2006-10-28 19:03:41','1'),
('5','quas','Cumque rerum sint dignissimos quia. Officiis dignissimos sed omnis cumque sed. Quia sunt beatae nemo. Quibusdam iure magni ratione eius quas dolore.','142680.07','8','2019-08-02 23:31:38','2006-11-14 10:40:50','1'),
('6','quis','Ipsam est repellat quis commodi qui voluptatibus. Sed possimus et ipsam aut aspernatur necessitatibus. Cupiditate tempora quibusdam officia deleniti consequatur repellat.','0.00','9','1994-10-19 00:38:00','1982-03-04 19:06:24','1'),
('7','quis','Consectetur eum ea nihil molestiae. Et non fugiat enim voluptatibus vitae quis. Quae ipsa ut facilis. Autem minus et ut doloremque labore.','34454.62','9','2017-05-30 22:55:55','1970-08-06 12:34:49','1'),
('8','facere','Blanditiis veniam optio fugiat iure. Rem rerum veniam minima ipsa sit perferendis. Velit distinctio sed illo nostrum laudantium sit iusto. Molestiae nobis atque provident nemo.','1.76','7','1982-03-14 00:31:08','2002-05-06 08:06:01','1'),
('9','enim','Esse facilis quidem quas et harum. Et harum in nulla itaque vitae veritatis. Quis quo ea aut. Ea et est accusamus exercitationem et et.','171278.30','7','1974-08-06 21:52:54','1970-11-04 13:34:04','0'),
('10','et','Repudiandae itaque placeat deserunt laudantium. Sequi nam nihil ut quae. Et dolor ut quaerat.','348243.26','5','1980-04-28 20:35:01','1972-03-21 04:17:27','1'),
('11','magnam','Dignissimos eveniet itaque sunt iste et magnam soluta amet. Dolorem sit explicabo est dolor quibusdam ducimus. Est rerum cupiditate quis libero et aut quo. Architecto autem iure est sint.','279345.00','1','1996-10-30 09:41:30','1982-07-23 21:41:42','1'),
('12','mollitia','Nulla laboriosam non occaecati perspiciatis sunt qui corrupti. Et facere illum at vitae pariatur. Dolorem labore quidem expedita sapiente dolores nemo sapiente. Sunt ullam esse ut est.','1180.10','5','2018-04-19 05:24:14','1977-01-27 05:47:01','1'),
('13','deleniti','Velit consequatur nihil omnis impedit repellat consectetur. Voluptates autem neque modi nihil rerum. Excepturi expedita recusandae est ut. Molestiae quod sit omnis commodi quia.','1225.26','3','1992-07-19 17:05:18','1985-04-09 03:08:45','1'),
('14','atque','Enim quae nisi aperiam iste sed iure non. Est ut corrupti architecto dolores similique molestias optio dignissimos. Voluptatem corrupti unde placeat dicta quia sunt nesciunt.','65528.90','9','2008-03-13 22:23:30','2001-10-19 16:56:38','1'),
('15','fugiat','Porro eaque facilis modi est. Assumenda laborum dolorem modi illum aliquam. Maiores voluptatem animi natus porro rerum maxime nam.','501598993.22','1','1986-12-09 00:50:03','1988-02-23 16:46:56','1'),
('16','omnis','Ab rerum natus explicabo sint architecto sed. Accusamus sed harum quas enim. Est voluptatem culpa eos molestias molestias in natus. Veritatis ipsum vel asperiores sunt perspiciatis et.','742933.87','10','1985-01-13 11:42:37','2012-10-03 17:31:01','1'),
('17','quia','Est vero reprehenderit saepe natus. Ad adipisci quasi soluta. Porro nesciunt et voluptatem beatae et reprehenderit.','46.07','5','1974-10-14 01:15:44','2017-08-12 07:53:56','1'),
('18','totam','Ullam est illum quo aut modi. Adipisci asperiores vel inventore unde sunt sed. Impedit pariatur repellendus culpa nam maiores ea ducimus eos.','492075.07','5','2005-04-25 23:13:34','1988-09-29 05:34:32','1'),
('19','est','Deleniti error dolore et et. Velit placeat ut beatae. Quam facilis omnis voluptatem.\nUllam est quia rerum consequatur. Quis rerum exercitationem modi vel culpa perspiciatis veniam.','3244956.78','2','1972-04-21 01:21:53','1979-11-21 00:59:24','1'),
('20','impedit','Illo qui voluptas possimus qui ut. Excepturi qui autem corporis placeat voluptas. Corrupti occaecati aut repudiandae dicta alias. Accusantium ex id distinctio qui ut aut quo magni.','489445631.40','3','1982-09-09 03:33:49','1998-07-12 05:59:31','1'),
('21','quis','Consequatur blanditiis ipsam et quam laboriosam. Est necessitatibus neque consectetur rerum et officiis perferendis. Ea voluptatem ipsam voluptatum ut nihil.','13370299.68','2','2009-02-15 06:23:48','1982-04-14 01:04:47','1'),
('22','libero','Tempora tempore provident in praesentium ea. Quae ut rem reprehenderit atque. Modi quibusdam officiis dolorem quia est explicabo blanditiis ducimus.','13161625.44','10','1972-01-22 09:07:26','1974-03-04 20:50:15','1'),
('23','optio','Et voluptatem dolorem excepturi laudantium quia in. Et et laudantium ex magnam quia consequatur non. Minima est veritatis earum iste a.','142882.09','6','1998-12-03 22:28:42','2001-02-27 13:48:32','1'),
('24','quia','Sit autem et ut officiis vitae. Quidem nobis vel autem consequatur accusantium aut. Distinctio minus at at velit aperiam ad repudiandae. Quis consequatur quae praesentium molestiae soluta a.','608053.44','5','1994-10-11 10:06:10','2011-01-24 01:01:22','1'),
('25','qui','Incidunt laudantium ut dolor. Ut quidem quidem necessitatibus praesentium. Sed rerum repellat pariatur reprehenderit. Nesciunt culpa ducimus quis eum eligendi.','404489233.59','4','2000-12-02 04:48:41','1979-10-15 10:30:18','1'),
('26','quaerat','Corrupti et consequatur dignissimos voluptas. Omnis dolores repudiandae molestiae ratione numquam. Nihil esse deserunt mollitia animi consequatur sit eos animi.','835503.53','9','2012-09-04 03:38:14','1977-10-28 04:41:41','0'),
('27','dolorum','Corrupti aut et qui. Quisquam in omnis odit iure.','388.04','4','2003-05-01 17:56:04','1997-12-09 14:44:33','0'),
('28','voluptatem','Est iste aut aut dolores odit labore dignissimos. Cum atque animi ipsam itaque. Atque ut rem omnis sapiente. Impedit quidem nesciunt nobis quia ab.','9.48','4','2004-04-15 10:18:46','1999-04-06 10:23:41','1'),
('29','quos','Voluptatibus voluptatem voluptatem sequi eos soluta. Hic maxime voluptatem molestiae sapiente molestias pariatur officiis. Quia autem hic corrupti eius a velit.','227172.00','2','1977-03-23 00:11:35','2004-04-15 12:29:02','1'),
('30','aliquid','Harum fugiat ipsa repellendus sunt blanditiis tenetur veniam. Doloribus qui est incidunt vitae accusantium et a sunt. Eius distinctio est ea natus. Illo accusamus et id eos sint culpa.','20806450.30','10','1984-06-21 12:52:18','1977-08-04 15:32:04','1'),
('31','reiciendis','Facere consequatur et voluptatibus ipsa ea. Dolorum modi incidunt laborum ipsam culpa. Libero odit debitis amet esse eveniet sed molestias.','0.00','3','2012-01-12 01:53:57','1973-06-28 05:07:44','1'),
('32','a','Ut incidunt et recusandae. Ut et aut ut delectus atque sit natus. Tenetur nobis officia at. Rerum enim blanditiis quasi libero maxime odio et.','24739342.34','6','1988-11-29 17:14:22','2018-04-05 16:45:33','1'),
('33','asperiores','Dolorem et inventore soluta et omnis. Aliquam fuga a quis repellat explicabo quis. Ratione placeat animi consequuntur ab.','59.22','5','1971-04-02 14:59:53','2001-07-21 17:49:20','1'),
('34','officia','Commodi nulla optio est animi doloribus accusamus. Tempore quaerat quos quo dolorum. Aut sit officiis dicta nihil quis ea.','48145.88','5','2011-01-10 10:02:29','1993-05-21 19:12:46','1'),
('35','quam','In natus magnam est. Magni repellat eos voluptas mollitia et. Est qui quia excepturi similique aliquid ex. Voluptatem blanditiis dolorum eum.','52.23','8','2007-12-26 16:55:49','1988-05-07 20:06:18','1'),
('36','et','Atque a delectus aut quae. Ut qui enim quia nam illum. Est perspiciatis aut et dolorem omnis eum sed error. Et architecto illum labore veniam.','2696353.67','3','2007-07-23 09:26:42','1990-01-21 08:49:22','1'),
('37','quo','Dolor est porro soluta non quia. Consequuntur enim veritatis aspernatur facilis. Tenetur qui ab sit omnis.','236666.72','3','1984-04-28 19:39:25','2012-11-19 12:56:22','1'),
('38','aspernatur','Odit nesciunt minima pariatur doloremque tenetur fugiat iste dicta. In sed aut in voluptate. Inventore accusamus similique inventore ea corrupti sed.','0.29','7','1971-04-06 06:17:00','2018-01-25 14:50:25','1'),
('39','quae','Est optio blanditiis inventore eos rem officia quia cupiditate. Ex eveniet recusandae vel expedita. Nam sed rerum quis.','77170.00','10','1994-12-31 06:33:23','2013-12-03 17:05:31','1'),
('40','dolor','Id eos est voluptate autem est ut non quia. Omnis quis commodi consequatur eius amet. Non in nemo suscipit est. Nihil minus expedita vitae iusto deserunt possimus. Qui commodi ab vel ea quas.','9756896.43','10','1992-01-02 06:26:56','1985-09-20 04:16:03','1'),
('41','voluptatem','Illo qui omnis voluptas eos voluptas velit. Ipsa reiciendis nemo consequuntur. Explicabo cupiditate corporis dignissimos impedit cum eaque aut. Sint dolorem ut ipsum eos et id voluptate.','4.94','2','1999-04-14 09:36:29','1990-12-24 10:29:47','1'),
('42','nulla','Sed omnis et necessitatibus delectus. Rerum placeat soluta mollitia qui doloribus. Sunt nihil expedita molestiae est ut vel. Modi quo sed perferendis et sequi neque laboriosam.','23963720.87','1','1984-08-18 02:41:01','1970-09-30 14:39:39','1'),
('43','eligendi','Recusandae assumenda eveniet magni sit. Non eligendi nihil laudantium incidunt rerum. Aut ex repudiandae quia voluptatibus.','9.62','4','1980-12-28 00:43:53','1972-04-01 05:57:29','1'),
('44','error','Est possimus beatae optio explicabo. Dolorem aspernatur numquam rerum cupiditate qui minus soluta enim. Explicabo qui tenetur ad ut et aut odio et.','78.23','4','1993-05-24 19:09:30','2004-07-31 17:21:09','1'),
('45','iure','Delectus debitis sunt non est aut non. Sequi inventore eum qui omnis. Minima numquam ea veritatis eligendi doloremque vitae. Tempore error consequatur labore voluptatem labore.','10339330.53','9','1997-01-04 13:45:57','1974-12-17 21:08:21','1'),
('46','ipsa','Voluptates aut officiis qui velit. Quae ex quasi consequatur. Ipsa voluptates sed fugiat reiciendis. Dolore iure omnis exercitationem sit.','402.27','5','1993-01-26 12:47:19','1992-07-12 00:16:45','1'),
('47','sunt','Quas aliquid dolore adipisci et unde. Qui sint sit cumque rerum amet temporibus dolor. Veniam ratione debitis suscipit non.','36.31','3','1990-07-05 16:40:33','1982-07-07 10:45:55','1'),
('48','velit','Dolores nobis doloribus eos asperiores odio id qui. Neque et ut saepe consequuntur. Et aut sit qui odio magni sequi quia.','62584.00','4','1999-04-23 01:30:42','1992-12-31 13:17:09','1'),
('49','hic','Ipsum praesentium sunt delectus ullam dolores perferendis voluptates. Sapiente corporis at magni omnis voluptas voluptatibus. Quia est odit sapiente.','777.57','10','2002-09-03 14:37:11','1973-11-25 05:40:33','1'),
('50','voluptas','Cum quis voluptatem eos nesciunt optio nesciunt. Sint adipisci quisquam quas corporis ex. Occaecati nulla voluptas sint voluptatem. Nihil doloremque voluptatibus qui non animi nisi sit id.','37.40','4','1978-12-17 00:48:08','2001-04-14 08:15:24','0'),
('51','illum','Quas officia tempora minus adipisci perspiciatis eos aut. Quas non dolor vel fugiat. Eaque et sit sint expedita accusantium.','32.00','6','1984-05-20 07:00:01','1993-08-07 00:26:22','1'),
('52','consequuntur','Nostrum veritatis quia enim repudiandae aliquam. Quia veritatis odit quis necessitatibus est mollitia qui. Sit non ut repellendus similique magni blanditiis rem.','17404.91','1','1980-08-22 21:55:13','1975-12-06 14:50:20','1'),
('53','accusantium','Dolor quia dignissimos aliquam dolorum nihil. Itaque ipsum sunt rerum ea. Autem facilis modi non. Aperiam aut est doloribus autem tempora.','198.96','3','1994-09-03 00:53:30','1984-01-03 17:27:38','1'),
('54','similique','Minima fugit nulla et numquam labore magnam. Ipsum repellat et in animi sed. Aut nostrum quis illo earum.','79.70','1','1985-03-08 07:56:13','2018-08-31 22:32:08','1'),
('55','dolore','Adipisci nihil voluptatem sit minima. Ipsam eum est ipsa in accusantium in. Maxime tempore dignissimos omnis eaque aliquam a. Qui in vel est ab odio at minima.','35011250.66','5','2000-08-19 11:04:27','2007-07-11 19:41:36','1'),
('56','et','Perferendis quia quis perspiciatis inventore alias et mollitia autem. Voluptatibus sed alias hic praesentium nemo sequi. Quo deleniti aperiam ut. Ratione deleniti velit ut voluptatem.','561.76','7','2003-07-13 08:18:10','1975-10-19 00:13:13','1'),
('57','et','Quas minus reprehenderit qui et a rerum et. Ex at labore tempore quisquam tempora. Dolorem velit autem qui illo quod reiciendis.','8411816.94','10','2003-08-02 18:02:48','1972-10-19 20:31:36','1'),
('58','enim','Dolores et et totam rem dolores earum. Voluptas perspiciatis laboriosam adipisci assumenda quod. Ratione qui dolor perspiciatis corporis atque molestiae impedit.','4507416.28','9','1976-03-07 21:31:57','1973-03-14 00:04:38','0'),
('59','odio','Ex repellendus molestiae distinctio impedit. Voluptatem quae dolorum placeat. Tempora at ut ad non et autem nisi.','25375700.57','10','1977-05-04 14:59:56','1980-10-12 02:58:29','1'),
('60','in','Incidunt quo reiciendis totam culpa autem repudiandae. Excepturi culpa nisi et nihil. Incidunt repellat optio similique quasi.','0.00','1','1994-01-31 23:01:26','1982-04-29 08:36:13','1'),
('61','asperiores','Accusantium omnis tempore est fugiat ad. Nihil eveniet aut aut hic dignissimos ipsa ut. Corporis iure et quisquam enim eum. Nam molestiae est et qui ut aut adipisci.','4073822.59','8','2004-04-22 11:02:05','1975-08-19 21:03:54','1'),
('62','dicta','Facilis tenetur corporis ipsum et. Quia error architecto et fugit. Dicta omnis magni qui aut nisi perferendis quia non. Reiciendis odio illo qui saepe laboriosam.','0.27','3','1981-05-07 22:55:53','2008-10-14 00:37:26','1'),
('63','aspernatur','Aut sint dicta iure vel. Eveniet porro eveniet officia et sit non. Dignissimos minus unde nemo sunt eveniet expedita.','4511.30','6','2002-02-07 19:05:08','1994-07-08 08:45:38','1'),
('64','numquam','Ullam accusantium dolorem provident velit eveniet. Velit ut minus modi ut et fugiat.','17745.64','2','2012-07-07 02:55:00','1986-10-25 10:31:55','1'),
('65','aspernatur','Dicta et voluptatem nihil architecto deserunt iste. Molestias sint voluptas qui cumque.','26.96','7','2003-12-27 22:19:35','2012-11-30 15:41:20','1'),
('66','veritatis','Est et perspiciatis vitae sint. Ex doloribus dignissimos voluptatibus laudantium assumenda ad repudiandae adipisci. Asperiores ut eos dolor blanditiis harum.','0.00','4','1982-06-21 12:15:51','1973-01-19 09:54:08','1'),
('67','sit','Tempore ea et et asperiores eos ex. Dolorem voluptas veniam itaque et omnis sunt. Cum ut aut voluptas assumenda mollitia quam aut voluptates.','4256.40','5','2007-10-02 00:30:20','1993-03-28 06:44:34','1'),
('68','reprehenderit','Quia et rem eos temporibus accusamus. Qui quibusdam id culpa natus assumenda ducimus nostrum. Quis tempora ut praesentium dolorum culpa.','1032307.79','10','1976-04-19 11:20:58','1971-12-22 22:50:13','1'),
('69','asperiores','Adipisci consequatur a quia. Qui quo odit quisquam perferendis et. Dicta natus natus rem cupiditate ratione repudiandae ab.','69471742.32','10','1979-10-17 19:13:36','1980-01-02 22:52:34','1'),
('70','cupiditate','Facere maxime nihil natus aut debitis et. Quibusdam velit ut voluptatem blanditiis. Quis alias quis et at quas consectetur.','79493.70','4','1982-11-26 16:10:35','1984-08-24 05:41:49','1'),
('71','accusantium','Est perspiciatis rerum quo repellat adipisci rerum. Eaque soluta sit in numquam labore aut. Rerum consequatur officiis ipsum. Voluptas rerum est ut ut dolorum.','24890.47','10','1982-12-01 18:15:57','2005-03-16 04:42:12','1'),
('72','quam','Quo aut id id. Impedit et explicabo enim illum inventore fugit facere. Enim veritatis repudiandae repellendus beatae. Suscipit quod et nesciunt ea excepturi amet minus.','1152.74','1','2017-01-12 13:47:45','2006-10-14 11:05:45','1'),
('73','voluptatum','Nobis quia qui distinctio rem ipsam est. Ea aperiam quas et sapiente nobis eos sed. Et ipsam quo culpa omnis ipsum nihil occaecati aut.','23668.89','4','1973-06-05 03:37:48','2006-01-17 22:02:29','1'),
('74','aliquid','Ullam et maxime assumenda dolor sunt. Assumenda ea voluptate voluptatem et atque voluptatum fuga ad. Est sint ea omnis officiis officia quos fugiat. Autem et aliquid numquam nihil possimus.','234331.40','4','1976-10-20 08:41:29','1972-09-16 10:11:26','1'),
('75','facere','At eaque sed sunt ut quis voluptates. Qui ex saepe totam praesentium at. Qui voluptatem consectetur doloremque. Est dolor doloremque dolor.','54657.00','5','2011-10-25 05:40:15','1972-01-11 15:47:57','1'),
('76','ut','Autem iste suscipit ut consequuntur vero quo corrupti non. Omnis ducimus a unde eos fuga dignissimos. Animi et reprehenderit molestiae mollitia. Tenetur corporis amet rerum.','617313267.27','2','2018-07-08 16:20:35','1973-02-03 19:19:25','1'),
('77','nisi','Adipisci praesentium omnis rem sunt modi quia tenetur harum. Maiores fuga ex vero omnis impedit. Deleniti et itaque ea fugiat illum eos reprehenderit amet. Accusamus inventore ea officia earum.','11936724.97','8','1974-09-27 14:30:50','1979-11-20 07:00:47','0'),
('78','libero','Voluptatibus accusantium voluptatum voluptatibus esse est. Corporis sit error cumque dolorem. Rem et ut est optio hic quisquam velit.','274287.86','7','2006-10-23 05:51:42','2018-01-17 17:01:33','1'),
('79','incidunt','Quo hic rerum quaerat aliquid. Et maxime qui tenetur magni quia earum dolor. Non in necessitatibus ab quo. Enim pariatur officia excepturi minima.','341764426.54','5','1971-03-29 03:11:34','1977-03-10 02:21:48','1'),
('80','omnis','Laborum rem incidunt nobis harum. Libero debitis laborum ut et fugiat cumque. Ullam qui sapiente non fugit eius vel occaecati. Facilis quia praesentium quis facere aut eius iure.','26451.29','8','1987-09-23 02:28:31','1989-10-31 06:37:59','1'),
('81','atque','Magni facilis eos quidem eius et facilis aspernatur necessitatibus. At ut nesciunt debitis recusandae. Quo in reiciendis ullam qui nemo. Aspernatur non labore necessitatibus quas quo quia.','72411975.67','1','2008-02-22 12:29:45','2007-09-11 23:43:20','1'),
('82','et','Soluta quam et molestiae sit quo ut est. Nostrum temporibus ex facere est dolor veniam.','128.37','1','2003-06-09 07:43:27','2006-06-20 19:03:45','1'),
('83','veniam','Adipisci accusantium dolor recusandae non et sed. Quaerat error sit quam qui rerum quia consectetur.','1740.50','8','1997-05-15 12:05:58','1986-08-21 16:55:44','1'),
('84','ex','Ducimus omnis saepe eos tempora hic quae qui. Eveniet sed sequi rerum mollitia. Est eligendi tenetur beatae molestias quis. Minus vitae sit nesciunt nemo.','15.99','4','1973-07-31 14:35:17','2016-09-17 16:27:34','1'),
('85','corporis','Quisquam commodi ea facere perferendis dolor libero consequatur. Sit natus voluptatem odio incidunt. Vel eum et similique aspernatur.','1.25','2','1988-12-31 13:32:27','2007-01-29 14:39:22','1'),
('86','eligendi','Occaecati dolores ut consequatur quia occaecati reprehenderit culpa. Molestias aut unde doloribus totam molestiae omnis veniam. Deserunt consequatur soluta qui voluptatibus est dolores consequatur.','78361.07','3','1986-09-19 15:38:19','2017-03-07 10:07:25','1'),
('87','amet','Minima aut quam et. Aliquam aut incidunt nam nihil quod. Qui odit et facilis aut commodi vel et. Eligendi ullam culpa omnis dicta quibusdam rem.','17089239.77','10','1991-01-01 12:50:49','1983-06-15 03:39:29','1'),
('88','earum','Ut et et praesentium eos et vitae et. Sed itaque quia et molestias eos. Voluptatem sit neque quo quae.','299419.96','1','1979-02-28 02:31:45','1981-12-05 01:34:50','1'),
('89','sed','Nemo possimus omnis cumque odit voluptatibus consequuntur. Aliquid voluptatibus eos delectus dicta reprehenderit sit in id. Aliquid mollitia nobis et tenetur voluptas.','12878.50','1','1987-02-05 13:01:16','1992-03-26 05:52:01','1'),
('90','ut','Rem aliquam autem magni ut quia eos. Delectus dolor harum sit amet tenetur id. Optio consequatur recusandae nobis eius aut earum in. Et quis dicta eaque excepturi adipisci distinctio saepe voluptas.','247376.00','10','1996-07-31 17:53:58','1990-01-04 21:31:11','1'),
('91','quibusdam','Fuga est quod qui ut. Pariatur eos sed officiis et. Voluptatem culpa assumenda itaque illo.','6722369.91','2','1979-03-04 07:40:24','2016-09-09 04:47:41','1'),
('92','ullam','Harum maiores nobis est. Unde debitis fugiat qui nemo quia architecto. Repellendus numquam temporibus distinctio voluptates. Exercitationem incidunt expedita magni amet qui.','4091040.10','8','1990-07-14 06:35:06','1989-03-30 09:43:04','1'),
('93','qui','Libero voluptatem voluptatibus molestiae reiciendis et et. Nulla vel architecto cum sunt qui. Facilis distinctio dolore vero cumque.','814808.20','2','1998-09-19 15:27:36','1977-11-03 17:12:08','1'),
('94','atque','Incidunt autem in ex. Ipsa explicabo autem est ipsam quidem laboriosam qui.\nCorrupti repudiandae aut neque vero illum velit fugit consequuntur. Rem nobis autem ipsam explicabo.','2.17','7','1995-05-15 04:18:07','1976-02-02 15:37:23','1'),
('95','quisquam','Hic voluptatibus est natus incidunt beatae consequuntur expedita. Qui et repudiandae voluptatem ut et repellendus cum. Ea aliquam aut sapiente omnis dolorem voluptatem. Et quod nobis eveniet itaque.','523399.99','9','1994-02-20 18:16:00','2003-08-05 18:05:32','1'),
('96','natus','Similique reprehenderit qui suscipit aliquid. Est sequi beatae sunt enim sit similique.','9939792.29','9','2012-04-22 13:12:27','1994-04-17 15:42:17','1'),
('97','dignissimos','Atque dolorem vitae quisquam ut ut vitae. Voluptate omnis enim dolorem. Doloremque cumque voluptas sed. Dolor et quis maxime non sunt sit.','58570.00','1','2003-06-24 13:30:19','1997-03-02 21:05:05','0'),
('98','in','Ut et nihil voluptatibus atque. Nostrum nisi non magnam animi nemo dicta qui. Voluptas dolorum quae exercitationem numquam. Qui qui eius temporibus omnis.','35507807.00','3','2019-02-17 23:11:39','1984-04-30 17:47:44','1'),
('99','eum','Incidunt sint veritatis fuga quos suscipit. Iste qui sapiente ut alias minus qui deleniti est. Nesciunt et enim consectetur nemo.','7131.05','9','1977-05-18 19:27:36','1984-11-18 19:38:51','0'),
('100','omnis','Voluptates dolorum sit est iste voluptas. Vero corporis ut adipisci architecto doloribus. Est voluptates eaque illum autem et architecto sit. Accusantium aut placeat et error sint.','910.22','10','1982-01-21 02:51:51','2017-06-04 08:28:19','1'),
('101','voluptatem','Molestiae mollitia ut harum officia explicabo id sit. Quo explicabo quasi recusandae sequi dicta assumenda. Nobis aut eos nam similique sit voluptas.','2905.06','7','2011-07-04 20:40:28','1987-08-23 10:05:25','1'),
('102','debitis','Et nam voluptate id similique. Laudantium assumenda ullam et debitis soluta. Et et impedit consectetur. Magnam iure nihil ullam ipsa.','13567639.42','8','1973-05-08 08:44:06','2010-05-28 04:40:48','0'),
('103','ut','Non repellendus aperiam quisquam sapiente tenetur. Corrupti dolore ea voluptatibus modi. Voluptate et dicta maxime at.','5.73','1','2013-03-10 15:19:38','2002-05-15 16:46:05','1'),
('104','blanditiis','Dolore id velit repellendus ut. Ut sed dolor maxime tempora esse. Sint recusandae occaecati est minima sed qui.','521143168.96','10','1984-03-02 15:08:09','1985-06-26 01:22:58','1'),
('105','voluptas','Sit eveniet qui ut in aut ipsam veniam. Pariatur quam corrupti cumque dolorum omnis dolorum asperiores. Et aut illo architecto aperiam. Quisquam quod temporibus cupiditate vel.','0.00','1','1976-07-11 18:55:46','1988-05-01 23:41:44','1'),
('106','quibusdam','Rerum explicabo magnam quas dolorem suscipit consequatur. Ut aut quia laborum tempora cupiditate. Magni molestiae enim vero temporibus eaque odit ut. Voluptatem dolorem aliquid ut tenetur modi.','133581105.79','5','1973-04-25 09:40:28','2008-01-16 09:37:48','0'),
('107','exercitationem','Numquam et quam qui est ut quibusdam. Quidem aperiam minima consequatur veniam sint. Voluptas voluptatem doloribus harum saepe.','0.54','2','1988-12-19 18:55:15','2018-10-06 15:00:42','1'),
('108','esse','Tempore accusantium nihil neque temporibus. Doloremque commodi veritatis vero doloribus. Sint illum optio et nulla aperiam.','1.00','9','1987-10-30 21:42:42','1979-08-21 05:04:23','1'),
('109','aspernatur','Deleniti ipsam distinctio ut vitae. Delectus sint quis eos provident beatae ut. Maxime maxime soluta voluptas ad maxime nisi ipsam. Soluta magnam labore fugiat voluptatibus ut necessitatibus quo.','513436.50','2','1992-08-07 06:25:17','2006-02-11 13:03:37','1'),
('110','reprehenderit','Aperiam ex occaecati optio praesentium. Inventore quia dolores est quasi. Et voluptatem et culpa quis. A neque eveniet eos.','173.75','7','1977-03-13 04:51:44','1995-09-12 03:40:42','1'),
('111','sint','Ut et qui aut qui et ad. Alias esse qui eaque necessitatibus totam ratione est animi.','545053851.27','6','2010-06-01 12:31:41','1991-01-22 06:32:30','1'),
('112','dolore','Autem sunt a ut aperiam. Omnis repudiandae accusantium et ut explicabo. Dolor inventore illo est est suscipit aut molestias.','14.00','3','1989-03-12 03:19:31','1984-06-01 21:50:45','0'),
('113','similique','Et at ad ad autem delectus corrupti. Sit excepturi et impedit aut. Qui ducimus voluptas dolore ut minus.','0.00','8','2001-06-04 02:27:27','2011-08-18 20:16:51','1'),
('114','et','Non iure ut illo in at magnam sed. Id perferendis voluptatum et quaerat. Atque vitae nemo et sapiente natus minus.','1.00','3','2003-08-13 14:25:39','1970-06-09 17:37:29','0'),
('115','qui','Qui et dolor tenetur dolor aut. Aut illo dolorem dolore. Corrupti quo minima et sunt necessitatibus ipsa magnam consequatur. Id necessitatibus aspernatur iusto et.','73742.70','6','2018-07-11 14:47:09','1992-08-09 22:19:18','1'),
('116','alias','Natus sint ut modi et quos animi velit sint. Minima id ut nesciunt voluptatem. Aut modi asperiores ea velit. Illo enim distinctio maxime suscipit necessitatibus sit quia.','21.37','9','1977-12-02 20:28:54','1987-08-24 21:31:49','1'),
('117','ratione','Est et voluptates tempore harum. Sequi nihil velit omnis quidem officiis earum. Et et ab ad optio corrupti.','219188840.75','6','2019-06-05 22:42:23','2009-01-10 00:33:54','1'),
('118','animi','Et quis assumenda pariatur quod unde. Deserunt voluptas doloremque velit non. Esse provident sunt maiores aut.','1.73','6','1970-06-26 18:07:29','2014-04-27 21:03:22','1'),
('119','debitis','Dignissimos excepturi delectus sit tempora voluptatem. Repellendus in et et error quis. Et est qui facilis doloribus.','175.38','10','2006-11-14 21:36:07','1981-06-17 14:00:32','1'),
('120','corrupti','Sit repudiandae facilis rem ea. Recusandae numquam maiores sapiente voluptatem commodi. Saepe ab doloribus nesciunt eum deleniti tenetur veritatis. Quis odio ratione modi at unde.','219873038.20','6','1992-05-16 03:48:44','1981-04-03 15:06:18','0'),
('121','voluptatibus','Fugit rem ex ipsum totam qui delectus ratione. Doloribus nostrum rem non ad. Neque alias eveniet architecto eos non eius aut. Porro voluptatem sed quam est dignissimos.','57364233.95','6','1972-12-29 04:14:24','1977-09-16 07:11:29','1'),
('122','officiis','Porro assumenda sunt perspiciatis facere sequi. Repellat eligendi reprehenderit aut voluptatem est ipsum. Ex et unde minus harum.','10971.22','1','1997-11-01 23:32:50','1999-01-15 15:05:52','1'),
('123','optio','Et itaque et asperiores veritatis. Itaque ducimus earum nobis itaque sint qui corrupti.\nDolorum blanditiis natus expedita hic. Eligendi in pariatur nesciunt ipsa et molestias.','206651.62','3','1994-01-27 12:16:00','1997-12-17 17:23:48','1'),
('124','consequatur','Occaecati dolores omnis architecto fugiat ut nam qui iusto. Quo mollitia eveniet error voluptates. Dolores qui autem sed illo tempore. Harum molestiae aspernatur non omnis odit qui.','0.00','8','2001-07-13 19:05:59','1972-01-10 03:16:10','1'),
('125','quos','Quibusdam voluptatem cumque eius quaerat. Sit vel ut qui veniam doloremque. Rerum delectus aut commodi voluptate quis sed quae tempora. Et laudantium harum quae atque quia et.','3558.21','8','1990-09-27 10:20:05','1977-05-01 10:00:42','1'),
('126','deserunt','A a assumenda nisi minus. Cum ut laboriosam pariatur occaecati pariatur ullam dolor.','5117.01','2','2011-02-20 20:25:54','2005-10-21 06:04:17','1'),
('127','ut','Beatae qui voluptatum tempora vitae consequuntur placeat nam. Autem minima blanditiis consequatur ducimus neque optio. Non officiis libero omnis quibusdam eligendi eligendi voluptates.','5.93','6','1989-10-16 23:39:54','1993-02-11 21:11:58','1'),
('128','quas','Quia aut architecto voluptatem recusandae est omnis. Ipsum placeat a totam voluptates recusandae. Quasi dolorem sit laboriosam ex beatae nobis et.','24.68','8','1979-05-11 10:55:32','1985-02-10 14:03:17','1'),
('129','quo','Veniam sunt et quo saepe possimus aut nobis. Officia distinctio eos iure nobis. Rerum libero ut autem laboriosam dolores laborum.','261.56','5','1986-07-10 13:34:18','2006-12-08 01:33:25','0'),
('130','et','Et et enim et est laborum est. Rerum fuga deserunt quibusdam earum enim et aliquam. Pariatur expedita odio iste nihil amet. Consequuntur veritatis nisi necessitatibus consequatur fuga praesentium.','26.62','5','2015-08-06 13:28:36','2017-08-29 02:04:26','1'),
('131','nihil','Porro dolorem non voluptas qui. Maiores fuga enim ut. Aut optio officia neque sequi molestias velit.','238391.00','8','2012-07-21 22:42:02','2018-08-10 11:39:46','1'),
('132','minus','Sapiente incidunt incidunt totam blanditiis facilis tenetur deleniti porro. Tenetur voluptas aut laborum voluptatem suscipit id. Totam aut et repellendus velit.','1310.03','1','1993-10-16 17:24:36','1974-03-07 03:50:13','1'),
('133','exercitationem','Qui perspiciatis accusantium quis. Nemo optio non ad hic quis fuga omnis consequatur. Voluptate qui non quae provident ut eum placeat.','20844.15','2','2000-03-31 22:28:33','2009-05-08 23:26:50','1'),
('134','temporibus','Et error tempora consequatur sed. Qui repellendus ipsam consequatur repellendus.','1093.92','8','1985-09-02 00:47:06','2019-10-17 17:47:32','1'),
('135','in','Esse recusandae architecto sed aliquam ab. Ducimus unde ipsam et id animi quia. Exercitationem tempora architecto hic ducimus. Dolores et perspiciatis qui error.','9.01','1','1980-04-25 20:07:37','1998-11-15 00:24:36','1'),
('136','dicta','Est pariatur vitae sed eius. Asperiores autem sunt nostrum qui. Quasi non sed officia delectus. Qui itaque ea qui.','35701.04','3','1985-09-28 06:59:27','2010-11-19 21:57:41','1'),
('137','delectus','Illo ad iure quae nam at a optio odit. Sapiente earum aut sint sint quo. Eaque ipsam vel natus unde ut inventore ullam. Voluptas eos aut inventore architecto aliquam ut.','3124919.78','3','2012-09-10 07:21:04','1994-07-25 13:57:08','1'),
('138','consequatur','Sit in magnam labore molestiae perferendis aut reiciendis. Quod sunt eligendi impedit voluptas. Ut consequuntur suscipit laborum accusamus.','0.00','3','1984-03-10 02:18:28','2009-11-22 08:40:23','1'),
('139','voluptatem','Et esse ad vel corporis officia fugiat. Sit fugiat corrupti eligendi dolores blanditiis. Est perspiciatis quia at omnis. Itaque et sunt quam odit.','35944948.68','2','1990-02-24 19:26:07','2008-04-12 13:56:52','0'),
('140','ut','Laborum praesentium id reiciendis consequuntur omnis distinctio repudiandae. Et consequatur enim voluptas doloremque. Maxime est alias quo alias et et. Possimus delectus et quo impedit.','20.95','5','2006-06-10 11:35:36','1988-01-30 04:35:04','0'),
('141','deleniti','Beatae aliquam enim molestiae eveniet necessitatibus earum provident ut. Eos neque quaerat doloremque. Non modi id velit laborum hic quibusdam autem.','6824937.40','10','1970-03-01 18:09:23','2002-07-01 08:38:16','0'),
('142','minima','Ea rerum exercitationem eum ipsam recusandae. Ut fugit fugiat dolor iste et cupiditate ipsa.\nQui sed ut odit aut rerum. Consequuntur autem odit non placeat ea. Eum quo voluptates id omnis.','6594.63','7','1978-08-17 21:02:14','1977-07-19 15:56:40','1'),
('143','enim','Vero quibusdam sit dolore quia consequuntur. Est ut sint possimus reiciendis. Veritatis eos libero nobis recusandae maiores.','22.75','7','2012-06-11 03:54:50','1991-10-11 00:14:19','1'),
('144','occaecati','Vitae aut voluptatibus molestiae magni ea corrupti quia ut. Consequuntur et incidunt adipisci accusantium ducimus aut quia sunt. Ea incidunt magni nesciunt illo veniam est.','20735.80','7','2013-10-29 12:58:31','1980-08-13 11:31:09','1'),
('145','aut','Et error qui aut non distinctio et. Aperiam sapiente praesentium aliquid vero. Aperiam esse nam et.','13.16','10','2011-11-12 04:40:47','2004-10-12 23:43:59','0'),
('146','impedit','Occaecati atque harum tempore. Qui odio magnam harum cumque. Aut omnis repellat et.','89566469.70','2','1994-06-05 04:33:21','1984-12-19 19:19:28','1'),
('147','sapiente','Alias nobis voluptatem odit est. Perferendis qui quod nulla qui inventore amet deserunt. Itaque dolor quam fugiat. Minima asperiores perspiciatis nam ea fuga.','407842172.03','6','1979-02-17 07:08:01','2001-10-17 04:58:59','1'),
('148','perspiciatis','Officia sed pariatur optio provident sapiente. Non quia porro repellat ad. Error molestiae eos accusantium eligendi accusantium.','1362691.90','5','2010-05-15 16:21:57','2012-07-11 19:39:58','1'),
('149','ut','Et velit voluptatem ea minus. Et odio deserunt optio sunt vitae. Quo non perspiciatis voluptatum dicta omnis voluptas nulla. Ipsa quia quis ea rerum.','3710.39','8','2017-09-10 20:04:00','2008-03-12 08:47:13','1'),
('150','ea','Est eligendi dignissimos sed accusamus quia aut. Velit impedit et ea distinctio animi voluptatem. Quo dolorum ut dolore sint.','2775183.33','5','1991-03-18 01:04:29','2006-01-16 20:35:14','1'),
('151','autem','Rerum modi nisi corrupti unde sed deserunt. Autem quas in est temporibus repudiandae repellat.','243870.00','10','1985-04-06 03:35:03','2012-03-31 23:55:50','1'),
('152','consequatur','Consectetur suscipit consequatur dolor. Ea voluptates molestias numquam sint incidunt fugiat est.','0.00','3','2010-07-02 00:18:45','2016-08-30 06:52:51','1'),
('153','hic','Itaque optio rerum mollitia in deleniti. Ut quasi culpa qui est eum laborum.','183.49','6','1972-11-10 20:53:02','2006-01-08 18:32:24','1'),
('154','quos','Voluptatem ducimus consequatur ullam. Sit eius laboriosam delectus neque. Explicabo similique nihil ipsa consequuntur.','12454151.49','3','2004-02-23 09:49:02','2007-09-14 17:48:15','1'),
('155','cumque','Earum sit ad est totam. Omnis amet quia aperiam non quia quia est aut. Saepe rem aut voluptas et ipsa ut. Id voluptatem adipisci facilis sed.','118.93','10','2009-02-07 03:39:41','1978-06-28 01:01:06','1'),
('156','sed','Omnis culpa sit ratione ut modi nemo nobis et. Repellendus asperiores quidem velit ad ipsa nobis. Non magni non ut ratione dolorum. Eaque sit odit voluptatibus atque dolores.','9054.72','3','1992-04-29 09:56:20','1998-08-23 06:46:27','1'),
('157','ab','Eius dolorum dolorem odio sint. Nihil iste sequi dignissimos repudiandae vero. Soluta minima exercitationem nobis unde voluptate eos temporibus.','3.00','4','1971-03-12 07:05:11','1978-02-03 14:23:08','1'),
('158','eaque','Corporis magnam cum itaque eveniet iusto inventore. Rerum quibusdam veritatis vitae accusantium ullam facilis hic magnam. Enim est cumque atque vel aspernatur. Laboriosam aut repudiandae quos.','94.93','6','1990-07-06 05:18:03','2018-09-24 12:15:56','1'),
('159','molestias','Tempore id non enim ut tempore officia. Libero repellat minus impedit quasi deserunt. Eos ut soluta labore quis.','4851.07','1','2018-09-02 05:02:53','2018-11-29 18:14:51','1'),
('160','aut','Voluptas quam labore sed ipsa. Distinctio amet dolorem non beatae et placeat. Repellendus doloribus voluptas dolorum veniam.','43411929.10','8','1982-06-26 04:45:32','2010-11-23 10:36:08','1'),
('161','ex','Tempore molestiae impedit exercitationem. Cum veniam doloribus qui blanditiis qui minima. Ea ut deleniti ut quas et aut voluptatem voluptatem.','13691.80','10','2017-03-06 06:03:03','1979-12-22 00:15:23','1'),
('162','velit','Animi doloremque nostrum ut aut. Velit omnis voluptates sunt consectetur quo. Modi error vel sit reprehenderit fuga quasi non. Commodi fugit sit voluptate sint aut provident pariatur.','0.00','8','2011-03-07 13:21:46','1985-07-16 08:51:23','1'),
('163','iste','Nulla error voluptate et ut quidem. Esse iure quas enim dolores veritatis alias quia. Eaque tenetur quas fuga quia unde. Tenetur dolor est dolorem.','0.00','9','2004-05-05 08:37:31','1982-02-01 14:22:14','1'),
('164','ea','Laborum facere quasi sint laborum omnis et suscipit. Voluptas et pariatur labore maiores voluptatibus. Qui aliquam recusandae ipsa veritatis recusandae mollitia voluptas non.','387.25','2','2004-03-25 11:21:34','1975-11-05 16:38:52','1'),
('165','id','Possimus modi blanditiis velit. Quia at repellat a dolore reiciendis. Architecto quasi aliquid eaque.','53.70','6','1972-08-17 10:54:55','1970-08-18 21:53:48','1'),
('166','reiciendis','Incidunt rerum repudiandae quis voluptatem quia dignissimos. Dolor ad nam perferendis amet sint.','2483.83','10','1995-01-08 09:02:53','1979-11-16 14:09:53','1'),
('167','unde','Eius dicta ut animi voluptatem tenetur repellendus dolor. Fuga qui asperiores mollitia. Doloremque quia culpa repudiandae facere dolorem. Est consectetur corrupti eligendi alias quia.','184569477.14','4','1984-03-05 18:43:37','1987-06-02 16:08:18','1'),
('168','corrupti','Accusamus dolorum laborum iusto possimus vero. Amet est sit porro. Architecto voluptate labore illum doloribus reiciendis ipsum est reprehenderit. Aliquam quos laborum vero quam eius reprehenderit.','20.06','9','2012-03-02 14:15:57','1995-06-22 20:36:04','1'),
('169','eaque','Qui soluta eos minima ea et nostrum. Molestias minus ex repudiandae. Eaque sed ratione praesentium in laborum inventore sint.','2452758.00','2','2018-05-10 18:33:25','1983-05-08 06:56:59','1'),
('170','eveniet','Ea consequatur nulla pariatur eius. Enim iure voluptas fuga et debitis dolorem a. Blanditiis beatae qui quia et atque est. Rerum eum rerum nihil sunt omnis ex.','1934837.32','5','1994-07-15 13:49:50','1997-09-04 22:47:25','1'),
('171','debitis','Provident et autem voluptas voluptatem sunt. Maiores laboriosam laudantium unde ab alias quis. Eum similique dolorum aliquam numquam et incidunt ea. Consequatur adipisci optio nobis quidem.','313.26','3','2007-12-14 09:20:38','2011-09-22 14:16:27','0'),
('172','distinctio','Fugiat et doloremque vel officia non ex et. Eum id in neque. Et adipisci architecto voluptate fugiat. Aliquid ipsa minus est id veniam sint odit vel.','11521.76','2','1982-02-06 00:25:14','1994-04-27 05:12:43','0'),
('173','omnis','Quia et delectus quibusdam in. Necessitatibus ex id velit atque autem nostrum reprehenderit. Sint modi aut nihil et expedita.','5941978.02','2','1999-12-29 05:50:19','2009-08-12 17:25:30','0'),
('174','expedita','Facere est dolor repellendus quia et. Labore in sint incidunt sit soluta. Suscipit ut modi soluta tempore.','216628.84','10','1981-03-13 16:21:42','2005-11-13 01:48:21','1'),
('175','impedit','Velit eaque sed culpa quis doloremque. Vel odio atque omnis autem praesentium neque id. Doloremque aperiam ut et ducimus voluptatibus veniam.','401561.89','9','2015-04-06 02:05:45','1982-08-01 03:03:18','1'),
('176','maiores','Sint quia voluptatum eos tenetur unde. Dolores consequuntur occaecati in ad. Alias mollitia vitae quam quis.','72096763.18','1','2005-01-21 06:27:29','2018-06-16 22:19:06','1'),
('177','veritatis','Fugiat aspernatur necessitatibus omnis. In voluptas et eos molestiae deserunt enim. Iste suscipit minus velit aut optio quis.','27838.87','2','1982-07-26 05:50:04','1982-08-03 03:20:10','1'),
('178','error','Sed facere delectus consequatur eveniet. Beatae iste enim id minus magnam laborum est voluptatem. Voluptatem nihil fuga rerum necessitatibus magni culpa ipsum.','0.00','4','1990-06-07 16:30:31','2003-03-09 22:14:00','1'),
('179','possimus','Autem aperiam voluptatum quos ab. Ut sint occaecati magnam enim. Error quisquam quisquam dolores aliquid dolores ut. Dolorem nemo doloribus iste distinctio maxime provident.','3571784.56','5','1979-04-17 03:34:40','1987-09-01 18:58:46','1'),
('180','corporis','Quis molestias sed eum soluta vel et inventore. Porro sed laboriosam voluptatem est. Eligendi itaque et consequatur recusandae quo repudiandae. Eum eos aut quo quia porro.','14.80','9','1996-11-13 06:34:20','2003-08-05 22:19:21','1'),
('181','voluptas','Autem ipsam temporibus distinctio suscipit aliquam ut. Nihil unde aliquid hic tenetur quia et. Beatae explicabo velit deserunt dolor corrupti.','0.49','9','1988-07-04 16:21:35','1973-05-08 14:33:52','1'),
('182','sit','Sit autem ut enim itaque impedit. Vero sit eius voluptatem numquam optio magni incidunt. Cupiditate omnis molestiae consequatur voluptates nesciunt ratione occaecati.','0.00','5','2011-10-14 00:12:47','1985-09-13 22:20:26','0'),
('183','eius','Animi dolor optio veritatis et in velit maxime. Provident dolor est ipsam voluptas autem voluptas reprehenderit reprehenderit. Aperiam at facilis sequi dolorem. Laborum quis in dolores aut.','5280.85','1','1978-09-03 23:24:38','2012-06-29 21:05:50','1'),
('184','molestias','Praesentium natus eum perspiciatis quae illo quam. In accusamus in incidunt veniam. Est deleniti et est cum reprehenderit. Est et dicta enim quos delectus soluta fuga impedit.','0.51','5','1970-01-08 22:44:45','1972-02-09 17:10:14','1'),
('185','quam','Ut rem deleniti vitae officiis omnis. Nesciunt id sunt et molestiae aliquam fugit commodi nobis. Eveniet sit iste earum aut. Et sequi sit esse.','36.28','7','1982-10-20 08:06:28','1995-09-16 04:47:17','1'),
('186','aliquam','Rerum iusto qui molestiae consequuntur nihil non. Id eius nihil quam. Veritatis aut unde sint ducimus distinctio dolorem. Inventore nemo et qui aut.','64771.63','10','1977-06-20 18:54:13','2007-08-28 17:12:08','1'),
('187','ipsam','Ut alias reiciendis exercitationem iste repudiandae et voluptas. Voluptatum alias assumenda ducimus asperiores nobis. Aut maiores ratione facere veniam autem repellendus provident.','0.31','7','1971-12-04 15:06:19','1978-05-07 23:06:25','1'),
('188','rerum','Quod quisquam dolorem pariatur. Fugiat atque qui debitis atque vero reiciendis et. Possimus harum dignissimos qui similique. Laboriosam ad quibusdam eos et quis et veritatis.','7.95','1','2011-03-18 22:18:09','1970-08-28 06:52:49','1'),
('189','perferendis','Blanditiis ipsam ullam ducimus aut. Quo commodi ad sit et. Repudiandae alias tempora quam tempora delectus voluptates nisi. Aperiam eaque itaque porro nulla.','0.00','6','2019-07-24 04:29:35','1980-06-20 12:51:38','1'),
('190','repellendus','Aut quis voluptatibus doloremque soluta nobis. Sed quisquam tempore nihil rerum debitis corporis. Repudiandae earum voluptas dolorem id numquam. Iusto neque accusamus ad officia tempore ab sit.','2836207.10','7','2003-05-06 23:33:17','1998-11-20 04:46:51','1'),
('191','molestiae','Modi ut dolorem illo quas ut autem omnis. Enim officiis quisquam maiores ut ab suscipit qui sed.','3214215.60','9','2011-10-02 18:06:57','2020-01-27 10:56:48','1'),
('192','maiores','Dolore nobis eveniet asperiores quidem. Ab ut beatae aut beatae. Blanditiis ea rerum nihil accusantium. Inventore eos quis nulla et qui.','0.00','5','2014-11-09 02:09:53','1986-07-13 10:27:10','1'),
('193','amet','Id dolores quos itaque quos. Enim libero et modi quia. Doloribus iste molestiae provident incidunt autem explicabo iusto est.','0.00','5','1988-05-21 17:01:14','1987-09-06 00:11:16','1'),
('194','est','Sequi aperiam qui consequuntur impedit ipsa id laborum. Odio et ducimus qui reiciendis modi. Recusandae distinctio deserunt voluptatum qui. Et laudantium ratione non consequatur qui quia.','0.00','7','1973-01-20 20:39:32','1992-06-10 05:08:05','1'),
('195','dolorem','Placeat nulla possimus maiores rerum. Dolorem commodi voluptates quisquam commodi animi magnam. Rem commodi cupiditate magni dicta ratione aut sed. Similique ut enim quam.','434.21','6','1970-07-27 13:50:49','2013-06-04 22:55:56','1'),
('196','ullam','Consequatur quae ut qui ullam. Omnis similique assumenda veritatis atque atque dolor qui. Saepe animi voluptatibus perspiciatis officiis id.','7116.90','10','1976-10-03 10:39:25','2018-10-12 21:54:16','1'),
('197','debitis','Et delectus natus sunt quaerat harum. Non eius alias in a quo. Sint alias qui aut iste sunt suscipit et cupiditate.','32446.64','6','1987-05-17 13:32:48','1998-02-11 00:57:19','1'),
('198','dolorem','Illum culpa et quisquam nam sint nemo hic itaque. Sunt laborum praesentium quo illum. Facilis nihil autem molestiae.','10.07','10','2011-05-18 17:33:50','1996-04-05 05:01:22','1'),
('199','maxime','Ex ea saepe est doloremque et eius voluptatem sint. Eos officia nemo maxime ut consequuntur eligendi quibusdam eligendi.','134890758.40','8','2000-07-10 13:24:33','1992-08-11 03:17:51','0'),
('200','et','Id error incidunt fugiat. Unde id aut soluta maiores voluptatem sit. Sunt suscipit odit molestiae consequatur voluptatem.','42355845.89','8','2017-06-19 00:45:46','2011-12-06 16:13:29','1'),
('201','voluptatibus','Voluptatem dignissimos architecto recusandae consectetur doloremque eius. Dolorum vero excepturi iusto officiis vel. Tempore sapiente aut ut qui.','600.00','4','2007-11-24 03:07:58','1984-06-18 06:52:17','1'),
('202','omnis','Voluptate voluptate officia ea repellendus aliquam adipisci. Expedita facilis ut distinctio. Iusto non cumque consectetur omnis veritatis quis sint.','25.35','10','1977-01-07 11:40:40','1971-08-05 01:38:34','1'),
('203','dolore','Nesciunt alias quasi facilis culpa. Similique in incidunt natus ut. Praesentium quae ad dignissimos molestiae molestiae ipsum. Et esse eaque maiores aliquam illum nostrum nisi.','4351.71','9','1971-11-05 05:42:13','2012-04-05 06:26:31','1'),
('204','sit','Voluptates eaque pariatur dolor atque blanditiis. Aut amet maiores et molestiae voluptatem iusto. Quia magnam mollitia accusantium quo quo dolores quia.','27.00','6','1971-05-10 12:01:33','1982-12-08 06:41:24','1'),
('205','iste','Voluptatum odio hic et quia. Qui inventore neque tenetur aliquid. Sunt culpa vel ut magni.','86.94','9','1970-01-17 18:54:26','2006-06-11 06:01:35','1'),
('206','in','Nobis error quia dolores est. Enim odit a ut nam laborum eos. Accusamus veniam alias nihil velit ut veniam et.','17.95','7','2002-11-12 10:10:38','2003-10-30 20:38:00','1'),
('207','reprehenderit','Expedita velit in dolorem ullam culpa quaerat facere. Consequatur reprehenderit ea odio magnam. In vero natus fuga nesciunt quo necessitatibus.','1.11','6','2009-09-01 16:32:24','2002-04-22 05:08:36','1'),
('208','odio','Tempore ea omnis necessitatibus autem ratione sit aut. Aut dolorem dolorem repudiandae neque consequuntur ut.','24232.80','10','1981-09-04 10:12:09','1986-07-24 02:47:28','1'),
('209','sequi','Reiciendis velit dolor quo incidunt dicta quisquam. Sapiente quae molestiae officiis nihil. Architecto harum ea architecto et illum voluptatem nisi. Voluptas id id ratione labore qui.','0.00','1','1991-04-03 01:39:21','1975-10-08 17:13:00','1'),
('210','aspernatur','Libero ipsam quia ut tempore earum voluptates. Voluptatibus eligendi occaecati aut eum enim quae quia. Praesentium magni saepe assumenda eius ratione. Quibusdam repudiandae et eum expedita.','0.86','1','2000-12-02 23:53:16','2000-12-11 07:26:13','0'),
('211','natus','Tenetur quae dolorem fuga repellendus eveniet. Corporis voluptas consequuntur magnam molestias corrupti inventore.','271229827.84','9','2001-10-07 18:43:11','2012-05-11 09:12:26','1'),
('212','repellendus','Sed et velit porro ut distinctio sunt sequi. Voluptates perferendis est cupiditate impedit numquam cum itaque id.','286837.22','10','1987-01-20 13:17:03','1971-08-02 13:25:51','1'),
('213','veniam','Quo vitae dolor voluptatibus aliquid incidunt consequatur nobis. Quia iure soluta ut fugit. Eligendi rerum illum temporibus ex soluta. Totam laudantium laboriosam et et.','0.00','6','1992-09-21 16:22:34','2016-04-21 16:06:54','1'),
('214','maiores','Pariatur sint rerum distinctio laborum. Earum eos in porro sunt. Totam rem ab omnis ratione dignissimos. Sequi aut voluptatem voluptatem ut odio.','1361.42','9','2002-02-26 05:33:26','1981-07-11 12:23:42','1'),
('215','aperiam','Totam libero illo et laborum ducimus aut similique. Laudantium repellat eveniet tempora aspernatur voluptatem. Ducimus tempora porro sapiente blanditiis natus modi.','3.00','4','2008-01-20 18:28:31','2010-11-15 16:44:34','0'),
('216','possimus','Quia aperiam sed illo non voluptas sit. Ipsa rem aut iusto aut qui voluptas.','650614642.01','3','2001-01-08 09:20:11','1970-12-17 11:45:21','1'),
('217','maiores','Ipsam eveniet qui est dolores voluptatem deleniti qui. Incidunt nihil dolorem tempore non rerum cumque. Aliquid impedit quia mollitia illum. Ipsa et voluptatem ducimus voluptates.','1.30','9','1981-11-10 16:29:37','2001-11-30 18:09:31','1'),
('218','et','Et veritatis et quo sed. Nam eum numquam magni voluptas nobis hic. Et minus quae qui est esse quibusdam. Cupiditate deleniti ad perspiciatis alias.','4116221.87','10','1980-03-06 12:24:36','1972-08-13 09:11:58','1'),
('219','sapiente','Consequatur mollitia cupiditate magnam atque sint. Totam voluptates reprehenderit et minima placeat. Voluptate nulla quisquam laborum fugiat voluptatem ipsam.','612.14','3','1976-07-30 12:19:02','1995-02-03 02:25:30','1'),
('220','est','Vero corrupti esse quia quam sequi fuga. Ipsa est quia tempore consequatur. Similique dolor officiis asperiores ut quod nesciunt.','0.00','4','2007-06-01 08:28:08','1994-04-30 10:35:18','1'),
('221','ea','Officia nisi ut quidem tempora qui. Quis et excepturi nostrum provident velit. Aut aut aut cupiditate aperiam molestiae suscipit. Et eum qui perferendis quibusdam dolorem eligendi.','0.00','7','2005-11-10 12:34:43','1974-03-25 09:59:43','1'),
('222','id','Nihil placeat qui dignissimos pariatur non sunt dolorem. Excepturi aut quos eum ut quam numquam.','0.00','1','2017-10-07 21:33:55','1990-10-22 00:08:00','1'),
('223','impedit','Laudantium voluptatem ea ullam ipsam odit. Quibusdam eligendi ratione et. Qui reprehenderit eligendi vitae sed est cum.','98.56','8','1995-12-04 01:21:49','2007-08-13 12:06:55','1'),
('224','deleniti','Quaerat placeat ut laborum ab. Nam in illo iusto. Doloremque qui nemo libero autem. In beatae blanditiis excepturi exercitationem et iusto.','258.83','1','1977-08-13 03:44:22','1992-04-08 08:57:42','1'),
('225','omnis','Vitae qui quam delectus nobis. Sint et est ducimus nihil et et doloribus. Ad consectetur quae sit exercitationem. Tempore voluptatem quibusdam voluptatem est commodi.','0.00','8','1998-05-31 10:37:49','1990-02-27 05:56:39','1'),
('226','tempora','Nisi quisquam aliquam recusandae harum vitae. Molestiae consequatur est vero molestias similique ad soluta. Et dolores iusto ipsa eius molestiae quia. Quos quam et hic sed ut ut.','5804.80','4','1983-08-26 18:33:39','1975-11-12 21:35:21','0'),
('227','tempore','Error eligendi voluptas quia sunt. Ut consequatur voluptas atque repellendus error ipsa. Expedita numquam sit tempora sed.','0.00','10','2002-05-10 16:34:59','2012-06-16 19:08:36','1'),
('228','corporis','Repellendus nesciunt odit dolorum quam cupiditate et nihil rerum. Autem culpa sint cumque aut id. Quis odit temporibus omnis tenetur.','598.36','4','2006-01-30 06:31:55','2003-06-15 02:10:04','1'),
('229','eligendi','Ut porro assumenda molestiae recusandae quas. Sit ipsam debitis et rerum.','193499.28','3','1983-09-25 19:24:23','1987-09-18 17:01:11','1'),
('230','et','Quisquam quis deleniti eos impedit cum consequatur. Qui debitis praesentium rem qui dolore aut.','70477.16','8','2001-12-19 17:01:53','2007-01-24 14:49:12','1'),
('231','facilis','Et reprehenderit odit veniam eligendi omnis. Facilis omnis quia aut qui rerum expedita harum. Ad sed eaque voluptatibus a dignissimos.','0.00','2','1983-03-08 03:20:05','1987-01-16 16:05:55','1'),
('232','impedit','Eos velit quaerat enim eius nihil deserunt. Totam architecto non nihil officiis molestiae. Maiores quod alias qui distinctio vitae ipsa magnam. Voluptas delectus autem facere fugiat voluptatum non.','12866536.35','7','2013-08-24 19:39:16','2011-11-18 10:31:17','1'),
('233','repudiandae','Cupiditate sint modi quam voluptatem animi unde. Repellat itaque voluptate et dicta optio iusto omnis. Corporis nesciunt doloremque earum odit molestias quam.','5482629.36','7','2003-03-27 22:52:14','1999-06-03 06:27:27','1'),
('234','consequatur','Omnis numquam beatae suscipit quo sed dolore. Commodi ut quia excepturi ratione. Illo quas voluptatem repellat cumque est omnis dolor.','12.72','10','2019-11-27 09:04:00','1992-09-02 12:43:07','1'),
('235','eligendi','Velit velit tenetur delectus quia placeat. Repellendus quas cupiditate vero nostrum ullam nihil ut eius. Adipisci culpa repellendus quas assumenda ad.','36.50','2','1975-04-05 21:51:08','1997-03-17 02:25:17','1'),
('236','consequatur','Modi et ducimus maiores et dolorem. Qui et doloremque veritatis ad cupiditate dicta. Dicta ea delectus consequatur itaque facere nisi.','14740.92','6','2015-01-06 05:20:51','1970-08-31 16:30:55','1'),
('237','culpa','Voluptatibus aut natus fugit. Debitis eos libero explicabo ex.\nNam ipsam eum aspernatur labore amet. Ipsum ea autem eos quis non amet. Doloremque laudantium ratione et et delectus.','0.00','7','1985-08-12 04:45:43','1979-02-05 15:02:07','1'),
('238','sit','Unde non sapiente rerum quis. Fugit est quia iusto maiores distinctio neque vitae asperiores. Odio provident veniam debitis alias enim alias.','69816764.59','8','1996-12-01 04:23:39','1971-05-23 08:49:58','1'),
('239','quia','Quia culpa qui neque nobis aut. Maxime nisi non exercitationem quis veniam nisi sed ipsa. Voluptate sapiente molestias porro cum ea autem error. Corrupti et voluptas quasi nihil qui veniam aliquam.','278.20','6','2008-05-28 05:49:20','1979-07-22 00:01:09','1'),
('240','et','Exercitationem corrupti blanditiis adipisci consequatur eum cumque repellat. Nihil deleniti excepturi pariatur quidem ut optio.','411499235.50','8','1970-07-09 01:47:59','2000-06-14 03:11:04','1'),
('241','soluta','Mollitia reiciendis doloremque rerum itaque. Voluptatibus at sed eos rerum qui et. Inventore eligendi ipsa exercitationem voluptates rerum amet. Eum recusandae dolorem ab dicta quae et nam.','1.44','9','2007-05-04 17:20:44','1992-10-10 08:53:49','0'),
('242','enim','Atque dicta voluptas ea suscipit. Blanditiis cum omnis corrupti similique. Voluptatibus enim numquam voluptatem sit totam est.','8902.07','4','2018-05-14 19:02:03','1982-03-28 23:24:11','1'),
('243','velit','A dolores dolores voluptatem impedit. Et debitis incidunt aspernatur qui cumque rem ut. Ut assumenda necessitatibus sed illo in amet. Eos ut facere est quisquam placeat.','0.03','7','1990-03-12 15:05:48','2014-07-19 09:07:33','1'),
('244','ipsam','Et quibusdam rerum adipisci nam itaque cumque. Ea quia qui velit eum cum iure commodi. Ipsam ipsum sint vel tempore consectetur. Quo illum est ut culpa ut.','53235.99','5','1982-12-28 07:54:42','2014-03-16 18:35:58','1'),
('245','consectetur','Dignissimos qui necessitatibus sequi voluptatem perferendis et totam. Praesentium sunt consequatur accusantium. Quidem excepturi sed fugit quae ad.','39232.66','3','1971-01-14 08:49:56','1982-10-17 12:40:15','1'),
('246','ex','Harum corporis cumque alias aperiam tempore. Magni perspiciatis tenetur omnis totam. Consequatur in nam sit rem eius consequatur. Dolore quis aut quis dolorem.','204393.43','10','2005-07-20 23:10:51','1986-08-07 11:47:07','0'),
('247','odit','Nesciunt vel officia et dolores quo aliquid dolore eveniet. Aut quaerat porro et a molestiae.','4.71','7','2019-12-20 00:59:08','1987-05-16 21:17:33','1'),
('248','quam','Harum dolore autem itaque voluptate adipisci deleniti quae a. Officia ut veritatis blanditiis odit. Dolorem necessitatibus reiciendis eveniet omnis eum.','157405.29','1','1999-06-22 02:23:17','1983-12-05 12:24:42','1'),
('249','pariatur','Optio quae qui illum laboriosam. Ipsum eligendi qui ut minima sit. Voluptas repellendus et officiis ea.','3897.26','10','1981-06-13 07:15:58','1996-04-19 03:11:49','1'),
('250','nostrum','Sed quaerat minima non inventore autem. In amet fugit et amet eligendi. Consequatur ut quis dolorem numquam amet et. Vel saepe enim illum dolores recusandae.','0.00','9','2004-08-17 18:53:26','2009-07-06 17:56:43','1'),
('251','magnam','Eos eos hic qui omnis repudiandae ullam. Hic minima aperiam magni vero harum. In nostrum velit at aut est odio impedit.','7.90','5','2018-06-08 09:06:19','1990-11-11 04:44:01','1'),
('252','sed','Sed esse dolore voluptatem praesentium. Sequi molestiae perferendis et eaque. Consequuntur maxime eum voluptates fugit. Blanditiis est aut deserunt sint aliquam.','0.90','7','1994-02-05 21:41:10','2006-09-10 22:50:40','1'),
('253','omnis','Debitis eum omnis laudantium molestiae aut recusandae. Vitae sint magnam tenetur cumque. Ipsum rerum quia est eum.','4116755.41','10','1980-03-23 01:06:24','1988-07-10 08:52:32','1'),
('254','aliquam','Eveniet vel quis dolorem qui temporibus non nobis a. Quia animi quisquam molestias voluptatem aspernatur. Est in id dolores asperiores. Tempore expedita id id fugiat mollitia.','582108.91','3','1973-01-11 07:20:51','2015-07-12 02:47:16','1'),
('255','mollitia','Et quia qui quis pariatur. Optio libero aliquid assumenda sed accusantium tenetur praesentium. Delectus iusto id aspernatur.','0.11','7','2013-02-28 22:52:12','2013-01-15 10:31:15','1'),
('256','quibusdam','Harum ab sit hic ad magni accusantium et. Quis dolorem quia suscipit vero eum hic. Eaque numquam sint aut alias consequuntur.','201.90','7','1983-08-17 07:16:45','1981-05-15 20:17:10','1'),
('257','numquam','Accusantium esse placeat ab ex. Sint dolorem consequatur pariatur voluptatum quia molestiae. Doloremque quos officia vel et cumque amet doloribus.','1.01','6','2019-09-15 11:46:28','2011-05-04 07:37:57','1'),
('258','quo','Est id excepturi aut dolorum. Velit ut nihil pariatur quidem sed fugiat quo. Culpa veritatis dolor doloribus rerum. Fugit ut hic facilis vel aut minima.','1534.45','7','1991-09-15 03:10:52','1974-12-17 23:52:05','1'),
('259','non','Doloribus nihil ipsam iure est. Possimus et sint blanditiis vero. Voluptas exercitationem qui illum consequatur sequi id sit.','43644525.80','1','2003-07-14 08:37:23','2018-09-29 14:53:19','1'),
('260','aliquid','Reprehenderit nisi et autem. Quaerat illo et enim quia ut qui. Ipsum harum inventore numquam omnis sequi.','2800.39','9','1984-07-06 05:59:50','1997-09-15 08:03:44','1'),
('261','atque','Blanditiis natus est recusandae doloremque facere consequuntur nihil. Quae dignissimos maxime perferendis quia. Omnis molestiae vitae in voluptatibus sed culpa.','78.14','4','2002-07-06 10:06:41','1987-05-22 12:24:04','1'),
('262','culpa','Suscipit et aut sunt accusantium. Qui commodi ab beatae nesciunt praesentium. Rem aspernatur aliquam quia. Ipsa eaque qui cum repudiandae iste ea.','3758744.95','2','1995-05-02 00:04:59','2017-07-22 23:24:31','1'),
('263','quae','Molestias et velit velit fugiat maxime. Odio veritatis nihil est dolores architecto. Qui rerum enim et asperiores deleniti quibusdam nostrum.','577265043.09','5','1995-06-08 21:16:33','2019-04-22 10:37:55','1'),
('264','consequatur','Ipsam consequatur hic sit excepturi eum unde. Quaerat ab tempore sunt ut iure esse cum consequatur.','5379666.00','1','1985-08-19 22:48:22','1985-12-10 09:38:45','1'),
('265','corrupti','Sit eaque facere commodi quod non ea qui unde. Ipsam deleniti quisquam odit quia molestias natus et. Quod numquam dicta et dignissimos. Odit rerum quia quia ut.','32702073.75','2','2004-06-12 14:33:17','1994-11-06 04:42:47','0'),
('266','deleniti','Velit a voluptatum vel in. Animi reiciendis fugit ut quos ut quae reiciendis. Ut voluptas qui eum ea nulla et et. Nisi rem dolor in explicabo rem qui nulla.','1.64','7','1976-02-26 08:22:55','1990-06-14 19:48:54','0'),
('267','sed','Occaecati quia sit ea praesentium. Est nam perferendis aperiam. Aliquam non omnis et quasi voluptas quos doloremque.','36544285.00','7','1995-04-10 03:01:06','1991-10-02 16:18:32','1'),
('268','quis','Dolores cumque itaque similique ut quos corrupti. Aliquam dolorum consequuntur id sit enim.','3917889.98','9','1998-11-06 04:09:50','1980-07-26 06:53:18','1'),
('269','perferendis','Inventore accusantium magnam esse illo. Harum voluptas occaecati rem illum et. Vitae voluptatem eveniet voluptatem quos et ipsa officia voluptatum. Accusamus ducimus delectus at fuga dignissimos.','33.20','5','1992-04-06 12:56:03','2010-04-19 14:33:07','1'),
('270','sunt','Possimus aut laudantium aut ut sunt harum. Ex explicabo ducimus et accusamus ea. Reiciendis voluptatem voluptate quasi ut dicta. Quis consequatur occaecati nisi labore deleniti minima.','0.00','3','1977-08-05 07:02:01','2010-04-17 10:55:53','1'),
('271','odit','Harum consectetur recusandae qui sint id culpa explicabo. Rerum aut error tenetur et dolores. Rem quibusdam provident porro sed tenetur. Voluptas a quos necessitatibus sed porro et.','3.04','6','1990-10-21 06:57:09','1971-03-23 17:29:48','1'),
('272','necessitatibus','Atque dolores aut corrupti. A quibusdam ea dicta fuga. Consequatur consequatur animi quasi sint sunt similique cupiditate. Quia itaque quo velit rerum rem.','27339381.77','3','1977-03-11 09:45:38','1987-04-05 09:16:24','1'),
('273','quidem','Quia delectus sint sit aut voluptas. Praesentium harum nostrum eum saepe alias nemo eum. Temporibus corporis non corporis et a quidem sint numquam. Odit soluta eos aut.','160.61','6','1987-10-16 18:26:03','2008-02-20 23:12:52','1'),
('274','odio','Aut dolorum delectus dolores enim est id. Velit consectetur dolores illo magnam voluptatibus quam pariatur. Provident quo deserunt sint rem ut voluptates maxime.','3042.39','3','1984-01-29 11:30:55','1987-05-17 21:49:23','1'),
('275','non','Vitae omnis iure sint quam deleniti debitis cum. Molestiae reprehenderit eligendi quibusdam sunt perferendis. Non alias omnis quis est deserunt ea molestiae delectus.','5298700.99','7','1989-03-06 03:58:14','2011-07-31 11:42:51','1'),
('276','aliquid','Consequuntur nemo repudiandae et cumque quam. Minus et inventore libero quibusdam. Quod quisquam magnam repudiandae aliquam et. Aut possimus quo harum ullam.','960655.89','9','2010-08-27 06:15:19','2003-11-26 05:12:51','0'),
('277','ipsa','Ut unde neque beatae. Tempora ut ea nesciunt nisi. Sunt explicabo est quia deleniti laboriosam. Sit nihil tempore aut unde autem architecto voluptas.','1403.40','2','2019-10-12 13:15:05','2006-03-02 10:24:02','1'),
('278','fugiat','Similique consequuntur aspernatur consequuntur. Magnam voluptatem quod mollitia. Et adipisci molestiae aut quasi.','20016.20','4','2018-08-20 19:36:18','1987-01-14 08:25:07','1'),
('279','dolor','Beatae adipisci accusantium ut et perferendis. Officia quidem qui fugiat est est iure et.','0.00','10','2017-11-15 00:28:18','2014-12-03 16:20:48','1'),
('280','amet','Qui repellat fugit ea occaecati quod. Est inventore quo asperiores nam cum adipisci minus. Et optio quos labore earum sed. Eligendi ipsum distinctio facilis commodi.','141259.32','2','1979-07-01 14:54:53','1998-11-01 18:35:55','1'),
('281','dolor','Cum dignissimos quod dolorem aspernatur totam. Eum saepe rerum sed rerum voluptatem laudantium ut. Est ducimus consequatur eos enim quae error.','428682000.71','2','2013-09-14 17:07:59','1990-10-14 23:18:36','1'),
('282','hic','Rem ut quo nemo vero. Omnis et nobis est est sint fuga. Nam impedit ut alias iste totam aut facilis aut. Id quos vel odit inventore rerum rerum. Porro dolorum vitae et a.','20652524.67','4','1973-04-21 02:29:02','2003-03-29 02:27:30','1'),
('283','voluptatem','Voluptatum voluptas tempora vitae voluptatibus facilis officia vitae. Dolores est maiores maiores doloremque modi. Sed sint amet facilis dolorum nisi id. Ab aut magnam ea occaecati.','198.56','8','2010-11-26 19:09:16','2013-09-12 14:40:58','1'),
('284','voluptas','Corrupti saepe nesciunt blanditiis sit. Perspiciatis nemo consectetur non ut eligendi. Nam occaecati voluptatem voluptatem amet qui laborum eligendi.','39.20','2','1979-12-20 21:36:42','1998-11-06 15:14:08','1'),
('285','sed','Ab iusto earum consequatur aliquid quaerat. Deserunt rem beatae debitis omnis. Quas iure possimus minus earum non.','0.53','7','1995-02-20 23:48:25','1987-09-29 17:19:30','1'),
('286','enim','Ea dolorem corporis unde error molestiae consequatur quis et. Magni quibusdam sed ducimus deserunt nam aliquid delectus. Voluptas non in provident porro dicta dolore provident cupiditate.','0.00','5','2014-09-16 10:44:39','2008-04-13 21:13:23','1'),
('287','corporis','Eveniet quo sunt consectetur. Ipsa occaecati quibusdam qui natus reiciendis nobis nihil. Quasi porro et maxime veniam aliquid sint mollitia.','65188860.00','9','1979-09-29 12:57:45','1974-01-03 15:50:34','1'),
('288','eos','Dicta animi sint distinctio voluptas impedit eaque. Molestiae repellendus cupiditate quia autem rem. Explicabo quaerat enim labore voluptatem sapiente. Voluptatem iste sunt labore quo.','5256.41','2','2015-07-29 18:58:53','1994-08-13 01:34:09','1'),
('289','quo','Sint nesciunt nisi illum aspernatur eligendi ut. Quis aperiam fugiat tempora repellat. Commodi dolor aut ea enim ullam sed.','816009.60','1','1994-01-06 21:57:21','1973-05-18 14:37:44','1'),
('290','qui','Earum ea possimus ducimus occaecati et illo aspernatur. Nihil voluptates non nostrum voluptatum qui quia nesciunt rem. At recusandae minima ex ut placeat.','44493.40','9','1997-02-17 10:30:17','2015-10-11 03:01:33','1'),
('291','quod','A non voluptatem beatae sit aperiam id et. Quae corrupti reiciendis nisi veritatis unde laboriosam est eum. Enim et maxime quidem voluptatibus. Harum nulla et voluptas molestias vero.','43256263.00','1','1976-11-06 11:30:59','1972-06-26 12:43:16','1'),
('292','possimus','Ut delectus numquam ipsam officia eos at ea. Corporis cupiditate vero autem ratione et maxime. Qui eligendi iusto aut enim delectus expedita. Reprehenderit molestias eligendi facere sed sit eveniet.','9470318.49','5','2014-03-26 03:59:14','1991-06-24 11:35:36','0'),
('293','et','Molestias quas dolorem sed est officiis voluptas qui. Est odit et architecto ut quia blanditiis quae qui. Voluptas explicabo qui repellendus ab.','0.00','10','1978-05-28 09:41:15','2003-07-25 06:07:40','1'),
('294','sed','Vel accusamus atque illo sint in et unde. Temporibus sequi dignissimos itaque corrupti. Recusandae maxime iste consequatur et est laudantium. Et cupiditate veritatis est commodi et reprehenderit sit.','302274.18','5','2019-12-27 15:12:51','1975-11-24 22:39:13','1'),
('295','eum','Non aspernatur aut praesentium dicta. Aut ut voluptatem dolores quisquam voluptas nostrum voluptas assumenda. Voluptates commodi accusamus consectetur deleniti veniam aspernatur cum.','0.00','6','2000-05-02 05:45:50','1983-01-04 08:26:18','1'),
('296','vel','Earum voluptate ut totam dolorem qui et in. Officiis enim aut sint rerum omnis facilis. Id sint at voluptatem.','23906461.89','2','1980-01-22 20:21:58','1978-03-02 18:26:22','0'),
('297','minus','Sint impedit esse fugit tenetur qui dignissimos voluptate. Nulla cupiditate amet ipsa iste laborum eum. Rerum illo voluptatem velit nihil.','36573.70','2','1980-05-14 16:41:27','2018-08-07 05:38:25','1'),
('298','cupiditate','Voluptates rerum voluptatum nostrum rerum vitae. Necessitatibus eius qui et ipsa. Officiis voluptatem consequatur et rerum voluptatem.','77.73','3','1991-02-12 13:17:41','1973-04-10 12:08:11','1'),
('299','accusantium','Debitis quo nobis laudantium blanditiis rerum et pariatur. Eligendi non eius iure odio amet. Commodi impedit quos neque aliquid repellat quos quas praesentium.','188694.03','10','1972-06-21 10:06:39','1984-08-04 18:56:18','0'),
('300','aspernatur','Placeat iusto non commodi voluptas commodi ipsa reprehenderit. Dolores incidunt id iste sed eius dolor aut velit. Molestiae veritatis ut officiis aut.','922231.75','6','1998-10-04 21:45:48','2015-08-14 15:42:42','1'),
('301','inventore','Repellat praesentium esse quo beatae et ea odio adipisci. Voluptas ipsum culpa qui nihil vel consequatur vel. Doloremque omnis est nihil suscipit maxime explicabo repellendus assumenda.','117.36','5','2001-07-02 07:15:45','2014-12-13 20:57:45','1'),
('302','hic','Delectus est corporis assumenda. Quae sunt beatae est voluptates et occaecati. Aperiam similique vel aut vel. Tenetur sit blanditiis dignissimos.','0.07','5','1992-06-22 18:23:59','1970-08-24 07:47:05','1'),
('303','doloribus','Tenetur numquam qui fugiat quibusdam vero. Corporis dicta voluptas nulla itaque praesentium rerum.\nAnimi consequatur pariatur rerum voluptas molestiae. Tempore consectetur et iusto alias.','272614.00','9','1981-06-28 15:31:53','2005-07-06 20:29:13','1'),
('304','voluptatem','Asperiores facere assumenda impedit et. Voluptas vitae nam odio quis consectetur sint est nostrum. Quia consectetur ipsam voluptate optio sunt blanditiis ut.','13614766.14','1','1972-04-09 00:02:51','1988-06-11 16:50:01','1'),
('305','est','Saepe ut saepe vel et nihil. Voluptas vitae et repudiandae blanditiis quaerat sint. Voluptatem voluptatem voluptatem sit facilis illum perferendis. Eum reiciendis ipsam sit dicta.','73.63','7','1987-05-15 01:12:41','2016-11-05 00:08:02','1'),
('306','occaecati','Quia possimus aut corporis atque quo. Beatae aperiam eveniet nihil laborum. Dolorem unde suscipit ea non beatae enim eos quo. Nihil tenetur deleniti aut aliquam vel hic.','71.61','6','1988-08-24 00:16:22','2000-12-07 08:38:22','1'),
('307','rerum','Qui qui ullam atque est ipsa deserunt corrupti. Cupiditate cum distinctio magnam et. Dignissimos vitae occaecati hic voluptas. Est ducimus numquam maxime odio recusandae neque cupiditate.','33590995.39','9','1973-12-06 04:33:06','1975-12-28 23:59:10','1'),
('308','laboriosam','Voluptas autem sit velit eos. Ex quasi quidem ut ut. Iste eum corporis consequatur tenetur nisi eos. Temporibus rerum id consequatur nam dignissimos optio.','7240273.22','9','2011-03-28 03:46:55','1982-02-20 16:25:13','1'),
('309','provident','Qui sit non deleniti. Sed eum esse ut sunt. Rem id praesentium eius cumque labore consequatur sint ab. Autem rem ut id aut adipisci omnis.','4.96','9','2010-10-21 22:42:02','2014-06-25 10:36:53','1'),
('310','quos','Sed veritatis commodi est distinctio beatae quaerat amet tempora. Cupiditate voluptatem et libero voluptatem. Eligendi perspiciatis explicabo voluptas.','4961.80','8','2003-11-07 00:10:12','1987-12-12 19:59:54','1'),
('311','repellendus','Nobis omnis qui nihil est suscipit quas debitis nam. Est esse corporis molestiae quas ex quasi consequatur. Architecto est ut deleniti in.','0.00','10','2003-03-18 04:01:50','2015-04-17 04:07:39','1'),
('312','ducimus','Temporibus incidunt iure sed eum est consequatur doloribus cumque. Rerum perspiciatis odit impedit optio. Quis sit accusamus velit repellendus et sit.','17800248.14','1','1988-02-08 00:31:40','2014-09-13 14:42:39','1'),
('313','nemo','Velit vel assumenda aut. Delectus praesentium voluptate illo error ab facere. Sit quas rerum aut. Et autem quod neque velit.','0.00','1','1998-01-04 04:55:42','1998-02-26 14:56:56','1'),
('314','optio','Voluptas placeat sint iste nemo nostrum. Dolor totam aspernatur libero et dolorem a saepe. Accusamus dolor voluptatem est nam excepturi. Et eum qui molestiae.','2820154.93','7','2009-09-14 06:50:42','2014-05-29 03:00:16','1'),
('315','alias','Voluptatum et explicabo dolores est et. Molestiae consequuntur aperiam et doloremque voluptate sit quia.','2.91','2','2014-11-04 03:33:44','1985-11-27 16:45:39','1'),
('316','ut','Voluptatem laborum amet ut mollitia blanditiis. Eligendi nostrum aut officia architecto ut necessitatibus quam. Saepe eum cum deleniti aliquam veniam.','0.00','7','2000-12-21 12:37:55','1987-04-01 11:22:53','1'),
('317','commodi','Aliquid quia sunt qui quis a. Qui quis itaque recusandae quam dolor. Ad fugiat asperiores id dolorem id et. Totam ut voluptatibus sit ipsam error autem.','8035.54','1','1975-06-15 05:14:17','2013-05-14 09:00:29','1'),
('318','eos','Tenetur quasi aperiam quia ab voluptatum ipsum facilis. Vel magni culpa harum est vel. Ut dolores saepe aut repudiandae eos.','418.97','10','2007-12-24 04:03:43','2003-08-19 01:36:14','1'),
('319','itaque','Ipsum ut ut architecto fuga qui est maxime itaque. Maxime illum veniam sapiente officiis velit quaerat facilis quisquam. Cumque sit aut totam quia sint quisquam.','182085511.87','9','1999-05-23 09:06:24','1976-07-23 08:45:44','1'),
('320','reiciendis','Fugiat quia qui dolores repudiandae quae quis quia aut. Eos ratione dolores at ut et aspernatur minus. Nulla qui quibusdam sit vero.','21440.32','2','2005-11-20 09:03:34','2007-11-19 22:09:09','1'),
('321','molestiae','Voluptatem excepturi quia nihil officiis. Ut est et magni amet sunt.','2.07','9','1971-09-22 16:35:38','2000-06-18 15:43:58','1'),
('322','eveniet','Qui facere perferendis laborum aut temporibus modi maxime. Ab omnis ab iusto non totam. Sit ut repudiandae ipsum nihil distinctio quod. Amet culpa qui voluptatem aliquam quia repellat quod.','602147477.44','9','2017-01-01 07:39:21','1973-09-20 10:23:02','1'),
('323','aut','Nulla eaque dolores occaecati. Aut deleniti id officiis pariatur. Dicta fugiat aut eius ex fuga tempora eum quo. Explicabo rerum facere similique nemo voluptatem.','109345.93','7','1984-05-04 12:31:48','1987-03-31 22:34:16','0'),
('324','sunt','Ratione placeat et sed consequatur voluptates. Est dolorum rerum est consequuntur facilis explicabo in consequatur. Dignissimos voluptas assumenda beatae quisquam deserunt.','108402.00','9','1992-09-26 18:22:33','2017-05-30 07:05:37','1'),
('325','corrupti','Ut perferendis officia dolor veritatis. Et veritatis repellat cumque qui commodi ut. Quaerat voluptatibus exercitationem ut nihil.','100.80','4','2004-12-27 03:59:09','2013-09-28 09:39:48','0'),
('326','incidunt','Est magni quo dolorem aut. Velit illo a sunt. Possimus nulla nostrum non.\nSed non rerum exercitationem. Error qui quae nisi quisquam enim vel vero.','5581169.13','3','2007-10-10 23:05:13','2005-08-16 09:33:30','1'),
('327','dolor','In quia ex et est sed ratione. Voluptatem omnis perspiciatis ut assumenda. Qui rerum officia nihil consequatur earum.','18.06','10','2017-09-04 00:23:56','1975-08-27 18:44:01','0'),
('328','impedit','Quam voluptas asperiores et minima velit officia qui. Aut labore fuga eligendi sit culpa ea voluptatum. Qui molestias eveniet laboriosam vero et et. Voluptatem nostrum cumque cum rerum culpa.','60866828.37','6','1982-02-23 12:24:57','1984-03-30 15:00:46','1'),
('329','quasi','Rerum voluptas autem rerum quis doloremque qui quo. Qui ad labore ea aperiam. Nostrum consectetur consequatur ut qui dolorum magnam.','79.45','5','2016-12-17 22:40:11','2010-10-29 05:14:28','0'),
('330','quis','Qui non voluptatem autem omnis maxime totam dolorem. Quisquam rerum sed aspernatur labore ex ut.\nAutem neque quo voluptatum porro. Sapiente soluta unde culpa voluptatem. Nihil et voluptate sit.','75442.61','9','1991-04-05 11:10:04','1980-11-23 04:10:04','1'),
('331','aut','Quod laborum aspernatur deleniti. Corrupti similique voluptate earum sint eligendi. Est non architecto quia qui.','28904096.00','1','2001-02-08 04:50:33','2010-12-06 19:15:51','1'),
('332','qui','Blanditiis sit et rerum non non vel. Sit distinctio vitae sed voluptatum est. Magnam vero maiores voluptatem quis aperiam. Ab pariatur asperiores eius reiciendis.','95296.85','10','2019-08-18 22:13:41','1988-04-06 09:28:04','1'),
('333','tempore','Velit molestiae minima sint quos. Maiores quia reiciendis deserunt aut dolorum natus.','16.49','4','1989-01-15 04:58:13','1971-01-13 12:33:58','1'),
('334','cum','Aut eius voluptatem omnis non praesentium incidunt debitis. Sit in aliquid aliquam eius. Nam sed consequatur nesciunt ea dolorem. Quae commodi iure voluptatem.','2397.52','9','1982-02-23 05:13:11','1990-11-21 23:32:56','1'),
('335','reprehenderit','Sunt ut mollitia est iure est molestiae. Repellat repudiandae velit maxime ut dicta aspernatur vel deserunt. Saepe nisi non veritatis molestiae. Voluptas cumque eius modi maxime ut blanditiis.','536023.00','10','2019-10-09 15:53:07','2017-09-30 11:01:00','1'),
('336','consequatur','Dolore vel ex qui. Ut corrupti saepe vel eligendi officiis impedit. Exercitationem eligendi aut error in ducimus cumque. Temporibus eum accusantium itaque necessitatibus voluptatem rerum vero vitae.','0.00','10','1979-08-19 15:03:07','1982-06-08 16:58:52','0'),
('337','voluptatem','Sint inventore incidunt ipsum et corporis adipisci aut. Nihil odit dolorem voluptates quidem. Cum perspiciatis alias natus et deleniti quisquam quia. Quo officiis natus non commodi quia.','47537.90','5','1996-06-04 17:52:24','1974-01-23 23:49:11','1'),
('338','voluptate','In provident ducimus consequatur eos dolores itaque. Minima dolore molestiae et tempore aut. Libero dicta qui veritatis.','637.49','8','2006-05-21 21:08:16','1973-11-12 09:32:29','1'),
('339','voluptas','Quaerat adipisci maiores perferendis ut rerum et quia eaque. Sapiente dolor voluptatibus occaecati ut ullam saepe laboriosam. Minima et sequi maiores quia.','8100441.28','9','1972-07-26 01:27:38','2011-05-01 06:02:47','1'),
('340','eos','Consequatur in unde placeat tenetur consectetur ducimus rerum. Blanditiis maxime temporibus ipsa aspernatur aut recusandae. Corrupti molestiae quam ut porro laborum quae consectetur.','375409172.41','3','2010-11-07 21:22:19','1972-05-17 19:23:14','1'),
('341','autem','Et aut rerum neque voluptas eos porro officiis. Aperiam porro sit suscipit cumque sed. Repudiandae voluptatem voluptas vel iusto quia quasi accusantium.','4805.76','5','1994-04-27 00:05:40','1996-11-18 10:47:58','1'),
('342','voluptatem','Molestiae est quia blanditiis autem. Laboriosam ex quos architecto saepe qui. Numquam non harum aut sit accusantium quos sapiente. Soluta fuga tempore est sunt a dignissimos ea iure.','389518.56','8','2009-12-31 00:34:21','2015-04-16 19:43:51','1'),
('343','harum','Mollitia pariatur eos aut qui voluptates doloremque consectetur. Consequatur minima quam consequatur exercitationem reprehenderit.','1196.25','3','1972-06-20 22:13:38','2001-12-30 08:04:54','1'),
('344','tempore','Eius quisquam et sint. Voluptatem quia quod aut. Sed eum minus et sequi ut vitae tempora. Quidem consequatur voluptates sit libero.','2840.79','6','1994-08-20 15:40:05','1972-09-19 12:59:53','1'),
('345','ut','Placeat inventore quia labore voluptas beatae. Quibusdam quos animi qui velit enim et aliquam. Repudiandae est accusamus eum ducimus. Odio et voluptas sint ratione.','2.43','5','1976-01-11 06:33:18','1999-12-01 21:42:37','1'),
('346','mollitia','Id voluptatem et ducimus officia et quo praesentium. Nam nihil voluptatem autem ad corrupti consequuntur. Repudiandae assumenda at maiores consequatur modi debitis.','9.27','5','1982-06-04 16:44:45','2018-07-16 06:18:55','0'),
('347','dignissimos','Cum ut vero omnis est. Sunt provident minima et eius rerum accusamus. Ab reiciendis reiciendis repudiandae voluptatem. Minima eos hic consequuntur. Et accusantium nihil porro vero minus iusto.','1.73','2','1995-09-04 13:36:31','2013-12-22 11:07:50','1'),
('348','quibusdam','Totam dicta quibusdam modi et quam. Omnis nostrum veniam est vitae. Pariatur aliquam hic veritatis laboriosam labore. Molestiae sed vero quasi excepturi laudantium corrupti.','4841256.00','6','2006-10-12 09:31:59','1978-06-11 12:16:15','1'),
('349','ipsum','Explicabo necessitatibus a totam natus. Sint occaecati eligendi sint natus odit ut. Quas nostrum soluta incidunt eum.','203259.53','4','1989-11-25 18:37:58','1975-06-08 03:43:11','1'),
('350','reiciendis','Voluptas necessitatibus consequatur doloremque non quis. Quia voluptatem quae et ea minus expedita. Et nobis officia labore veritatis omnis exercitationem unde.','23448.13','1','2013-04-17 01:41:25','2016-09-27 07:50:20','1'),
('351','ullam','Reiciendis dolorem aut deserunt. In fugiat iusto error ea rem. Hic incidunt ad id nam. Laudantium tempora id rerum perferendis.\nIn autem eum magnam vitae ipsa minus. Rerum fuga aut sit.','946.20','8','1977-09-08 20:40:53','2004-11-10 07:54:33','1'),
('352','quia','Libero molestiae ut rerum et non ut eius. Aut facilis ex quaerat est fugit molestias doloremque. Optio expedita fugiat suscipit dolores esse.','3.20','3','2015-08-18 17:28:31','1973-09-08 03:07:50','1'),
('353','ab','Ea eos enim est veniam consequuntur tenetur. Et rerum velit omnis doloribus. Ut totam perspiciatis laudantium est quae voluptas expedita. Sed quibusdam ut error quam sit sed.','6.00','10','2001-01-23 13:20:20','1985-08-25 03:52:19','1'),
('354','dolore','Voluptatibus soluta nam aliquid. Quod et tempore nostrum harum quas tempore. Atque in laborum sit magnam et.','2336.19','5','2014-09-20 10:47:06','2008-09-20 17:17:04','1'),
('355','sequi','Nemo asperiores omnis expedita fugit. Libero et molestiae id adipisci quia quis id ipsam. Quis ullam eos voluptatem quis. A excepturi et ut perspiciatis.','3166697.00','1','1970-10-14 10:19:46','1998-07-30 19:22:18','1'),
('356','assumenda','Cum cupiditate eos ut enim magni. Dolor et voluptas non quod soluta sequi.','52537.86','4','1997-08-17 21:55:43','1983-02-13 06:50:41','1'),
('357','dignissimos','Dolore est excepturi reiciendis. Sed atque quam ipsa. Quisquam id dolorum similique deleniti assumenda est voluptate. Totam aut error non.','60.80','7','1985-11-02 11:21:34','1994-03-18 14:08:57','1'),
('358','aut','Voluptatibus ut veniam nisi consectetur quia dolorum quidem molestias. Voluptatem quo quasi voluptatem dolorum. Explicabo in sed et officiis cum. Suscipit natus ea quasi.','10014.00','10','1983-11-24 00:53:24','1985-04-16 00:57:04','1'),
('359','exercitationem','In sed quis facere unde ducimus doloribus in iste. Eos voluptatem pariatur quos atque harum iure culpa blanditiis. Qui eos assumenda qui error.','32010468.42','9','2014-04-17 15:20:35','2014-10-16 11:20:31','1'),
('360','sapiente','Commodi velit vitae dicta accusantium doloremque. Aut illo laborum quidem nam excepturi beatae.','0.00','2','1992-08-08 11:19:26','1982-11-08 10:54:12','1'),
('361','quidem','Recusandae aut dicta similique. Quasi officiis qui quia accusantium enim et delectus.','487368685.31','8','2006-01-17 02:09:32','1998-08-09 20:45:03','1'),
('362','debitis','Maxime repudiandae et ut est nesciunt voluptas quisquam. Iste culpa dolorem ex aut.','657.51','9','1997-09-30 07:58:23','2005-05-04 08:19:07','1'),
('363','asperiores','Dolor incidunt voluptas eveniet error eum amet. Fugiat dignissimos at consectetur minima facilis. Quis cum voluptatem fugiat nisi officia odio.','0.00','1','1993-08-22 17:11:47','2009-01-14 17:36:51','1'),
('364','ut','Voluptas vel eos recusandae officia nam vel. Dolores molestias id non ut dolor. Ea ipsam ea sed qui. Aut sapiente id pariatur nostrum architecto est.','24.61','1','1970-10-04 16:33:53','1996-11-26 18:42:04','1'),
('365','quaerat','Velit modi eum ipsam consequuntur iusto est. Unde itaque iure nulla ut. Perspiciatis cumque aut non repudiandae ut deleniti. Est sequi aut distinctio sunt.','447567352.90','8','2007-01-22 03:59:46','1992-08-16 15:46:28','1'),
('366','cum','Sunt voluptatem ipsa qui est ut nostrum. Porro possimus molestias fugit quos. Cupiditate qui id facere voluptas possimus ea quis.','6448665.00','10','2014-07-19 01:31:26','2017-12-07 05:00:58','1'),
('367','autem','Quis numquam autem necessitatibus consequatur tempore voluptatem. Cum amet quis aut dolor. Nihil ut at et. Est eos ea molestiae et exercitationem sequi.','7684.77','1','1980-10-09 14:17:33','1989-05-09 08:19:31','1'),
('368','illum','Temporibus saepe quae occaecati vel. Iusto nam necessitatibus id blanditiis. Molestiae eaque eligendi voluptatem perferendis esse. Eum incidunt optio autem sequi in accusamus iste.','16931.07','2','1988-11-07 00:41:34','1993-03-10 21:16:45','1'),
('369','dolorem','Suscipit maiores alias ut voluptates et. Ipsum aliquid perspiciatis minima deserunt id. Iure autem consequatur ullam commodi. Nobis nihil dolorem iure sed quaerat dolores et.','1894117.28','7','1985-06-11 03:05:48','1971-07-24 19:28:25','1'),
('370','et','Est autem voluptatem natus dolorem non dolores qui. Delectus doloribus incidunt soluta illum impedit exercitationem. Id est magnam voluptas accusantium suscipit labore.','9961500.99','10','1989-01-15 12:50:31','2019-04-27 14:34:50','1'),
('371','maxime','Adipisci doloribus mollitia accusantium libero iste. Voluptas voluptas totam voluptatum quis.','1118.40','5','1981-11-29 08:07:38','1981-11-21 15:45:03','1'),
('372','sit','Delectus hic deserunt molestiae in aut excepturi. Voluptas nihil nostrum laboriosam ab dolorem. Quidem laudantium sed eum et.','1009.71','2','1987-04-27 15:33:37','1991-03-09 04:40:40','0'),
('373','deleniti','Delectus labore ea autem non ut maiores explicabo. Sed non ut ducimus qui et. Nemo omnis dolorem tenetur rerum quidem animi suscipit. Dolor cum rerum sed quidem assumenda molestias.','0.00','7','1999-06-25 11:38:35','1996-12-13 00:36:04','1'),
('374','doloribus','Iusto totam quia aut dicta. Iste enim aspernatur numquam vitae in reprehenderit impedit expedita.','7.00','8','2012-08-14 21:28:21','2003-09-20 18:28:48','1'),
('375','consequatur','Neque necessitatibus repellat omnis. Numquam nesciunt labore quos at qui est aliquid. Dicta vero in sit.','60477.21','7','2008-06-20 05:43:52','1973-02-11 00:06:06','0'),
('376','dolor','Veritatis consequatur ea enim enim omnis nemo. Rerum dolor iure molestiae.','432076.26','2','2010-07-19 20:33:31','2012-04-23 18:39:14','0'),
('377','voluptas','Qui quo temporibus sunt explicabo perferendis. Culpa et eos asperiores iusto. Odio doloribus ex sequi rerum accusantium culpa et.','278904.13','2','1991-10-09 18:10:08','1977-10-03 09:36:27','1'),
('378','aliquam','Nihil minima ea dicta voluptate. Minima laudantium est sit molestias consequatur qui. Aut voluptatibus tenetur aut. Itaque quo velit voluptates quidem quos cupiditate.','8379249.83','9','2005-09-10 17:54:36','1989-09-06 10:03:47','1'),
('379','nam','Sit voluptas assumenda iste odio. Reiciendis perspiciatis quasi repudiandae iste aut officia perferendis. Rerum ab illo quia voluptatum beatae voluptatem amet.','5.87','8','1972-11-11 15:47:19','1991-10-27 15:07:30','1'),
('380','sapiente','Vitae similique eaque ut accusantium. Molestiae incidunt consequatur velit ipsum sit aut suscipit. Dolorem aut hic saepe voluptatem. Voluptatibus qui facilis deserunt et omnis.','2.01','5','2009-02-16 18:57:07','1990-09-12 23:15:03','1'),
('381','eum','Sit sit commodi quia ut. Blanditiis voluptatibus et aperiam voluptate aut ut officiis. Suscipit quisquam dolorem placeat eum.','0.00','9','2013-01-17 07:58:30','1976-06-16 04:06:57','1'),
('382','ipsum','Et porro voluptatem provident et reprehenderit reiciendis. Architecto omnis esse assumenda minima omnis eius. Numquam nesciunt a ea nihil. Assumenda nam saepe natus neque eveniet dolor.','781390125.00','5','2006-11-22 22:52:18','1996-04-24 00:12:52','1'),
('383','voluptatem','Quo et dolorem consequuntur voluptas reiciendis quam eaque ad. Cupiditate explicabo possimus aperiam quia. Delectus est aut nesciunt error.','0.00','8','1992-02-10 05:08:59','1975-06-07 12:55:48','1'),
('384','tempore','Corrupti dolores sunt perferendis repudiandae omnis doloremque similique. Quasi ea dolor quos delectus quo. Porro atque consequatur rerum qui.','169479.98','9','2018-12-23 13:45:33','2013-01-09 18:27:28','1'),
('385','assumenda','Illum eveniet quod et expedita. Explicabo sapiente adipisci doloremque quibusdam dolor beatae laborum. Et excepturi aut facilis fugit quos. Id magni dolores maiores eius est autem ut.','8811.04','9','1999-04-25 05:37:56','1992-09-21 16:33:01','1'),
('386','sint','Excepturi dolorum porro et. Sapiente corrupti qui ut accusamus ullam molestias. Dolor iure voluptatem voluptates totam et quia quam.','0.35','8','2004-06-07 16:34:10','1981-06-21 07:08:09','1'),
('387','sed','Aut quo omnis cum atque quae. Atque et dicta soluta. Est aliquam eos odio aut maxime quia tenetur in. Rerum eum suscipit aut est.','6.03','2','1994-02-21 02:41:34','1971-12-12 21:33:47','1'),
('388','aut','Velit cumque odio ex omnis nemo rerum dignissimos voluptatem. Illum qui vitae aspernatur voluptas maxime porro. Quod nesciunt placeat voluptatem odio sit sint. Aliquid distinctio occaecati at ut.','46.05','6','2003-08-11 17:21:12','2016-04-26 23:08:31','1'),
('389','est','Molestiae molestiae minus non assumenda iste omnis et. Qui illo error mollitia quibusdam nesciunt. Quia est quia cum et non.','292.97','7','1981-07-30 08:58:28','2006-08-19 23:58:21','1'),
('390','delectus','Nostrum quaerat cumque eveniet pariatur ullam voluptatem. Vero sit explicabo veniam ducimus. Voluptatum nesciunt nobis praesentium aperiam aut id perspiciatis.','6.56','10','1973-06-28 06:05:11','2013-06-11 22:52:24','0'),
('391','voluptas','Molestiae enim enim aut enim. Quibusdam perspiciatis est fugiat asperiores vero qui corporis saepe. Ea exercitationem porro doloribus fugit libero ut.','4813764.46','7','2014-01-15 12:58:00','1971-05-30 11:31:44','1'),
('392','magni','Explicabo aut in qui voluptates laborum suscipit atque. Amet adipisci iure ut. Eos voluptatum assumenda sed voluptate vel. Et ut reiciendis provident vitae labore perferendis consequatur.','563.98','5','1984-09-08 12:51:04','2003-06-22 23:22:48','1'),
('393','similique','Eius ipsum magni non pariatur iste. Sint consequatur pariatur consequuntur atque iusto magni itaque.','3.12','9','1988-07-01 09:19:11','2012-12-15 10:54:59','1'),
('394','ea','Dolores ratione eveniet provident quam saepe officia et ab. Ullam est asperiores deserunt dolor sit.','651.50','8','1981-03-02 07:51:26','2009-08-19 06:59:53','1'),
('395','et','Harum quos et sapiente atque impedit eum blanditiis. Est ipsam ullam qui omnis aliquam. Et amet voluptatem incidunt accusantium.','188179414.79','5','1990-03-30 05:50:02','1976-10-05 19:36:53','1'),
('396','aut','Explicabo consectetur rerum unde et amet. Provident possimus ut hic velit fugiat consequatur. Omnis ipsa enim voluptatem modi quaerat eligendi quae. Ipsa consequatur eius saepe eos blanditiis.','389703.49','7','2019-05-15 08:24:50','1976-12-24 15:00:27','1'),
('397','dignissimos','Accusantium unde distinctio dolore saepe. Et reiciendis sapiente aperiam. Laudantium culpa est quidem. Ut sed enim beatae sint.','0.00','7','2002-11-09 15:18:18','2017-06-04 19:55:42','1'),
('398','minus','Consequatur consectetur quis est alias quam assumenda. Dignissimos hic dolor sit illum quaerat hic. Pariatur omnis cum reiciendis odit suscipit quis dicta. Laudantium facere illum alias expedita.','0.00','6','2003-03-29 10:59:59','2013-08-04 08:29:28','1'),
('399','aliquid','Consequatur dolorem doloremque ad quod. Ut commodi a id architecto.','448650.49','9','1974-10-14 17:50:20','2009-04-27 14:09:50','1'),
('400','temporibus','Quas laudantium laboriosam cumque voluptates. Voluptates ut qui magni rerum. Dolor qui quod sint ratione totam ea aut eveniet. Suscipit quia et eum.','2922071.01','4','1996-09-24 07:19:51','1993-07-13 18:06:15','1'),
('401','reiciendis','Reiciendis tempore quo ex voluptatibus repellendus est ipsum odit. Ratione sint rerum ratione quo. Libero natus qui officiis architecto soluta eligendi.','43582.73','5','1982-09-25 18:19:05','1988-09-23 22:04:04','1'),
('402','nostrum','Iusto error voluptatem nobis laboriosam cupiditate eum voluptates fugit. Minima aut perspiciatis repellendus quae in nisi illo. Odio alias pariatur eos illum illum et.','13746.20','4','2010-02-18 14:42:42','1972-05-28 01:59:00','1'),
('403','voluptatum','Et totam ullam pariatur ducimus ea omnis qui. Rerum quos in facilis voluptatem quia debitis quasi. Officia tempore necessitatibus maiores. Vero unde iusto odio soluta debitis voluptates dignissimos.','2.65','5','2005-02-14 16:01:32','1991-03-22 21:25:38','1'),
('404','sunt','Tempora minus animi dolorem velit voluptatem similique. Ut laborum quas quia voluptas autem. Et incidunt dolorem quis sed quos unde. Vitae blanditiis harum qui porro sed tempore.','2.94','2','2011-05-14 06:30:38','1979-11-15 04:08:29','1'),
('405','ex','Voluptate aut sequi exercitationem et cum. Optio at quia assumenda quas rerum.','180493281.57','1','2006-08-04 09:09:30','1984-08-28 06:18:59','1'),
('406','cumque','Sunt quos enim pariatur pariatur est inventore. Quae suscipit quis repellendus distinctio officia. Saepe dignissimos unde est a quis modi.','467.30','2','1991-05-16 17:35:12','1984-04-18 02:38:08','1'),
('407','rerum','Alias illum tempora velit est sit. Dignissimos aut vero voluptate porro voluptas. Voluptatem nobis possimus maiores qui veniam nemo tempora consequatur. Et deleniti a quos voluptatem et dolores.','498422484.22','4','2006-11-13 14:22:01','1973-08-03 13:56:45','1'),
('408','adipisci','Fugit et voluptatum animi doloremque. Sunt nemo natus hic quis. Voluptatem sunt qui et nobis.','118.86','2','1989-06-26 11:21:01','1994-05-19 17:45:09','1'),
('409','tempora','Officiis ipsam quia aut et id. Est quia voluptas odit culpa ut et vitae. Vero atque sunt provident repellat in.','412592.01','10','2012-09-05 11:58:12','2015-11-24 04:01:11','1'),
('410','repudiandae','Consequuntur est est non occaecati sapiente eos. Quidem corrupti dolor voluptatem soluta commodi quam et. Autem eum reiciendis commodi quos mollitia. Excepturi eveniet dignissimos perferendis et ut.','5845099.00','1','2002-07-18 04:11:53','2004-11-09 01:29:29','1'),
('411','repellat','Sint sint nobis a et in. Consequatur minus voluptatibus illo est eligendi quia molestiae. Quia sunt expedita assumenda aut alias. Eos reprehenderit ipsa quo nemo et et in.','304705.39','7','2014-02-25 14:18:30','1989-02-21 03:32:32','1'),
('412','voluptas','Itaque qui ipsa sunt quidem consequatur. Nulla commodi eum ut rem maxime delectus atque. Animi aut quo fugit voluptas aut enim tenetur. Et et odio eos minima accusamus iure.','0.00','9','1971-07-23 16:37:01','2005-09-26 03:04:33','1'),
('413','est','Ad incidunt velit enim. Doloribus ipsam ullam corrupti facere ipsa voluptas placeat. Cumque reprehenderit quam amet est. Soluta ipsam qui nesciunt ut.','4.03','5','1972-11-27 02:04:54','2018-09-29 13:30:40','1'),
('414','adipisci','Maxime ipsa illo illo sit. Reiciendis dolorem in eum omnis quas. Facere dolores consectetur est molestias quos. Voluptas possimus esse doloremque sit.','25462801.64','4','1979-11-11 13:05:44','1980-06-28 18:43:15','1'),
('415','sint','Nulla repellendus minus aut est maiores. Omnis eum dolore repudiandae incidunt doloremque et facere. Rerum dicta incidunt dolor magni.','15179393.24','7','1987-08-10 18:20:54','2001-10-16 19:31:39','1'),
('416','ipsum','Quia placeat reiciendis voluptatibus quas quibusdam. Distinctio voluptatibus rem iste omnis. Ipsa quas sit et et architecto.','298441.01','4','2000-04-02 09:02:21','1987-12-16 20:47:17','0'),
('417','sequi','Placeat aliquid est corrupti non. Aperiam doloribus exercitationem itaque iste ipsam tenetur dolores ut. Vitae corrupti tempora ex accusantium earum.','49981.62','1','1990-12-28 04:02:53','2017-01-17 07:09:44','1'),
('418','praesentium','Culpa fugiat aspernatur voluptas cum. Velit veritatis quidem omnis et occaecati. Mollitia qui possimus qui.','5823276.32','9','2004-09-02 16:25:00','2003-09-22 13:23:15','1'),
('419','qui','Odit dolores distinctio explicabo et. Iste eum dolorem quia ut. Asperiores recusandae eaque reprehenderit aut ad sed placeat. Sed consectetur vero velit sapiente sit et fuga veniam.','2.04','9','2000-04-27 18:14:45','1980-10-19 08:50:54','1'),
('420','reiciendis','Quis sed iusto dignissimos nemo numquam. Sunt voluptates eos consequatur sed.','0.00','7','2016-11-15 04:42:32','1973-05-11 02:01:24','0'),
('421','quod','Laudantium et nihil maxime a. Possimus voluptates consequatur quibusdam animi. Officia non ut eveniet. Nobis doloribus voluptatem sunt assumenda fugit eos.','185380.45','9','2001-10-24 13:13:59','1981-11-21 22:28:28','1'),
('422','nam','Et suscipit officiis recusandae. Est adipisci libero et iusto aut qui dolor. Pariatur libero et est aliquid suscipit eum ut.\nQui pariatur dolore aperiam. Rerum maiores cupiditate est fuga.','64700234.60','6','1977-10-02 12:53:32','1985-12-14 04:14:39','1'),
('423','beatae','Amet expedita eum quam maxime et maxime. Iste itaque ut saepe et ipsam. Autem neque voluptate sequi in accusantium dolor.','4.61','2','1979-10-22 17:19:36','1975-01-11 16:08:33','1'),
('424','voluptatum','Laborum ut dolorem necessitatibus perspiciatis quasi dolorem non. Et doloribus quaerat illum facilis. Incidunt omnis est quisquam.','31845241.92','8','2012-06-09 01:33:09','1999-09-29 17:15:40','1'),
('425','odit','Reprehenderit aut iusto ipsam voluptatem ea iusto aut. Est dolor veritatis iusto omnis repudiandae est sed aut. Dolor dolorem sit ipsum dolorem temporibus rerum numquam incidunt.','2.09','3','1995-07-19 21:34:51','2009-03-21 11:52:52','1'),
('426','modi','Sapiente sit placeat at. Eveniet rerum ab ut animi dolores id fugiat. Esse dolores quia quia perferendis dolorem.','0.00','6','1981-11-10 15:35:01','1979-11-28 08:59:23','1'),
('427','quod','Minus aperiam officia consectetur. Magni laudantium eveniet quos incidunt. Aut nostrum incidunt dolores.','559.76','5','1983-05-13 19:20:34','2003-03-07 15:27:12','1'),
('428','ducimus','Delectus consequatur et ullam voluptatem molestias. Enim labore velit autem est libero. Et aut et excepturi temporibus veniam ut enim dolor. Voluptatem totam et est distinctio unde.','261008.55','10','1990-09-05 01:45:12','1974-09-05 16:42:59','1'),
('429','vel','Odit voluptate rerum illo dolores veniam praesentium facere. Dolores voluptatem laboriosam nihil. Iste aut eum in repellat dolorum rerum.','0.00','2','1991-08-26 12:48:29','2015-03-23 20:28:47','1'),
('430','quia','Illo voluptas dolor corrupti temporibus sunt facilis optio. Iure dolores nostrum consequuntur qui placeat quidem est. Dignissimos quos voluptates sunt dolore.','0.00','4','1971-04-13 02:18:41','1973-10-19 16:05:44','1'),
('431','aspernatur','Dolorem ut recusandae suscipit. Ullam eum rerum porro voluptas. Qui ab possimus totam ut eum.','147407.50','4','2009-05-09 13:54:19','2011-12-16 20:39:55','1'),
('432','quia','Et placeat harum veritatis officia. Aut expedita laborum assumenda quidem minus nulla. Consectetur et sunt aperiam saepe.','136.07','7','1983-01-09 12:43:37','1978-07-17 11:47:33','1'),
('433','commodi','Autem reiciendis perspiciatis ab nisi. Dicta omnis consequatur et eaque architecto aut. Architecto sequi maiores non est repudiandae.','187860.28','7','1982-12-27 04:00:16','1979-03-28 02:04:44','1'),
('434','velit','Ut libero deleniti ut perspiciatis dolor sed qui. Dicta sit aliquid veritatis qui eius dignissimos ut. Aut debitis eos ut distinctio corrupti laudantium.','16205.60','9','2007-10-23 10:27:02','1986-01-11 14:58:56','1'),
('435','ratione','Aut consequatur nesciunt eaque distinctio voluptatibus. Voluptatibus excepturi quidem eos rerum.','49911.67','9','1995-06-29 22:44:56','2011-03-26 17:20:52','1'),
('436','maiores','Vitae temporibus quia eius tempore. Accusamus doloremque ab debitis praesentium molestiae. Placeat dolorem aliquid et repellat.','402.58','7','1991-11-06 02:24:53','2000-07-02 01:06:52','1'),
('437','aut','Sunt molestiae voluptatem mollitia rem ex. Quibusdam itaque corporis ad qui. Laudantium non voluptas laboriosam fuga occaecati.','5084.44','10','2004-03-23 10:27:16','1996-04-04 15:42:27','1'),
('438','deleniti','Qui corrupti debitis explicabo ea iusto cupiditate reprehenderit. Sit velit vero optio praesentium autem sint. Repellat sunt aut dicta amet sed modi eaque.','106.95','2','1982-12-11 23:09:30','1976-02-23 00:54:12','1'),
('439','consequatur','Voluptatem minus autem harum consectetur saepe officiis cumque beatae. Ut omnis quia vel quis ipsum. A nisi deleniti vero dignissimos.','71.18','8','2014-05-15 00:03:42','2007-07-17 20:56:32','1'),
('440','consequatur','Cupiditate et provident eveniet fugiat voluptatibus quia hic. Non dolor quis aliquam beatae voluptatibus accusantium quidem. Repellendus praesentium vero et dolor.','0.00','10','1970-11-13 19:29:31','1990-04-18 08:01:30','1'),
('441','eligendi','Impedit beatae fugiat magnam ut dolorem cupiditate. Quis et quia quos. Beatae excepturi rerum et et ducimus dolorem.','207.85','2','1987-08-20 21:03:33','1999-10-26 20:14:20','1'),
('442','omnis','Eos quis totam dolores dolor provident. Beatae voluptatem quas voluptas eos sequi in molestiae vero. Iure ab omnis dolor rerum.','323.31','5','2018-04-23 06:04:51','1982-10-23 01:12:53','0'),
('443','consequatur','Fuga aut nulla quas maxime hic. Et aperiam sit earum error maiores temporibus. Iure illo ducimus cumque exercitationem cumque. Incidunt sequi dolorem nisi dolor et.','0.00','8','1987-01-10 21:22:35','1975-12-04 10:05:56','1'),
('444','maiores','Rem et accusamus fugit alias sit temporibus et eaque. Odit eum vitae vel possimus. Est similique ullam sunt repudiandae alias. Illum dolores placeat ut consectetur velit nesciunt at ut.','334.11','7','1989-07-02 15:56:47','1971-08-16 23:07:00','1'),
('445','nobis','Corrupti fuga a consectetur impedit culpa aspernatur ut. Neque voluptatem rem est consequatur. Aspernatur vel ipsam aut non modi eius modi. Esse illo sunt omnis rerum.','0.00','8','1974-09-13 14:38:07','1994-01-14 15:14:24','1'),
('446','voluptatem','Quisquam non et sed adipisci mollitia ipsam ut. Impedit ad voluptas quia quia est. Fugit totam aut ut sit dolores. Error tempore voluptas occaecati dolores ab debitis ut.','1.48','5','1992-05-03 20:31:51','1995-12-16 04:41:27','1'),
('447','voluptatem','Aut ut cum quo consectetur. Voluptatem accusantium eos quaerat voluptatem. Minus fugiat voluptas sed voluptatibus.','0.00','1','1970-11-24 17:39:15','1991-07-28 13:44:51','1'),
('448','et','Et laboriosam et sint nesciunt hic autem sunt sit. Fugiat atque ad illo velit veniam quae sint. Quis labore iusto sit quia odio ex architecto qui.','419.73','8','1974-01-09 14:29:57','2017-12-27 07:12:53','1'),
('449','qui','Recusandae fugiat et sunt. Rerum omnis qui tempora in qui debitis. Ratione ea modi rerum voluptates. Id doloremque et beatae mollitia hic iste.','9.95','4','2012-05-01 10:43:00','2009-06-28 02:36:00','1'),
('450','nobis','Eveniet libero voluptatem voluptas voluptas. Iure quos iure inventore. Dolor officiis ut repudiandae nihil vel at suscipit. Accusamus inventore quia rem voluptatem aut repudiandae ipsam debitis.','0.00','10','2019-03-20 02:46:57','1980-07-18 02:53:44','1'),
('451','explicabo','Architecto quam quis earum repudiandae. Aliquam in recusandae nihil. Eveniet et voluptas vitae quidem tempore blanditiis soluta. Quasi et dolores sit voluptates totam et.','3775432.85','5','2018-01-15 10:40:15','1974-04-24 12:08:10','1'),
('452','sunt','Ex cupiditate accusamus esse molestias. Aperiam quis quibusdam rerum quam veritatis minima provident vel. Sint eum rerum sapiente beatae.','4.46','2','1989-12-30 14:48:10','2000-03-09 20:22:30','1'),
('453','dolores','Et possimus atque qui quo architecto. Cupiditate quos et ad qui. Est velit magnam cumque delectus totam doloribus dolore. Consequatur alias culpa sint voluptas aut soluta assumenda.','0.00','5','2016-01-26 23:42:31','2011-06-28 19:20:49','1'),
('454','labore','Tempore pariatur sint ut animi totam ullam totam. Impedit sapiente voluptatibus explicabo ut vitae nesciunt.','24.25','7','1984-12-16 18:00:33','2009-08-23 14:44:33','0'),
('455','autem','Amet labore consectetur natus nisi omnis est asperiores. Asperiores laboriosam velit voluptatem vel error fugit corrupti. Unde quo molestiae voluptate animi.','2848.30','9','1983-06-16 16:43:12','1973-06-07 13:15:22','1'),
('456','incidunt','Quasi est est sint vel velit tenetur praesentium quia. Voluptatem velit eum consequatur nisi doloribus iste cupiditate. Laboriosam magnam impedit quod et animi.','308661.00','8','2007-04-18 13:10:23','1997-08-24 19:51:34','1'),
('457','repellendus','Reiciendis libero odio consequatur et. Veniam quia odit dolores labore quis aspernatur aut sit. Rem rem nihil sunt explicabo dignissimos delectus.','1367.60','2','1972-10-22 09:54:49','2000-07-22 04:33:34','1'),
('458','qui','Vero veniam voluptatibus quam incidunt eum repellendus possimus. Consectetur et vitae assumenda dicta pariatur.','1153286.94','4','1978-09-21 02:26:25','2010-07-05 10:35:43','1'),
('459','quas','Sunt culpa repudiandae necessitatibus vel ut. Reiciendis maiores vel ab qui rerum numquam.','139.50','8','1979-06-21 19:28:26','1975-07-28 18:37:36','1'),
('460','amet','Maxime esse ipsa impedit mollitia aut at iste dolor. Aspernatur rerum et reiciendis aut excepturi. Hic beatae voluptatem quos minima incidunt eos error voluptatum.','128654.82','4','2007-01-14 00:46:13','2011-03-18 13:52:56','1'),
('461','blanditiis','Minima ea ullam tempora et necessitatibus autem ab. Totam dicta eius mollitia corporis aut consequuntur. Qui perspiciatis deleniti a qui. Accusantium aut asperiores est iste sed repellendus.','28843.00','7','1996-04-20 07:33:30','2004-12-21 00:39:27','1'),
('462','cumque','Rem inventore est vel quia. Iure dolorum porro non natus ut mollitia nulla debitis. Est voluptas sed et qui quisquam maxime saepe.','2.78','2','1990-12-27 20:12:57','1984-06-12 23:41:23','1'),
('463','totam','Et et tempora dolore commodi quae error. Dolor consectetur ex ad pariatur fuga non. Dolores accusantium occaecati ducimus reiciendis.','250.15','1','2002-03-16 12:18:20','2003-03-30 12:33:51','0'),
('464','quia','Quod corrupti quae optio iure. Dolore eaque sit magnam. Aut error tempora corporis tenetur minima iusto.','542492647.09','3','2016-08-08 17:45:50','2015-01-14 11:46:29','0'),
('465','sunt','Aut ducimus aliquam dolore sed. Quae id consequatur perferendis non. Voluptatem labore ut enim cum ea id rem. Quia quasi voluptas sed molestiae incidunt est enim.','173.00','10','1990-11-27 23:38:03','1986-12-18 18:50:05','1'),
('466','laborum','Et repellendus qui nam nihil tempore. Soluta velit et et nam. Consequatur sit recusandae est consectetur sed sed voluptatibus sit.','43413259.00','9','1995-05-01 23:42:22','1996-02-21 22:52:26','1'),
('467','assumenda','Cumque inventore deleniti aspernatur voluptatem sed commodi accusantium. Quis quaerat ut quia id sed incidunt. Fuga unde autem qui. Facere sed quisquam enim est labore numquam.','0.00','9','2000-06-18 14:37:24','2019-02-01 20:13:13','1'),
('468','cum','Sit ratione et iste laborum odit consequuntur recusandae. Praesentium autem possimus sunt non. Dolores sed qui repellat nobis magnam quo blanditiis. Ut iusto sit necessitatibus natus.','273511.60','10','2019-12-29 23:26:50','1974-12-03 06:06:21','1'),
('469','consectetur','Ullam molestiae hic commodi magni incidunt nam officia. Voluptatem molestiae delectus autem tenetur. Et perferendis numquam iure sequi aut beatae. Dolor voluptatem rem et.','435783744.93','10','2015-06-21 04:55:27','1988-01-14 02:10:42','1'),
('470','expedita','Ipsa excepturi reprehenderit aut et ducimus et et. Repellendus omnis quaerat nisi. Consectetur unde asperiores excepturi est rerum.','63019046.54','7','1981-10-27 15:08:02','2006-05-26 03:05:22','1'),
('471','id','Minus est voluptatem culpa. Delectus dolorem sunt soluta ut esse architecto. Et dicta qui non perspiciatis illo culpa voluptas voluptatem.','0.00','9','1996-04-05 07:10:50','1979-12-05 21:21:39','1'),
('472','dolores','Commodi totam aut qui aut omnis debitis ipsam aut. Error sed eum maxime. Ea ratione sed voluptas ut qui animi excepturi. Reprehenderit accusantium ex qui odio dolorem.','59.66','2','2002-10-14 07:02:40','2007-10-30 18:43:42','1'),
('473','impedit','Vitae sit rem iure molestiae amet. Sed aliquam distinctio libero maiores fugiat corrupti.','2256500.00','1','2013-08-17 13:05:53','2005-06-01 20:02:30','1'),
('474','aliquam','Autem sed voluptas nisi architecto quis nihil voluptatem. Sunt odit placeat numquam illo magni. Exercitationem recusandae non in optio et. Distinctio quibusdam ratione quod.','23.90','7','1985-12-02 01:31:05','2017-03-28 21:26:25','1'),
('475','pariatur','Qui et nam ut tempora fuga molestiae. Dolorem adipisci mollitia veritatis laudantium repellat quia voluptatem qui. Voluptatem totam placeat facere. Non aperiam ut id.','15.60','9','1986-07-04 04:38:18','1981-08-25 17:52:57','1'),
('476','molestiae','Ea iste fugiat consequuntur doloribus eligendi. Eos necessitatibus cumque ut eius ea temporibus quibusdam. Aut et maxime ut voluptatem rerum nam.','13812.66','9','1998-06-04 22:36:13','1972-11-16 06:36:59','1'),
('477','omnis','Assumenda labore vel voluptas atque. Quo harum eum aliquid nobis aut odit.\nOptio et laborum voluptas aut consequatur sit. Voluptatibus ea aut rem fugiat nostrum illum quibusdam dolores.','8.20','1','1986-03-03 21:34:58','1985-11-23 16:32:48','1'),
('478','doloremque','Ipsum rerum tempora quia est iusto. Veniam fugiat corrupti laboriosam fugit. Vitae reiciendis at deserunt sint culpa quaerat.','935.64','9','2002-03-09 14:01:34','2014-08-14 00:14:08','1'),
('479','voluptatibus','Et perspiciatis vitae aliquam accusantium quas rerum. Qui totam et omnis sint quod quia accusantium et. A rerum aut natus aut. Beatae at laboriosam id placeat magni est temporibus.','529315.41','7','1996-08-27 17:04:51','1972-04-28 22:34:28','1'),
('480','velit','Blanditiis magni sit sit esse tempore magnam quam. Quis ut ut sed qui laborum. Ut consequuntur quisquam ipsum. Blanditiis vero facilis vel animi. Sunt aspernatur itaque quibusdam sit ea.','52207.00','4','2012-02-01 23:14:49','2018-03-27 11:16:11','1'),
('481','non','Ipsam quia quae laudantium aliquid. Ut recusandae a eum. Corporis et itaque ut cum ratione. Non nemo blanditiis et.','5212.09','9','2019-03-16 09:26:04','2013-09-13 12:20:24','1'),
('482','fugiat','Quo aut numquam ut sint sed maxime. Tempore eaque consectetur perspiciatis quo. In sed non omnis iure amet voluptatem. Magni sit aut libero asperiores.','4016463.33','2','2002-06-02 06:06:19','1976-09-02 12:44:51','1'),
('483','non','Sed laboriosam voluptatem sed quia eos iure. Temporibus rem soluta et laudantium. Et nulla consequuntur sed dignissimos et omnis laboriosam minus. Illo est est distinctio non voluptates consequatur.','4309044.09','6','1972-04-13 22:48:31','1989-06-26 00:20:09','1'),
('484','id','Ratione id molestiae doloribus. Suscipit doloribus necessitatibus perspiciatis quis. Exercitationem sit nihil nemo ea iste.','30377.69','4','1996-07-17 18:12:09','2001-07-27 06:34:40','1'),
('485','quia','Aspernatur in et similique numquam est quod atque ut. Cupiditate cumque est magni placeat adipisci. Dolore quia amet ab enim.','2858485.89','8','2003-01-16 10:47:22','1996-05-31 02:53:47','1'),
('486','pariatur','Et doloribus delectus harum fugiat. Rerum rerum amet omnis sapiente quisquam. Quo sint qui dolorem et.','0.88','5','1997-06-11 15:35:19','2013-04-17 08:41:59','1'),
('487','blanditiis','Omnis expedita quia temporibus necessitatibus eum. Vel voluptatem cumque debitis esse. Eaque ullam saepe nihil minima quasi est. Eaque explicabo ex corporis.','3851.30','1','1988-08-30 10:16:53','1971-04-10 07:28:00','1'),
('488','magnam','Aut nihil voluptatem et dolore. Sit odit aspernatur nemo magni quam perspiciatis saepe. Excepturi maiores dignissimos delectus et.','6722267.30','10','2006-06-29 10:41:06','2012-07-12 07:17:16','1'),
('489','velit','Sit repellendus nemo minus vel dolores quidem. Earum aliquam eos aut voluptatibus ut modi ad tenetur. Quod ab molestias animi et dicta magni eos.','208313899.02','8','2007-12-21 23:06:14','1996-06-08 17:42:10','1'),
('490','dolores','Quia doloribus natus nihil voluptatibus id in. Ea voluptas dolor placeat ducimus molestias ut nihil aliquid. Nisi quis repellendus velit. Libero non ut labore ut.','0.00','9','1990-10-21 23:41:15','1989-05-22 01:35:50','1'),
('491','sint','Dolorem et odio molestias praesentium soluta ipsam. Doloribus commodi laudantium dolorem quo cum quia. Sunt ab velit autem suscipit magni. Illo beatae non assumenda velit dolores nisi ut.','8683430.17','3','1982-12-22 04:53:53','1980-04-02 02:54:33','1'),
('492','dolor','Quaerat nulla explicabo est facere qui ex. Blanditiis et ullam possimus minus cupiditate est. Consequatur voluptatem sint fugit sequi sequi accusantium est.','0.55','4','2015-12-02 23:27:57','1981-01-10 08:39:23','1'),
('493','ad','Aut dolore quidem quo aut. Eos repudiandae ut minus aut harum.','5044045.61','10','1974-02-24 09:16:17','1998-08-19 17:45:31','1'),
('494','in','Consequatur aliquid adipisci eaque rem qui. Iure ducimus aperiam ut perferendis explicabo officia possimus. Natus alias atque officiis quas repudiandae et.','542943145.58','3','1979-10-04 03:46:06','2005-08-09 13:58:42','0'),
('495','laborum','Sint similique dolor occaecati quia maxime earum. Recusandae dolorem laborum sapiente officia. Et eligendi illum quod soluta iste nostrum temporibus. Officiis et non natus ullam omnis velit.','0.00','7','2006-07-31 02:08:56','2013-07-31 12:05:52','1'),
('496','praesentium','Esse dolores ad officia iure harum earum ut. Iure vitae modi ex quaerat et qui voluptas. Consequatur impedit ipsum cumque dolores aspernatur eos id.','0.52','9','1992-10-19 23:31:28','1993-03-20 05:34:09','1'),
('497','qui','Ut voluptas illum et eum rerum labore. Neque error quam molestiae qui tempora doloribus. Fugiat veritatis et voluptas alias accusamus cumque.','17783066.23','2','1998-05-13 19:02:13','2007-11-07 13:28:13','1'),
('498','sint','Dolores et at pariatur natus voluptate sed. Quod sequi repellat itaque consequatur sit odit deleniti. Perspiciatis adipisci nesciunt voluptatem dignissimos deserunt.','600.43','5','1999-07-02 23:20:02','1980-11-17 20:22:37','1'),
('499','voluptas','Est est cumque cumque quaerat. Earum et cumque sed recusandae minus ducimus. Ullam consequatur qui ad quo.','6498.97','8','1998-08-05 13:24:10','1993-11-14 12:06:16','1'),
('500','aut','Id soluta tempore ea. Voluptatem sit ipsa repellat et voluptatibus. Mollitia sunt qui sit fugiat aut facere enim.','6.73','1','2005-12-28 15:50:00','1996-04-27 05:06:45','1'),
('501','soluta','Saepe soluta odio nobis numquam odit impedit. Nihil et deleniti illo ut qui eos nihil. Voluptas aperiam laborum voluptatem fugiat sed. Qui assumenda ad vel aut reiciendis aspernatur accusamus dicta.','36.85','2','2010-06-10 21:44:32','1995-02-13 23:31:32','1'),
('502','eum','Repellat dicta dolor ipsam magni ullam. Distinctio eius ab est sequi libero odit numquam. Animi minus incidunt soluta id laborum aut cumque. Et sit alias est voluptatem nulla.','18.18','7','1988-11-17 23:47:56','2014-05-31 10:19:56','1'),
('503','est','Ea iste ab est magnam dolor. Est et quisquam aliquid alias quia. Recusandae dolores qui quidem et ipsum qui. Et optio et qui amet sit.','0.00','3','2007-06-17 21:58:06','2002-01-30 04:21:40','0'),
('504','a','Aspernatur praesentium quis laboriosam aut cum vel. Voluptatem deleniti saepe aut commodi dicta nostrum enim. Qui sed quis eaque sed in aut aut ipsam.','0.22','3','1981-07-04 20:55:08','1981-04-09 03:59:59','0'),
('505','consectetur','Molestias ut et corrupti quia. Velit id architecto eligendi et vel veritatis. Non quam ratione dolorum et rerum et.','13071.83','3','2006-12-20 19:18:45','1984-12-24 21:27:10','1'),
('506','ut','Enim et odit inventore dolorem qui consequatur. Fuga impedit aut aut et dolor facere totam molestiae. Recusandae error id est assumenda ut esse impedit. Quae eos quis quo quaerat sit.','33912.12','1','1985-10-30 21:38:04','1972-04-08 02:48:02','1'),
('507','doloremque','Laudantium sed et sed aut aliquid ipsam. Modi eveniet aperiam illum pariatur unde. Placeat labore facilis aut a vel qui est.','4453.96','1','2009-05-14 14:13:14','1999-06-07 05:55:40','1'),
('508','ab','Autem facilis dolor eveniet error veritatis reprehenderit. Ea enim inventore tenetur eum tenetur est. Similique repellat vel non accusantium vel voluptates.','326412.43','4','1995-05-17 22:02:09','2017-12-12 13:00:28','0'),
('509','voluptatem','Qui qui velit veniam consequatur. Amet voluptas possimus eum ratione aut dolore a. Officia et omnis ea labore molestiae veritatis sint.','13984831.47','10','1988-11-10 10:39:53','1975-08-30 09:09:48','1'),
('510','explicabo','Consequatur aut voluptas excepturi. Quam sunt et dolorem adipisci sint dolor facere. Ipsum dolor incidunt in possimus autem eligendi sapiente.','16.13','7','1970-01-27 21:13:19','1970-09-13 07:23:21','0'),
('511','consectetur','Aspernatur ea excepturi illum facilis ut fuga dicta. Sed consectetur ut aliquam occaecati omnis. Ullam voluptatem vero sunt modi enim ex excepturi. Porro dolores a omnis.','0.63','7','2013-12-02 01:18:14','2014-08-14 23:01:18','1'),
('512','est','Dolores provident perferendis quaerat molestiae. Quo omnis molestiae magnam voluptates sunt reiciendis suscipit et. Reprehenderit optio est perferendis aut assumenda. Beatae possimus tenetur eius.','4.59','8','1985-03-30 00:56:38','2009-08-28 13:54:15','1'),
('513','debitis','Error consequuntur est ipsum ipsam. Aspernatur quidem praesentium dolore. Ducimus officia voluptatibus ullam numquam tempora excepturi tenetur. Nihil et dignissimos magnam exercitationem deleniti.','1441.44','9','1993-10-06 21:25:31','1983-04-16 14:41:15','1'),
('514','qui','Voluptatem omnis aperiam et cumque voluptas. Et numquam libero amet labore perspiciatis incidunt esse. Maiores illo dolorem magnam maiores.','1092779.42','3','2017-06-28 13:42:33','2001-09-18 00:20:31','1'),
('515','quia','Impedit officiis aut fugit animi assumenda exercitationem rerum nam. Vero rerum alias qui corporis repellendus voluptates laborum aperiam. Alias ipsum est sed qui.','407518.14','1','1992-06-26 11:34:14','2012-08-18 09:40:59','1'),
('516','alias','Velit nesciunt omnis voluptates voluptates omnis possimus nemo. Odio eligendi numquam rerum et nulla incidunt beatae. Laboriosam eaque amet amet aut nostrum nesciunt.','186895.41','6','1973-08-11 03:11:00','2004-04-09 22:57:52','1'),
('517','et','Repudiandae culpa quia veniam repellat cumque. Aliquid itaque quos similique. Est et facilis voluptates quos pariatur facilis aperiam voluptates.','11343364.89','7','2007-07-05 03:49:29','1977-08-04 07:32:13','0'),
('518','ea','Voluptas accusamus dolores quia qui aut. Odio ipsum quia sint. Aut omnis quia esse porro sit unde dolores.','182007.81','2','1971-07-25 14:17:39','1977-11-26 16:50:58','1'),
('519','molestiae','Asperiores vitae eos ut assumenda. Possimus rerum earum nesciunt ipsum quisquam quia. Pariatur commodi et odio quia.','4280755.10','5','1988-10-13 12:01:05','1971-04-21 14:15:26','1'),
('520','non','Saepe dolor illum ut sunt sequi. Quia vitae sapiente nam nam quis quis nisi deserunt. Voluptas ut et maiores officia hic.','192035448.40','4','1998-12-25 12:10:58','1976-01-03 01:00:08','1'),
('521','et','Velit aut ea iste consequatur soluta architecto sint. Qui dolor sint eum non rerum quas eos.','6588.19','10','1983-01-11 23:35:59','1985-08-19 19:51:59','1'),
('522','expedita','Sunt quidem illo consequatur enim harum doloribus. Vitae est ad labore hic molestiae officiis laborum. Aliquid sunt suscipit itaque est repudiandae aut.','71246858.69','8','2010-04-07 23:36:23','2014-12-28 16:09:47','1'),
('523','doloribus','Maxime libero nostrum et nihil sunt veniam. Vitae ratione omnis nisi minus aut. Sequi consectetur quos odio a rerum aut assumenda. Molestiae sit dolore possimus quis molestiae voluptas dolor.','195.71','8','1992-06-27 15:25:59','2003-09-17 08:45:18','1'),
('524','nesciunt','Commodi repellat id totam ipsam est fugit. Quod id sunt et sint eligendi molestias et excepturi. Amet ipsum est ducimus nam exercitationem enim. Qui nisi ut inventore laborum quia iste qui.','3144.67','10','2013-06-25 21:32:15','1979-02-11 13:48:09','1'),
('525','dolorem','Et eos aut et accusantium officiis quaerat velit sed. Eius dolore iusto incidunt velit. Blanditiis quia magnam modi officia.','3346769.96','1','1979-12-24 19:52:18','1976-06-11 07:03:00','1'),
('526','vero','Suscipit deleniti perspiciatis laborum ipsam ipsa. Unde ab occaecati ut consequatur vel et. Ipsum voluptatem rerum maxime velit animi voluptatem velit. Nulla natus itaque possimus beatae eveniet.','9031456.83','4','1973-03-06 18:28:39','1973-05-09 10:32:58','1'),
('527','quisquam','Enim eos quia illo est adipisci aut hic. Molestiae in ab voluptatem voluptas consequatur ut quibusdam aut. In ut sed culpa aspernatur. Ipsam modi eum similique sint illo voluptatem.','11604.24','8','1974-06-11 20:57:21','2007-08-19 15:11:20','1'),
('528','et','Quasi aut id labore numquam quia. Itaque temporibus dolores quas voluptas. Quos minus voluptas qui nobis et sunt quia.','277511.72','2','1990-08-29 06:21:14','1991-01-05 22:24:58','1'),
('529','et','Sed reprehenderit hic dolorum beatae optio quis vitae. Quia magnam est sint. Maiores voluptatum quo minus ratione non autem. Quod eos similique cupiditate vel sequi.','0.00','9','2000-03-24 14:48:25','1977-02-04 15:39:09','1'),
('530','voluptas','Distinctio dolore quaerat cumque quia illo voluptatum. Accusamus cupiditate magnam beatae quia qui laboriosam. Dolore corporis in in aut omnis dolore eos.','0.00','6','2011-11-10 23:20:07','1992-08-08 20:04:00','1'),
('531','accusantium','Voluptatem dolores reiciendis voluptatem neque mollitia ipsa quaerat. Ut eos non illo quasi nemo. Et laborum cupiditate consequatur debitis quae minus et.','358392.00','3','1991-12-12 02:31:12','1975-07-01 07:25:32','1'),
('532','laborum','Ut ut voluptates doloremque est deleniti culpa et. Corrupti sunt necessitatibus quia aut molestiae laborum. Autem consequatur est provident dolorum. Inventore nihil quia quis veritatis ut fugit.','2918163.46','1','1991-08-31 10:49:04','1996-01-26 06:16:35','1'),
('533','nihil','Quaerat aut deleniti vero voluptas. Quia qui nisi vero odit laboriosam. Asperiores illo sed ipsam adipisci alias ducimus beatae repudiandae. Facere delectus ratione recusandae molestiae et.','335222187.22','3','1972-09-06 05:18:20','1996-10-17 02:14:36','1'),
('534','nemo','Aut consequatur impedit nulla illo voluptatem ex. Iure voluptatem et vero non est.\nRerum praesentium a voluptatem autem. Nihil magni harum et perspiciatis voluptates deserunt.','0.00','5','1971-02-18 15:31:11','1987-08-30 18:17:38','1'),
('535','excepturi','Sit deleniti odit doloremque voluptatem possimus tempora optio. Enim ad deserunt et consequuntur voluptatem vero dolor. Ea repudiandae repellendus sit aperiam earum ratione.','281.25','3','2003-07-16 21:23:07','1985-03-06 05:53:16','1'),
('536','dolores','Excepturi impedit dicta maiores voluptate. Occaecati et voluptas quis voluptate. Odio rerum vel aut tenetur ullam et iure. Provident minima aspernatur autem et ratione deserunt similique.','0.00','5','1994-10-15 12:46:19','1990-09-19 01:29:05','1'),
('537','animi','Corporis excepturi sunt delectus voluptatibus expedita sunt. Ipsum facilis nemo dolorem mollitia sapiente. Sit aut exercitationem veritatis perferendis. Harum qui ipsum delectus nihil.','3.73','6','1982-12-17 20:11:31','1984-09-08 16:12:06','1'),
('538','beatae','Recusandae laudantium incidunt nihil autem rerum minus a. Illo totam distinctio quis quasi voluptatem beatae sed. Voluptatem ratione doloremque est rerum et minima.','7835.16','4','1982-05-07 06:26:26','1995-06-01 07:28:42','1'),
('539','inventore','Et vel optio quas rerum explicabo. Veritatis culpa dolorem reprehenderit vel libero. Aut doloremque quo mollitia similique similique et odio unde.','702148.71','8','2004-01-25 02:51:21','1983-03-28 03:26:14','1'),
('540','est','Corrupti ipsa aut omnis libero ut aut. Ratione ea quisquam id sequi consequatur odio. Dicta consequuntur ut laborum libero iure.','2579.56','5','2010-02-09 19:43:41','2003-09-06 05:43:21','1'),
('541','minima','Minus voluptas ipsam ut nihil. In vel eos reiciendis alias consequatur. Ut non velit voluptates commodi laborum et.','0.00','1','1974-06-10 16:19:15','1981-02-08 11:39:47','1'),
('542','velit','Non enim modi aperiam molestiae similique reiciendis accusamus ad. Incidunt non maxime et quod nulla. Corporis eius dolor sit quo. Et eos est sed non.','950913.00','5','1993-04-09 13:47:42','2005-04-11 23:04:53','0'),
('543','inventore','Dolorum qui eius laborum voluptatem. Animi corrupti id architecto fugiat est exercitationem. Cum aut quibusdam voluptas quam voluptatem veniam ut tempore.','5.00','2','2007-03-28 23:45:46','1974-03-22 02:03:08','1'),
('544','quasi','Recusandae et rem corporis voluptatibus incidunt sint. Quisquam perferendis magni debitis et. Sapiente quia quaerat totam.','0.00','9','2015-01-28 17:35:00','1974-04-15 05:52:59','1'),
('545','tempora','Architecto voluptate cum dolore veritatis ratione quo. Sunt molestiae et nemo et illo. Quidem veniam ut deserunt occaecati blanditiis.','28946.27','8','1994-10-17 09:32:06','1981-04-05 17:43:27','1'),
('546','vitae','Nemo officia sit dolorem consequatur rerum rerum repellat. Reiciendis nulla velit ut similique sed aut. Quas ea occaecati voluptas aut.','0.66','3','2016-10-21 10:55:00','1981-09-27 02:25:24','1'),
('547','illum','Sint soluta fuga accusamus corrupti sapiente eveniet. Voluptatem dicta saepe animi recusandae provident. Consequatur doloremque soluta est.','0.58','5','1986-06-25 01:57:14','1991-06-16 13:32:40','1'),
('548','id','Iusto beatae vel sint corporis et nobis ad nihil. Similique repudiandae nemo eveniet labore omnis voluptatibus et et. Ut perferendis rerum sequi nemo quia mollitia.','5.60','4','2011-06-01 15:27:41','1992-11-12 07:29:27','1'),
('549','qui','Qui voluptatem maiores nesciunt excepturi labore. Dolore est vel quibusdam dolores dolores voluptatem rerum. Cumque ut nesciunt reprehenderit at ut.','0.00','4','1988-12-28 21:38:46','1993-07-25 10:28:02','1'),
('550','iusto','Architecto aut earum quo et neque earum. Eum quas corrupti ut porro veniam quis aut. Tempore temporibus dolore qui laudantium id nostrum nisi.','139.57','9','2005-10-09 02:23:56','2002-12-13 21:24:16','1'),
('551','nisi','Vitae ut nam quo architecto saepe atque. Est omnis consectetur provident. Consectetur aut ut ullam libero. Ea mollitia quam voluptatem fugit laudantium non.','3886.87','8','1998-07-28 15:06:11','1997-11-21 00:08:50','1'),
('552','optio','Culpa excepturi et exercitationem est repellat qui. Veniam ducimus est architecto consequuntur doloribus natus et. Iste et et ut. Error voluptas consectetur mollitia sed.','0.00','4','1990-11-30 11:08:54','2004-04-14 13:49:14','1'),
('553','neque','Sequi sit nisi veniam quidem. Ducimus perspiciatis quia dolores non.','308.20','7','2000-04-27 11:33:43','1973-02-24 20:10:41','1'),
('554','repellat','Id laboriosam cum vel vitae praesentium sit iusto. Voluptatem sed corrupti quas. Libero praesentium minima et quod id tempora aperiam. Qui vel non modi quibusdam hic.','242485893.02','5','1986-03-14 17:17:03','1996-02-10 03:41:16','0'),
('555','qui','Pariatur nihil rerum nam. Suscipit aliquid et magni sunt.\nOccaecati dolores ea ut similique et maxime. Et sequi rerum et aliquid facere aut debitis. Ratione neque impedit qui aut blanditiis.','192704565.00','3','1982-08-19 18:08:32','2014-09-05 15:00:12','1'),
('556','amet','Et consequatur culpa est nesciunt cumque dolorem dolorum. Nesciunt et facilis eum esse cumque corporis ipsa in.','0.34','7','1994-06-06 09:50:54','1981-03-18 01:39:39','1'),
('557','distinctio','Culpa tenetur architecto nisi. Doloremque est itaque possimus sit voluptas pariatur. Nam explicabo omnis quam fugiat perferendis aliquam.','494.99','9','2013-03-02 02:14:37','2000-11-19 00:20:02','1'),
('558','qui','Adipisci esse voluptas commodi dolor velit incidunt. Et neque eveniet laboriosam tempore velit.','145.84','1','1990-12-24 04:31:10','1999-10-10 05:14:30','1'),
('559','in','Quis facere ut sint. Ipsum et recusandae consectetur asperiores excepturi quia rem rem. Sint et non laboriosam et occaecati et. Consectetur distinctio minus dolor id iusto.','1685.45','8','1985-02-12 23:24:12','1973-09-03 02:28:56','1'),
('560','blanditiis','Nulla et maxime est vel. Velit laborum possimus et in explicabo odit officia. Alias rerum atque totam neque. Esse aut vel et eius quos rerum.','0.00','7','1992-11-03 21:49:38','2012-07-21 17:07:22','1'),
('561','accusantium','Laboriosam quidem sunt quis perferendis quia sequi aut. Molestiae nihil optio est animi. Est veritatis reprehenderit est dolor eum.','15450.49','7','2001-03-19 22:54:03','2010-10-18 23:43:38','1'),
('562','saepe','Aliquid labore doloremque et voluptate porro. Distinctio at aliquam perferendis eos ut et.','200605.18','10','1979-08-13 20:24:39','2018-01-18 14:21:54','1'),
('563','non','Provident quasi porro nam ab atque et. Ut consequuntur sequi tempora est. Quo voluptas minima ducimus facere.','3456.06','7','2001-07-17 17:31:05','1973-06-11 07:00:41','1'),
('564','tenetur','Exercitationem voluptatum explicabo ut autem ex. Nam ipsa aspernatur qui non quo non. Consequatur a id quasi sit fuga saepe sint pariatur. Qui dolorem quidem suscipit perspiciatis quia est dolorem.','4672426.35','9','2009-09-10 12:30:52','2007-11-11 16:41:09','1'),
('565','maxime','Temporibus vero aut voluptatem architecto qui nihil molestias. Accusamus ut sed voluptatibus a sit omnis. Aut ut sit officia enim. Sed asperiores consequatur sed aut doloremque.','14.29','5','1977-07-20 22:43:08','2011-01-21 17:33:53','1'),
('566','praesentium','Sint fugit consequuntur eaque dolore omnis nam autem voluptate. Inventore exercitationem perferendis iusto hic est. Id enim asperiores porro eveniet. Cumque minus qui neque.','217111080.56','10','1983-12-09 00:31:51','2004-02-17 03:08:09','1'),
('567','hic','Vero ullam quasi facere sequi in architecto. Iusto ex est in amet aut commodi iure aspernatur. Et nulla eius hic rerum assumenda. Delectus nostrum sit doloribus accusamus.','173.70','4','1990-09-13 02:53:02','1976-12-24 15:13:44','1'),
('568','eveniet','Est et amet ea praesentium et. Et quidem ut veritatis est maiores blanditiis consequatur. Et non maiores officia voluptas consequatur architecto.','4113.94','10','1979-07-23 09:09:44','1973-08-26 05:02:26','1'),
('569','eveniet','Dolor quo excepturi iure sit temporibus eius aut. Assumenda inventore molestiae saepe placeat quod voluptatibus eius quo. Et sit qui et impedit fuga odio omnis id.','2.48','3','1971-09-01 14:32:37','1994-10-07 13:10:52','1'),
('570','eius','Voluptate ut laudantium eaque ducimus. Beatae sint error odit. Possimus alias numquam ratione exercitationem alias error quisquam.','3223419.11','2','2017-07-10 13:36:58','1980-01-04 16:35:49','1'),
('571','consequatur','Natus alias molestiae fugiat ut. Labore non aperiam voluptatem quod minus. Ut rerum omnis sed impedit.','0.00','4','2019-04-26 04:16:12','2018-08-10 19:10:16','1'),
('572','sed','Magni et fugit et id. Repellat impedit est eos omnis beatae dolor. Commodi sit magnam ut aliquid quia eveniet harum.','2722.42','3','1988-05-28 06:43:04','1974-02-15 18:13:31','1'),
('573','quam','Perspiciatis consequatur at qui accusamus rem ratione soluta. Excepturi ut qui aut omnis voluptate. Voluptas vero non sapiente. Blanditiis eligendi quas adipisci quo magni quaerat reiciendis.','0.96','7','1970-01-23 08:44:14','2001-02-14 12:01:01','1'),
('574','cumque','Dignissimos velit sed nihil molestiae ullam ipsam dignissimos. Sint quod eum aliquid cupiditate. Eum aspernatur repudiandae ea est aut ipsam fuga.','0.15','6','1988-09-22 20:53:45','2012-07-27 15:40:56','1'),
('575','sed','Eveniet dolores ut quia expedita. Dolore sed et quia. Quibusdam et corrupti quam iure vel amet.','5.18','2','1976-06-23 11:12:41','2008-05-21 20:46:09','1'),
('576','quia','Repudiandae similique omnis enim corrupti harum est. Vitae soluta consequuntur exercitationem porro. Natus neque numquam et.','286.66','4','1999-04-17 23:50:45','1988-08-02 12:32:33','1'),
('577','aut','Ipsa aut reprehenderit voluptatem voluptate. Facilis maiores optio accusamus omnis aut amet maiores a. Veniam aut est non itaque nesciunt. Nam dolore explicabo odit.','2724.80','9','1999-03-18 06:28:16','1975-08-12 00:48:16','1'),
('578','iste','Eum voluptas libero optio quis. Velit voluptatem ab et et eius. Dicta qui omnis et mollitia sunt odit omnis.','7702.98','6','2001-07-09 00:06:57','1972-10-25 08:31:00','1'),
('579','exercitationem','Ex cum amet sunt totam. Nemo dicta consequatur hic delectus aut.\nAperiam et recusandae ut ea veritatis. Alias et fugit error qui eos corrupti. Consequatur qui aut id.','49.89','7','1990-10-08 12:56:22','1974-03-21 08:49:38','1'),
('580','et','Adipisci qui sit recusandae rerum. Est dolor amet facilis quibusdam ad corporis qui rem. Sunt qui maiores facilis ut. Consectetur sapiente autem eaque accusamus sint qui.','45708160.00','2','1998-08-20 18:50:57','1971-01-18 16:27:00','1'),
('581','et','Non est facilis id repudiandae quis soluta. Dolorem vel beatae nam maxime distinctio temporibus tempore. Non sunt ratione fuga aut. Est animi sit minima in molestias.','0.00','5','1985-11-20 21:24:43','1984-07-31 23:31:43','0'),
('582','voluptatibus','Quae occaecati illum id repellendus corporis aut. Dolore porro assumenda eum nihil maxime in ducimus quidem. Enim ipsum et dignissimos voluptates.','4214450.80','4','1992-09-17 05:01:51','2012-06-25 07:18:28','1'),
('583','sint','Qui fugiat ducimus fugit est voluptate optio quasi. Doloribus aliquid quam aut ex nihil ea. Nihil neque eaque quo libero. Minus rem quia placeat eum expedita.','109515.15','6','2002-05-21 07:52:20','1975-06-21 20:55:58','1'),
('584','qui','Quae exercitationem molestias ab voluptatum qui aspernatur explicabo. Eos qui aliquam sint. Sequi est perspiciatis quisquam.','581552.47','1','2000-08-14 07:26:15','1981-12-23 03:10:20','1'),
('585','cupiditate','In quia rerum dolores maiores. Similique quaerat id ducimus quia labore. Facilis consequuntur natus temporibus culpa. Amet sint repellat similique quos et.','3.46','9','1989-06-10 14:44:31','1990-10-08 22:25:22','1'),
('586','ipsam','Repudiandae laudantium facere voluptas neque provident. Ut quaerat sed quis praesentium laboriosam saepe. Consequatur ea odit eligendi dolore ipsam.','9.71','9','2008-08-23 19:20:33','1984-11-10 21:10:30','1'),
('587','quisquam','Qui vel repellat pariatur eligendi. Reiciendis quisquam ut est voluptas esse at. Inventore ullam recusandae temporibus nobis quo ipsum. Nobis ullam error eius.','2225576.20','7','1988-04-06 17:29:35','1990-07-23 12:25:24','1'),
('588','consequuntur','Excepturi cumque voluptatem autem porro ut. Eius quo dolorum voluptas ut occaecati numquam nesciunt aut. Unde ullam in architecto rerum consequatur voluptatem quia.','126735.50','7','1972-06-12 23:39:26','1996-06-05 20:07:12','1'),
('589','dolorum','Quaerat repellendus quasi veniam sed et enim laboriosam. Minima blanditiis quia id ipsum. Nemo itaque rerum quo commodi soluta accusantium eius. Quia recusandae tempora dolorum nihil.','436079.86','9','1989-09-05 08:11:41','1995-11-19 08:59:38','1'),
('590','cum','Delectus omnis omnis neque veniam. Labore aut omnis corporis. Vero deserunt exercitationem et voluptates cumque.','31029620.45','5','2017-08-31 09:46:12','1979-07-29 07:31:46','0'),
('591','harum','Rerum reiciendis sequi culpa soluta. Quo ut cum aperiam voluptatem. Nobis aut ad officiis ipsam voluptas. Facere sint neque deleniti nesciunt.','105.00','4','2016-12-21 00:14:23','1997-10-21 06:50:55','0'),
('592','facilis','Voluptatibus accusantium commodi blanditiis veniam dicta eum. Soluta aut eum molestiae et dolores ut aut.','17893.05','6','1973-12-18 06:21:55','1988-04-06 14:54:54','1'),
('593','iure','Aut praesentium itaque repellendus eos laudantium. Debitis consequuntur corrupti rerum perferendis.\nNulla libero nemo quas voluptatem quia quis et. Nulla quidem et eos odit temporibus.','56918144.00','5','1987-05-07 10:26:25','1991-11-07 04:25:57','1'),
('594','aut','Excepturi veniam praesentium similique rerum. Excepturi quidem molestiae placeat est amet. Itaque placeat sint beatae odit ut maxime.','4.28','10','1998-01-09 18:24:32','2010-01-31 00:58:16','1'),
('595','occaecati','Quibusdam rerum dolore rem beatae. Blanditiis maxime iste voluptatem reiciendis sit accusamus dicta. Expedita accusantium eaque aut sunt et nihil.','99.98','4','1978-07-17 03:35:47','2003-06-23 09:00:39','1'),
('596','nisi','Et sint dolor qui vel. Quasi alias corporis molestiae qui cumque magni. Quia cum veritatis et adipisci aliquam autem.','0.00','9','1985-02-25 09:17:00','1975-03-31 17:55:23','1'),
('597','soluta','Est eius iste voluptatibus eius voluptatem illo. Autem facere inventore vel rerum a eum. Placeat suscipit iste quia ad sit error nostrum.','12913835.70','9','2015-12-02 23:02:02','1973-06-02 02:42:58','0'),
('598','aliquam','Dolores fugiat corrupti dignissimos non. Provident ex nobis veniam facilis. Earum est dolor et impedit distinctio ut ea facilis. Labore dolor omnis consequatur.','18149809.90','8','1994-01-09 23:06:35','1991-07-03 22:57:24','1'),
('599','quos','Modi dolor qui dolores quidem. Nihil illum est iure optio. Et dolor rerum cupiditate.','177.98','9','1972-06-26 10:20:18','2004-09-04 17:13:03','1'),
('600','qui','Illum quod dolor quidem accusantium reiciendis rem quis. Et quo consequatur voluptates excepturi. Modi et non voluptate optio tempora. Earum qui perferendis aperiam veniam placeat quia.','5.97','2','1970-08-17 19:41:21','1979-07-30 17:51:49','1'),
('601','est','Est quidem vitae velit molestias omnis quam. Blanditiis illum quos quibusdam totam pariatur et quo earum. Ut deleniti quidem nisi qui fugiat distinctio.','0.00','9','2003-10-02 23:05:16','1987-10-11 15:19:25','1'),
('602','sed','Ea soluta dolor nemo. Optio et et dolores harum quae.\nDolore molestiae in et autem earum. Consequuntur accusamus minima ab tempora consequatur quaerat.','1.62','2','2008-08-18 03:04:39','1973-02-03 23:57:10','1'),
('603','illum','Ut similique deleniti laudantium tempora maiores. Atque doloribus et ducimus quibusdam beatae corporis quidem. Totam earum ut dicta qui. Numquam eos qui ab perferendis totam.','2435597.00','5','2002-12-24 09:28:10','1980-08-18 15:29:26','1'),
('604','magni','Velit quam ea eius autem magnam eum. Repellat eos commodi ipsum nesciunt sunt qui.','6214.61','5','1989-10-06 04:17:04','1976-12-13 11:57:35','1'),
('605','necessitatibus','Et asperiores itaque sunt animi explicabo et eos. Sit aut pariatur fuga et dignissimos. Quaerat neque esse nam quo vel. Non est suscipit eius ea rerum dignissimos sit quasi.','0.00','8','1977-11-02 11:44:31','1972-08-25 15:15:38','1'),
('606','non','Mollitia laboriosam laborum tempora non. Consequatur quasi molestiae quis sit dolorem laudantium. Enim laboriosam iste sint placeat aut. Quibusdam esse et aut sunt repellendus voluptas.','0.63','6','1979-05-14 05:59:13','2004-09-27 04:44:20','1'),
('607','placeat','Sed incidunt atque ut sunt ratione et id eos. Commodi sit vel exercitationem sed esse. Suscipit doloribus nostrum ex et. Accusamus veniam tenetur vel quia.','1653311.45','8','2019-09-19 21:25:07','1991-02-19 15:55:50','1'),
('608','voluptatibus','Est quis optio architecto eos maxime provident blanditiis. Assumenda voluptate assumenda quis assumenda nam quae vitae. Aliquam molestias qui sit facilis. Fugit provident sint sed.','0.00','6','1980-09-01 18:22:27','1970-03-27 23:18:36','1'),
('609','consequatur','Quia ut ratione nemo cum pariatur dolor. Aut et id deserunt ea. Aut adipisci provident laboriosam magnam id quidem omnis. Ad sint distinctio minima consequatur nobis ducimus libero.','0.10','2','2007-10-14 02:51:17','1976-02-19 06:36:46','1'),
('610','nemo','Eum velit porro et. Iusto fuga doloribus consequuntur eaque placeat. Delectus labore eum in ex laudantium explicabo. Minus quis aut laboriosam hic qui.','201.47','5','1999-10-08 15:26:17','1975-07-06 01:11:27','1'),
('611','non','In ducimus et earum. Enim aut mollitia sint voluptas est. Et fugit nisi tempore ut rerum qui. Eos est iusto quod accusantium voluptate ipsam quisquam.','0.00','8','1999-01-29 01:10:47','1979-12-26 19:38:13','1'),
('612','aut','Aspernatur qui quasi dignissimos ut corrupti natus sed sit. Hic esse placeat doloremque modi aut magnam. Optio sunt autem similique. Neque velit esse ipsam ipsum voluptatem.','0.00','6','1991-12-03 17:13:44','2008-09-22 12:11:37','1'),
('613','velit','Est et sunt dolor sequi non consequatur magnam. Nihil id qui quisquam nesciunt. Quia exercitationem deleniti eum sequi. Quos neque sed et quo dolorem et.','0.09','9','1988-05-24 14:52:09','1987-02-01 12:17:42','1'),
('614','quam','Alias laboriosam ut suscipit quis. Laborum nobis porro repellat earum libero accusantium. Illum quam quod repellendus.','40000244.42','4','1981-11-18 05:49:07','2003-05-20 21:01:35','1'),
('615','qui','Non qui aspernatur dolore temporibus et quisquam. Dolorum saepe rerum et quis aut tempore alias id. Explicabo soluta aut veniam molestiae aut. Atque facere quod aliquid at.','61.03','6','2013-10-03 01:29:09','1972-05-22 08:31:18','1'),
('616','consequatur','Incidunt repudiandae quia magnam aut dolores quibusdam repudiandae eaque. Iure reiciendis et ea doloremque. Pariatur corrupti sint occaecati temporibus alias similique dolores.','0.00','8','2002-01-30 18:33:20','2004-11-27 22:38:30','0'),
('617','vel','Corrupti inventore fuga ut et. Accusamus labore veritatis quidem. Expedita ullam hic natus aut maxime quod consequatur. Tempora fugit voluptatem aut et.','49356.40','2','1996-06-11 00:05:16','1973-11-05 15:40:38','1'),
('618','voluptates','Alias corrupti commodi facilis doloremque. Ab dolorum velit dignissimos deleniti eos harum fugiat. Autem fuga fuga et porro nemo.','75.00','3','2011-09-03 21:24:21','1979-03-16 02:54:25','1'),
('619','ut','Voluptatem consequatur non doloremque sit. Voluptatem officiis ea qui voluptas nisi aut assumenda. Aspernatur dignissimos nostrum veniam ipsam sequi.','418.54','4','2010-07-13 15:03:16','1972-04-23 03:36:21','1'),
('620','voluptas','Quis tempore eum omnis quas sit omnis sit. Officia quia harum accusamus assumenda temporibus. Iste nesciunt voluptas aut consequuntur magnam eveniet explicabo.','4059693.69','10','1976-05-06 10:29:00','2000-02-23 16:34:39','1'),
('621','illum','Ullam incidunt possimus rem. Aut aliquid excepturi aperiam ullam quam. Saepe quos quia vero suscipit excepturi laudantium. Omnis soluta incidunt praesentium neque omnis tenetur.','34355.10','8','1997-08-22 03:18:48','1978-03-09 07:05:06','1'),
('622','et','Ut et expedita atque architecto enim facilis sed. At repellendus assumenda illum autem sed illo. Occaecati eum minus consequatur nemo.','0.00','7','1997-06-30 03:02:25','2000-06-16 00:52:45','1'),
('623','magnam','Qui consequuntur quisquam libero consequatur asperiores. Repudiandae id ut exercitationem tempora odit. Vero provident doloremque consequatur deserunt voluptas odit deleniti.','317.45','5','2003-02-28 11:30:57','2002-12-31 21:57:46','1'),
('624','et','Est nemo hic provident perferendis et temporibus. Excepturi nam repellendus aut pariatur laboriosam. Molestiae ut sed dicta enim ullam tempora reiciendis.','532075.09','2','2016-09-17 03:41:35','1983-02-02 07:32:13','1'),
('625','aliquid','Provident quos sunt aut aliquid omnis natus repudiandae. Blanditiis quos voluptatem voluptatem voluptas incidunt necessitatibus odio. Qui dolore sit saepe nisi et.','0.00','7','1973-07-05 21:31:39','2005-01-04 03:42:38','1'),
('626','tempore','Dicta ea et aperiam perspiciatis. Iste in omnis eos enim ipsum eaque blanditiis animi. Cum dolores voluptatem cum eum sequi.','7940.29','9','2005-04-05 00:34:45','1994-05-12 23:09:28','1'),
('627','et','Quibusdam fugiat quia ex eaque. Molestiae dicta reiciendis repellat quidem dolores libero est rerum. Sapiente est et quia quis.','271955.35','1','2004-08-26 16:42:17','2017-01-01 09:47:29','1'),
('628','et','Sit mollitia eveniet odit repellendus repellendus est corrupti. Repudiandae quas voluptatem odio explicabo voluptas laborum id. Omnis mollitia minus vel.','10.71','6','1970-05-30 06:37:33','1998-10-14 04:46:30','1'),
('629','praesentium','Quis non incidunt ut et esse et similique. Non aperiam vel aut nesciunt inventore. Labore et libero officia modi autem.','1197084.90','6','1986-04-11 09:16:26','2010-01-02 00:53:06','1'),
('630','qui','Unde odio suscipit est aut modi et. Et dicta et suscipit quia asperiores perspiciatis. Sapiente nulla quo reiciendis ut sed et. At perspiciatis aut est animi et quia.','1.71','9','1994-12-09 11:25:29','1994-10-10 07:15:51','1'),
('631','sit','Nam et corporis ut doloremque cum voluptate. Repellat quaerat modi voluptatum eius illum adipisci suscipit odit. Reprehenderit ipsum vel quas odio. Harum blanditiis placeat eligendi omnis voluptate.','54111098.39','7','1977-09-30 11:15:19','1996-02-26 07:32:55','1'),
('632','corporis','Necessitatibus dicta est dolore harum provident vitae ea. In autem quia animi et occaecati consequatur. Qui incidunt doloremque eum deserunt.','64762472.72','5','1975-09-06 17:34:54','1974-04-07 19:29:13','1'),
('633','porro','Qui reiciendis vero voluptatem voluptate voluptatem illo culpa. Reiciendis accusantium autem eaque ipsam. Exercitationem repellat sunt et possimus omnis quis tempore.','30.83','1','1982-06-23 04:02:42','2016-03-21 11:44:11','1'),
('634','ut','Autem quia omnis aliquid voluptatem aspernatur consequatur. Eligendi consequatur est architecto exercitationem labore aperiam amet est. Nihil id aut quia eveniet quia.','33134851.82','1','1970-02-18 21:54:46','2000-02-04 03:30:12','1'),
('635','vel','Tempora quam illum eum dolor. Magnam accusantium cumque molestias at. Ratione sit quo aut et voluptatum.','16.00','9','1971-11-04 07:17:24','2011-11-19 16:37:43','1'),
('636','nostrum','Autem nihil molestias provident deleniti qui ducimus doloremque. Nihil aperiam voluptatem ut quisquam consequatur temporibus id. Incidunt qui ut id sit. Officia ut molestias necessitatibus aut quos.','3167592.43','9','1987-06-04 17:11:32','1982-04-13 16:08:41','1'),
('637','dignissimos','Vitae in rerum animi repudiandae voluptatum. Earum assumenda et explicabo voluptatum saepe. Nesciunt iusto quia fuga. Alias libero dolore et inventore impedit sit dolorum.','169.45','7','1973-09-03 20:03:29','2005-06-18 00:03:57','1'),
('638','consectetur','Quia sint et et. Suscipit rerum vitae eveniet earum deserunt. Ut numquam eos pariatur ad aut qui iure. Et libero et vel sint illum sunt voluptatibus.','776.18','7','1972-02-16 01:00:07','1999-03-15 17:05:14','1'),
('639','est','Ipsa nesciunt numquam sit et. Et cum dolores voluptatem. Animi neque quasi in deserunt. Maiores repellendus sequi sit qui quo animi.','2769.31','5','1996-12-06 04:50:40','2019-09-19 10:35:44','1'),
('640','illum','Non et necessitatibus aut. Consequatur at corrupti nesciunt aut. Et mollitia non a dolor ipsum aliquid.','0.00','8','1977-07-17 17:40:44','1999-02-11 07:25:33','1'),
('641','voluptatem','Suscipit corrupti est ut non sint. Voluptates doloribus quos aut ex sint. Rerum rerum cum eaque voluptatem. Sunt eligendi voluptatem aut dolorem rerum quam reprehenderit.','0.70','2','1984-11-08 16:39:44','1997-04-29 18:44:44','1'),
('642','rerum','Hic et exercitationem ut ab. Dolore tempora iste cumque ex maxime. Eos aut sit nihil dicta. Necessitatibus aperiam laborum est laborum alias beatae ad iste. Aut voluptatum velit illum et.','2.16','3','1988-08-06 21:23:03','2009-06-02 07:36:56','1'),
('643','aut','Qui eos non non. Blanditiis qui sit eos illo est minima. Corporis quis id est quia dignissimos accusantium. Nesciunt ipsum rem consequatur culpa eligendi.','1.60','3','2008-01-03 20:56:26','2000-01-12 02:00:38','1'),
('644','voluptas','Quis minus perspiciatis optio ipsam expedita. Dolor voluptatum ad est distinctio est. Distinctio voluptas dolor libero sequi non magni earum eos.','68.14','10','1993-07-10 03:36:54','1972-08-26 16:48:01','1'),
('645','voluptates','Quisquam numquam dolorum ullam voluptatum iste. Modi velit consectetur ab qui impedit omnis ut. Repudiandae hic culpa veritatis voluptatem tenetur. Sapiente aut earum dicta beatae architecto.','35974.63','6','2017-07-30 08:15:02','1984-01-04 08:59:17','1'),
('646','ut','Neque quisquam enim officiis facilis ratione. Dolore aut commodi laboriosam reiciendis. Ut sint sapiente ad ab.','36496446.00','8','2005-02-12 07:49:59','1981-02-08 14:47:29','1'),
('647','sit','Harum est ea quo repudiandae ut. Aut est libero aspernatur corrupti aspernatur omnis qui. Culpa impedit atque et laborum necessitatibus ex quos.','2398.03','7','1978-09-28 00:38:10','1982-07-10 05:51:16','1'),
('648','id','Qui dolorum temporibus labore consequatur aperiam. Sequi fugit explicabo natus ut voluptatum voluptatum. Exercitationem sapiente ducimus soluta nemo. Ex quia sit nemo soluta eos suscipit.','594.20','7','2006-09-12 12:31:51','2016-09-18 18:05:56','0'),
('649','non','Voluptate aut numquam commodi minus illo et. Qui est voluptas perspiciatis ipsa quos. Autem fuga voluptatem eaque sunt necessitatibus laborum in. Occaecati autem veniam quia perferendis quasi.','0.00','1','2001-01-17 01:11:26','1989-11-24 18:20:03','1'),
('650','consectetur','Doloremque inventore labore rerum et quaerat. Et architecto aut accusamus porro et. Aliquam magni aut in tenetur nam sed quod. Non odit doloribus voluptate sint laboriosam.','5331.00','1','1971-04-20 12:42:06','1991-02-19 16:19:53','1'),
('651','et','Ratione quia et nihil numquam sint. Expedita unde atque consequatur iure tenetur et nostrum. Eius consequuntur adipisci est placeat quia.','0.00','7','1975-09-16 20:46:44','1976-10-22 11:12:00','1'),
('652','officiis','Voluptatem est quas beatae id sed nihil. Dolorem consequatur ut voluptatem. Laborum libero quas corrupti. Fugit facere nisi recusandae dignissimos perspiciatis iusto sint.','2642994.10','8','2008-04-09 08:35:09','2009-11-03 20:30:01','1'),
('653','qui','Est dolores ut quaerat. Cumque voluptatem totam itaque sapiente. Ut reprehenderit aut incidunt animi molestiae est. Quo qui ratione corrupti sit.','258.73','8','1986-09-02 14:19:47','1995-11-13 04:34:15','1'),
('654','quibusdam','Quos et deserunt quos. Itaque est qui cumque. Est minima impedit veritatis nostrum voluptates.','17760851.10','2','1979-10-20 01:23:37','2011-05-04 00:07:24','1'),
('655','dolor','Est reprehenderit inventore non soluta quod laudantium. Asperiores dolor qui amet qui et magni. Id et reprehenderit itaque non corrupti aut temporibus. Qui ab amet ut temporibus sequi.','3.80','10','1997-02-15 03:54:47','1991-05-08 07:34:21','1'),
('656','nihil','Cum debitis consequatur enim accusantium et. Ipsum et doloremque qui vel quae. Ad vel nulla ratione recusandae.','828.60','4','2016-05-06 22:22:02','2019-02-09 07:07:33','1'),
('657','aut','Culpa sint fugiat quam illum nesciunt. Ut nobis iure vitae non. Atque dolor a quae ut dolorem similique.','36.20','10','1998-12-03 20:43:06','1984-08-21 12:56:57','1'),
('658','voluptatem','Iure voluptatum corrupti qui excepturi odit ad cupiditate. Sunt aut necessitatibus numquam placeat. Harum amet soluta explicabo quod laboriosam ut. Est labore saepe odit aut.','0.00','10','1992-01-22 03:50:25','1978-05-28 09:40:23','1'),
('659','hic','Tenetur ab corporis itaque. Ut numquam beatae et laborum quisquam eligendi.\nCommodi fugiat non ducimus maiores est nisi commodi. Dignissimos repudiandae ut rem ea laboriosam quis qui qui.','0.00','9','2001-07-22 07:29:54','2012-12-01 06:19:11','1'),
('660','omnis','Delectus officiis praesentium facere ab. Incidunt aliquam ut voluptas quisquam. Alias in qui dolorum et quod dolorem asperiores.','106.80','6','2020-01-10 16:56:31','1989-01-22 15:56:19','1'),
('661','minus','Sed consequuntur dolorem quisquam veritatis occaecati. Nam exercitationem ut sit est eveniet qui. Qui velit excepturi fugit ut natus facilis.','21163.54','9','1994-01-03 08:51:11','1976-08-19 14:53:50','1'),
('662','iure','Sint dicta dolorem tempore soluta a quasi consequuntur maiores. Officiis aut voluptates nobis earum. Pariatur amet harum perferendis.','0.00','5','2020-02-17 04:33:11','1973-12-26 12:09:02','0'),
('663','eius','Ullam fugiat quis quisquam sunt ducimus iste ratione. Eos inventore a libero nobis inventore quos. Commodi praesentium omnis molestiae mollitia. Blanditiis magnam ut iure odit.','284117355.00','10','2014-02-20 22:53:23','1989-10-28 23:39:58','1'),
('664','perspiciatis','Maxime non doloribus laudantium ut facilis eveniet quibusdam. Similique et voluptas maiores. Eos voluptatum et quia aut iste aliquam nostrum.','91.89','10','1995-01-20 21:36:19','2005-02-21 16:07:20','1'),
('665','aut','Voluptas ut ex placeat vel. Accusantium earum dolor aut sunt omnis. Modi mollitia in rem omnis molestiae eveniet et qui. Aut asperiores sunt ea porro corrupti dolor.','12284.49','6','1976-04-30 11:42:27','1988-09-02 17:11:20','1'),
('666','laudantium','Fuga consectetur itaque reiciendis at id aliquam velit et. Doloremque et quidem et ut aut molestiae. Veniam dolorem quos voluptas sit et illo.','11029754.03','9','2011-04-28 12:06:16','2016-10-07 10:38:04','1'),
('667','voluptas','Magnam maiores delectus impedit. Occaecati unde minus laudantium tenetur. Optio quos eaque ut aut.','160409646.60','9','1981-04-04 18:57:53','2014-03-18 15:11:51','1'),
('668','delectus','Impedit ipsum nemo reprehenderit aut. Earum voluptatem ut enim vel exercitationem optio in. Sed ipsum consequatur libero quas reiciendis nihil fugit.','303758.00','2','1970-07-21 18:35:35','2017-11-21 21:43:55','1'),
('669','delectus','Natus itaque necessitatibus laborum. Cum aspernatur et est eum dolores exercitationem velit. Quod est consequuntur quam voluptatibus esse aperiam.','4170610.39','6','2016-08-18 12:23:59','2011-12-20 23:11:10','1'),
('670','labore','Optio ipsam molestiae cupiditate libero. Dolorum ipsam non porro. Doloribus a vel eos aperiam eum sit quo.','433025872.90','3','2011-09-14 18:51:52','1976-04-26 08:05:07','1'),
('671','facilis','Fugiat dolores id modi hic. Est accusamus perferendis sequi voluptatem. Pariatur architecto ea consequatur voluptas error cum in.','26.56','9','2016-03-24 14:05:06','2001-12-24 00:53:01','1'),
('672','iste','Aut recusandae et soluta ab provident. Quis minus minus veritatis et officiis magni. Alias maxime ut asperiores repellendus ducimus amet id qui. Ea eos tempora qui est et nihil.','5635.28','7','2005-09-04 05:24:54','2015-10-07 03:06:48','1'),
('673','necessitatibus','Odio rem quam ullam rerum esse cupiditate. Temporibus tenetur perspiciatis eum voluptatum non error totam. Debitis exercitationem repellat laboriosam nihil et.','14882235.98','5','2009-01-05 23:28:21','2014-01-18 07:11:17','1'),
('674','in','Eveniet blanditiis non aliquam quas architecto mollitia. Odit in quis non et consequuntur earum. Temporibus beatae quo corrupti ut illo omnis sunt.','9239545.54','2','1995-02-05 02:08:48','2015-03-27 04:52:22','1'),
('675','non','Velit asperiores vel vero eius suscipit. Ab cum qui voluptas fugit. Asperiores quis qui rerum id iste modi accusantium.','704485.83','7','2003-09-04 03:52:21','2015-06-19 00:07:13','0'),
('676','eligendi','Illum ea sequi nemo expedita consequuntur omnis. Illo magni saepe molestias assumenda dolores. Esse ab accusantium quae amet vitae id ut deserunt.','0.00','1','1983-06-08 08:08:30','1994-11-30 14:43:28','1'),
('677','aliquam','Est voluptatem vitae quasi laudantium ut ut. Similique minima ipsum vitae neque et. Laudantium aliquam quod aut eligendi.','37752.42','10','2006-07-01 01:25:59','1983-08-26 12:06:32','1'),
('678','nesciunt','Saepe adipisci ad explicabo eum ea unde. Sed est inventore qui. Excepturi et doloremque accusamus qui tenetur consequuntur quidem.','65898270.89','4','2008-03-30 09:21:11','2002-01-07 19:51:00','1'),
('679','est','Reprehenderit voluptatem natus commodi molestias velit. Voluptas iusto sint qui qui possimus. Ratione tempora omnis quasi.','17705505.14','7','2000-12-16 03:59:03','1986-06-29 19:03:47','1'),
('680','et','Et qui sed libero. Labore repellendus assumenda et consequuntur. Et expedita cupiditate blanditiis accusamus.','1559.42','10','1999-02-05 06:11:33','1970-09-25 11:16:41','1'),
('681','provident','Suscipit suscipit sunt rerum dolorem eos. Doloribus voluptas voluptatibus odio a pariatur non. Inventore enim sint doloremque rerum provident et.','0.63','4','2005-03-24 18:26:26','1971-02-21 01:45:25','1'),
('682','consequatur','Voluptatem autem explicabo deleniti qui expedita ut. Omnis culpa incidunt placeat excepturi corporis. Nostrum velit quia optio dignissimos eveniet.','3645.06','4','1982-11-08 14:54:16','1999-08-03 18:12:16','1'),
('683','nihil','Fugiat illo ducimus consequatur nulla odio adipisci. Nisi placeat quas accusamus dolorem aut voluptate ad. Nihil voluptatibus fugit id. Voluptatem qui quo fugit.','0.00','7','1979-04-28 06:58:10','2005-10-21 17:22:55','1'),
('684','cum','Doloremque libero necessitatibus eos nulla doloribus aperiam a. Mollitia velit quo error soluta ad eum. Quibusdam veritatis quae delectus cupiditate natus.','110.79','1','2010-09-14 08:31:35','1980-08-18 23:22:55','1'),
('685','quisquam','Quia tenetur ab voluptas aliquid et deleniti. Maiores impedit harum explicabo fugiat molestiae doloremque. Amet sunt officia at neque.','77250519.00','5','2018-06-22 14:41:59','1976-09-18 11:00:25','1'),
('686','accusamus','Saepe aut minima soluta temporibus ad aut. Quis sit facilis omnis temporibus recusandae. Nostrum suscipit ut et itaque ad.','37.36','7','2009-05-23 20:52:32','2009-06-14 02:28:39','1'),
('687','corporis','Praesentium accusamus ut omnis. Tenetur fugiat velit laboriosam mollitia occaecati velit perspiciatis. Omnis assumenda quae id eius. Consectetur et aut ut voluptas odit sint est.','322.79','5','1989-11-04 21:07:03','1995-06-23 10:03:47','1'),
('688','perspiciatis','Doloremque dolor est fugit. Tempore consequatur est qui rem libero vel. Aut vel error libero quos temporibus ipsam.','549499.00','5','2019-03-10 02:29:50','1982-01-31 23:09:41','1'),
('689','ut','Distinctio consectetur qui id ut. Quod ipsa voluptatem repudiandae. Eum expedita unde aut quo. In tempora a est.','4.92','6','2005-03-02 12:13:32','1996-02-05 03:04:35','1'),
('690','veritatis','Est harum quos sequi et consequatur minus. Et accusantium eveniet nihil sequi esse quam laboriosam. Delectus excepturi voluptates est occaecati.','553.59','3','1999-03-16 19:03:12','1981-04-13 15:01:38','1'),
('691','odit','Et id consequatur inventore et harum facilis enim. Ex molestiae qui debitis tempora accusantium rerum. Iusto ut non omnis esse aut odio. Ipsum dolores quia ducimus dolor.','86.33','1','2011-08-13 14:18:54','1981-06-06 09:25:26','1'),
('692','et','Est consequatur commodi illo cupiditate sed nihil deserunt. Ducimus modi fugit dolorem alias. Cupiditate in vel dolores quod voluptas sit consequuntur.','1949176.71','5','1998-09-04 00:32:50','1986-05-25 19:38:30','1'),
('693','sit','Veniam ducimus ab deleniti et. Officia et eveniet omnis fugiat. Dolor officiis consequatur sed saepe. Quod quasi quas voluptas.','1080364.72','8','2010-04-19 11:45:09','2012-03-02 00:14:31','1'),
('694','rerum','Nulla rerum nisi veritatis cum qui suscipit quia. Assumenda omnis ex necessitatibus nesciunt eum assumenda soluta. Labore tempora placeat perspiciatis et ullam.','133927.20','1','1977-02-01 00:58:59','2015-01-04 17:01:46','1'),
('695','voluptas','Nesciunt et distinctio eius aliquid sint voluptas libero. At odit voluptatem aut pariatur quibusdam. Accusantium ducimus enim sit similique incidunt molestiae. Modi consequatur ut optio sed omnis.','78844.37','5','2004-06-16 01:30:38','1989-01-11 15:37:16','1'),
('696','modi','Iste voluptas aspernatur odit quisquam consequatur. Eveniet velit aut enim dicta. Quo molestiae dolorum deleniti vitae beatae.','47.00','3','2000-01-07 02:50:40','1975-04-02 19:55:04','1'),
('697','officiis','In voluptatem recusandae sint. Fuga dolorem fuga vel laudantium earum aliquam enim. Aut et magni quae quo necessitatibus porro cumque qui. Assumenda delectus atque consequatur cumque.','250.26','9','2006-01-03 10:56:37','2010-02-26 15:42:39','1'),
('698','officia','Ducimus et id enim blanditiis qui omnis. Non vitae eos iusto alias. Est dolor suscipit dolor.','3.00','3','2002-08-06 08:54:54','1985-10-14 01:53:14','1'),
('699','sed','Dicta voluptate esse exercitationem iure eligendi autem. Rerum omnis sint alias sed optio quia. Rerum commodi id commodi quidem modi labore. Vel omnis animi voluptates id quo.','0.00','5','1981-02-06 05:34:16','2001-03-30 16:14:22','1'),
('700','quo','Et saepe voluptas molestiae debitis tenetur rem sunt. Voluptas earum molestiae iusto dolorum quia maiores.','33810.23','4','2005-03-05 08:37:04','2003-01-27 15:12:03','1'),
('701','et','Minima iusto quod nam sequi id officia. Quasi sapiente cupiditate ut laudantium et consectetur tempore. Nihil aliquam et soluta est eos deleniti.','1808.70','6','2006-11-21 17:51:36','1997-12-10 06:38:18','1'),
('702','voluptatem','Sit dolorum perspiciatis quis. Totam nulla voluptate laboriosam eligendi magnam distinctio expedita. Harum officiis odit laboriosam velit.','218.85','4','1984-04-15 22:33:54','1979-12-21 12:09:03','1'),
('703','atque','Sequi et cum nihil veritatis. Sint voluptatum et numquam. Vitae id eum corporis dicta dolore eum nam velit. Quia architecto consequuntur et dolorum illo libero ut.','14.32','1','2011-04-10 21:23:49','1971-04-27 17:42:06','1'),
('704','debitis','Rerum similique asperiores est. Repudiandae dolores maiores est.\nRerum temporibus quis velit. Velit facere et id quis alias velit aspernatur. Nemo nostrum ut cupiditate voluptatem possimus quae.','5941.02','10','2011-03-10 15:20:27','1999-08-26 20:14:33','1'),
('705','consequatur','Fugiat cum repudiandae iste minus. Nemo qui ipsa est odio iste ut. Labore et qui voluptatem ab. Maxime ea delectus vel temporibus qui veniam dolores architecto.','5583029.58','5','1971-04-12 12:13:31','1970-05-20 09:38:36','1'),
('706','impedit','Aut similique fugit aut aut autem accusamus. Voluptas consequatur voluptatibus et id aut voluptas veniam. Quaerat aliquam labore culpa voluptatem voluptatum saepe error quibusdam.','276.68','7','2014-04-23 10:24:22','2002-02-06 13:56:08','1'),
('707','iusto','Inventore possimus autem neque est est. Totam officiis asperiores blanditiis consequatur. Rerum autem et iste perferendis.','545.09','1','2001-10-18 10:05:56','1993-08-23 18:54:39','1'),
('708','aperiam','Accusantium molestiae et adipisci repudiandae vel aperiam. Aut est et commodi nulla fugit ut unde quam. Qui sed asperiores non quas. Sint ad architecto hic voluptas aliquam iusto dolor.','8748825.58','4','1973-06-24 14:25:22','1971-12-09 19:43:16','1'),
('709','sint','Aut voluptas sit cumque quod tempora quia. Harum est maiores error aliquid autem eos voluptatem. At omnis sint necessitatibus sapiente omnis qui.','32.43','10','1974-08-06 20:50:01','1980-07-29 06:06:11','1'),
('710','alias','Qui omnis nulla veritatis nemo. Veritatis voluptate quo sed velit. Repellat impedit quas autem id optio incidunt nisi.','6899.46','8','1988-07-05 14:49:37','1984-09-23 15:01:07','1'),
('711','eligendi','Id ut voluptatem sint officiis et quidem. Harum corrupti saepe molestiae maiores aspernatur et sit. Iure facere et a dignissimos est maxime aut maxime. Ipsam qui et nisi autem id sed.','93.76','4','1985-12-13 12:46:46','2010-04-02 16:08:41','1'),
('712','impedit','Architecto est aut harum odio. Nobis ad perspiciatis quo veritatis aut quam. Molestiae ea non veritatis iure maxime dignissimos molestias.','31037.25','4','2001-07-03 14:52:14','2014-12-03 17:47:37','1'),
('713','nihil','Voluptatum id aperiam laboriosam est facere odio omnis ab. Dolor excepturi dolorem dolorem fugit occaecati laboriosam. Voluptatem distinctio eligendi omnis qui deleniti cupiditate iusto.','5.74','1','1983-03-19 16:05:13','1990-03-05 18:19:26','1'),
('714','sunt','Ut odio magnam eveniet vel. Velit voluptas non earum eius reiciendis. Occaecati aut ipsam veritatis mollitia quis delectus enim.\nUnde quas voluptas et sint. Asperiores autem perspiciatis sit eum.','6928.00','1','1986-09-18 04:21:16','1979-05-20 22:27:58','0'),
('715','vel','Possimus quibusdam expedita qui consequuntur architecto. Eum minima provident quam tempore. Architecto error consequatur consectetur non. Eius omnis neque perferendis ea voluptatibus enim.','227.57','5','2018-08-02 08:43:35','1996-06-24 14:28:42','1'),
('716','sed','Ullam placeat aliquam quo et magnam aliquam id. Voluptas nemo repellendus aut et et voluptas. Sed animi nemo accusamus cumque autem nihil aspernatur. Laudantium minima ut facere esse deserunt.','4.01','6','2006-07-19 19:04:42','1993-10-31 18:09:53','1'),
('717','eos','Impedit architecto at optio rerum hic dolorum ut. Excepturi eos incidunt sit similique. Consectetur doloremque totam et fugit molestiae. Animi dolores porro amet cumque.','39732.11','7','2014-01-25 14:28:05','2008-06-26 18:53:57','1'),
('718','blanditiis','Veniam magni nisi officia ducimus aliquam placeat velit aut. Dolores perspiciatis asperiores nulla doloremque cumque et. Delectus quo ut eos sunt quis.','86326344.31','9','2004-11-22 23:21:46','1998-10-18 16:25:15','1'),
('719','ipsa','Nihil iste dolorum ut minus sit mollitia. Sequi laboriosam enim aspernatur ut. Qui quia maiores modi.','10798.38','1','1999-03-22 19:18:49','2006-03-10 06:52:01','0'),
('720','similique','Dicta quia earum earum facilis nulla aspernatur similique suscipit. Voluptatibus sequi ut quos pariatur id. Aut nobis eius natus ea consectetur. Est at in exercitationem dolor illum qui.','10176.78','3','1987-02-12 12:51:30','2000-01-04 05:35:37','1'),
('721','iure','Sunt iure et quisquam aperiam. Dicta quia aliquid sed in nihil. Quia maiores sint sed itaque ex.\nMolestiae adipisci beatae quas eius. Repellendus aut iste ratione velit aliquid aliquam omnis.','26.63','1','2006-09-21 14:24:52','2017-02-21 04:51:49','1'),
('722','optio','Ullam laborum quo sunt quos tempore deleniti. Sit quas omnis quam qui. Minus quo dolor expedita cum aut doloremque et. Odio ut quas est est ducimus.','1611.32','1','1977-01-04 11:49:43','1984-04-22 16:34:22','1'),
('723','maiores','Ut sapiente maiores magni veritatis. Error at quo itaque qui eveniet consequatur. Nihil quae corporis at velit cum et asperiores.','438.84','8','1996-04-13 22:47:57','1991-01-20 00:55:11','1'),
('724','placeat','Alias ad dicta enim id. Nihil hic deleniti facilis ipsam animi quasi. Voluptas et ducimus eaque necessitatibus autem maiores in.','590888527.42','9','1981-11-22 05:51:05','1979-07-21 05:15:26','1'),
('725','qui','Tempora quo facilis doloremque consequatur temporibus doloremque. Itaque quam culpa dolorem nemo aperiam minima esse. Sit nostrum sit porro asperiores occaecati.','155396381.88','1','2017-04-06 05:14:33','2007-06-12 05:45:33','1'),
('726','eveniet','Consectetur maxime quo sit culpa harum quae. Est dolore est qui dolor quisquam tempora sint quia. Quis amet iste accusamus neque voluptas quia.','14949.00','2','1988-02-21 09:56:26','2005-11-26 04:18:41','1'),
('727','corporis','Velit at dignissimos velit quasi vero atque. Quos officiis suscipit at autem. Voluptates dignissimos ipsam asperiores maiores fuga id quo voluptatem. Quia doloribus illo tempora consequatur.','1579575.00','2','2005-06-26 05:42:52','1983-02-12 08:09:42','1'),
('728','eos','Asperiores nobis sed maiores officiis. Illum sequi vitae omnis explicabo. Adipisci amet sit animi quia itaque. Modi corrupti voluptatem et odio quasi.','351802.69','10','1991-01-30 15:59:52','1999-06-10 19:20:57','1'),
('729','et','Corrupti et magnam consequatur animi. Voluptas est ut iusto qui. Illum et modi voluptate vel.','370844706.00','4','1994-10-17 21:36:01','2003-12-08 12:44:24','0'),
('730','voluptate','Sed autem ut quis repellendus. Soluta sunt nostrum at totam. Vel sit earum voluptates et et.','133549513.03','6','1986-01-09 13:05:08','1981-04-25 23:47:12','0'),
('731','vero','Accusantium veritatis eum saepe rerum ratione doloribus. In asperiores omnis velit commodi sequi. Laudantium illum accusantium quas eum.','198.95','3','2009-03-15 09:10:52','2012-12-03 15:35:31','0'),
('732','fugiat','Libero repellendus nam ut et est sint. Recusandae eum ratione repellendus ipsam repellat. Ducimus est vitae harum cupiditate. Ratione blanditiis non soluta velit ad dolorem. Aut amet corrupti et.','35061986.00','9','1990-06-14 11:28:48','1994-06-05 13:16:24','0'),
('733','aspernatur','Aspernatur quaerat sapiente minus harum. Id unde unde assumenda libero. Vitae itaque sit qui fugiat ratione. Porro possimus provident fugit possimus voluptas.','28785.00','10','2015-03-22 01:52:20','1996-01-29 15:39:52','1'),
('734','esse','Assumenda iure odit ducimus placeat omnis vel. Quisquam asperiores sint id minima illo ex quis. Aut iusto ullam illo ut rem. Ratione qui voluptas illum autem eos accusamus.','48742743.28','4','1979-10-19 09:22:43','2009-08-14 11:25:37','1'),
('735','rem','Perferendis illum voluptatem in possimus minima. Odio non repudiandae autem ullam voluptas. Sit exercitationem voluptas expedita quas. Quo enim vitae corporis tempora nobis illo.','5385.90','9','1977-08-11 20:14:51','1995-10-31 08:47:14','1'),
('736','beatae','Esse saepe omnis praesentium illo. Explicabo dicta non occaecati. Eos reprehenderit minus eius. Voluptate qui voluptatem autem ipsa porro pariatur amet.','0.00','4','2007-02-11 13:37:23','1990-06-29 13:02:04','1'),
('737','eum','Debitis veniam ut sed quia repellat quasi nulla quisquam. Dolores nihil et quia. Voluptatem minima maiores esse numquam natus soluta delectus. Velit suscipit iure non molestiae.','12981.86','10','1993-02-08 04:30:18','2000-10-10 04:30:16','1'),
('738','sequi','Quam laborum pariatur dicta illo veniam molestiae. Illo itaque aut sequi neque aperiam. Quia ut aut quae qui earum eius. Nisi non alias amet praesentium.','38631.39','10','1996-06-30 05:18:06','1982-07-25 10:37:46','1'),
('739','aliquid','Ab sequi facilis et repellat rem. Aut qui suscipit eaque. Et sint laborum earum et neque. Explicabo incidunt nisi repudiandae sunt nostrum.','0.00','8','2003-04-26 21:45:26','2016-10-04 00:50:24','1'),
('740','quo','Iusto iusto corrupti eos totam aut labore id. Sed assumenda occaecati voluptatem aut. Rerum magnam quidem temporibus doloribus.','241088357.66','10','2000-01-13 05:46:42','2002-01-28 07:27:22','0'),
('741','molestiae','Quos reiciendis dolorem dolorum ullam autem corrupti facilis. Assumenda accusantium laboriosam vel ea eius. Quis quis debitis rerum dolore nostrum dolores eum.','35887227.48','7','1972-12-22 18:54:12','2001-03-08 21:24:06','1'),
('742','omnis','Eligendi labore quas qui accusamus fuga sed est. Sapiente illum nihil est aut.\nVel laudantium natus vero dolores. Molestias cum qui totam neque veniam enim qui. Molestiae cum aspernatur sed et.','25.44','1','2006-11-10 04:43:52','1999-03-11 19:14:53','1'),
('743','neque','Facilis est voluptatem aut illo nisi. Consequatur quod aliquid ullam omnis voluptatum perspiciatis. Dolorem nobis numquam non harum. Est est voluptatem est explicabo corporis consequuntur nihil.','244.41','4','1971-02-02 08:50:39','2013-05-30 03:53:00','1'),
('744','impedit','Et vitae harum nihil aut. Vitae dolorum ut et iure est consectetur nulla. Laudantium quo et enim aut.','1448629.00','8','2008-09-03 16:18:05','1981-07-03 09:35:26','1'),
('745','omnis','Officiis quae et minima ea commodi aperiam veniam a. Corrupti et consequatur omnis impedit qui.','11024.45','1','2002-08-09 18:15:00','1997-04-03 21:09:57','1'),
('746','aut','Id aut voluptas et sequi accusantium. Ut ab voluptatem enim in iusto dignissimos eos cumque. Et et nam at ut qui itaque et.','348.00','8','2009-08-18 19:30:04','1970-05-19 00:56:48','1'),
('747','unde','Est asperiores temporibus quo veritatis. Porro ut aperiam dolorum enim expedita. Voluptas debitis deleniti libero quae beatae. Consequatur vitae itaque non.','0.00','3','1984-03-31 21:01:19','2014-05-29 04:30:27','1'),
('748','esse','Dolores et sit provident quia quia deserunt veritatis. Distinctio occaecati minus eaque eum velit odio. Repudiandae deserunt et qui est perspiciatis. Quis voluptatem odio officiis ipsum et quasi et.','218004.63','8','1980-02-05 08:02:36','1983-08-29 20:15:47','1'),
('749','ea','Quod consectetur necessitatibus quidem. Libero quidem molestiae expedita recusandae praesentium est. Dolor aut nam quia dicta qui. Maxime eaque impedit nemo.','27.87','6','1996-03-16 01:23:51','2006-02-11 10:04:09','1'),
('750','eum','Ut est quia voluptas aut. Iure hic aut odit vero minus soluta. Laudantium in incidunt deleniti rerum.','0.00','3','2018-01-16 17:03:26','2009-10-01 21:14:26','1'),
('751','fugit','Quae ut consequatur ut. Aut dicta placeat qui aliquid. Nobis iusto tenetur quam necessitatibus quisquam magni. Quisquam et repellendus quibusdam.','21.99','10','1974-05-18 05:40:18','2015-12-28 01:11:14','1'),
('752','quis','Nemo necessitatibus aliquid quo aut voluptatem. Non incidunt ad quia voluptates qui.','9.49','7','1997-09-26 03:42:40','1977-04-07 15:07:40','1'),
('753','aliquam','Ut id quasi quo suscipit maxime aspernatur aut numquam. A aut illo id et. Cupiditate minus dolor id consequatur debitis perferendis qui. Vel aut ex necessitatibus animi.','0.00','3','1999-04-01 03:50:25','1999-06-21 12:16:40','1'),
('754','laboriosam','Rerum sit impedit voluptatem modi quod alias. Dolor quia iste qui est ut. Voluptatum facilis neque consequuntur est id quia vero aut.','4280376.47','7','1996-08-15 04:09:43','1978-01-09 10:57:28','1'),
('755','et','Dolor odio quas dolore vitae ut consequatur. Debitis eos repellat quibusdam non dolorem facilis. Ab facere consequuntur sint animi.','1.40','5','2015-11-13 16:51:14','2005-03-03 10:09:54','1'),
('756','qui','Quam consequuntur dolor facilis. Accusamus et accusamus odit quia similique assumenda. Natus et sit cumque sit dolorum. Eaque ipsa quas nemo aspernatur reprehenderit id sit.','343.47','4','1972-08-10 16:01:51','1997-09-15 02:29:55','1'),
('757','repudiandae','Sed aut quis quam minus rerum. Repellendus aut laudantium nemo qui laborum. Magni est odit quidem laudantium non nihil. Illum error velit ducimus totam ullam.','7.20','8','1977-12-27 01:32:10','1990-05-31 03:42:12','1'),
('758','eos','Iure accusantium perferendis sint pariatur omnis porro minus aut. Tenetur exercitationem dolorem nihil voluptatum cupiditate. Vel optio ut ut. Qui neque voluptatibus reprehenderit commodi eos modi.','670567.19','6','1990-09-14 01:43:14','2010-07-06 09:13:51','1'),
('759','repellat','Unde omnis molestiae sed. Numquam animi odio voluptatem ratione. Nulla odio nesciunt enim occaecati soluta eligendi. Suscipit est nisi porro. Dignissimos amet doloremque perferendis beatae sit.','4767.98','3','2002-07-31 16:31:20','2011-11-26 09:21:39','1'),
('760','recusandae','Ut consequatur sequi voluptatum dolor. Harum necessitatibus adipisci ratione quisquam autem. Velit accusantium sed earum non ipsa. Ut corrupti et rem.','61.80','2','1995-12-09 00:18:39','1971-12-03 16:59:13','1'),
('761','repudiandae','Id aut doloremque debitis doloribus sed vitae rerum rerum. Et pariatur eligendi et veniam.','4.71','2','2013-09-02 13:12:57','2001-10-07 03:05:20','1'),
('762','est','Nostrum eos eos blanditiis praesentium sint quia. At recusandae eos porro expedita a ipsa dolor. Omnis tempore officiis quaerat voluptatem perferendis.','42.81','6','1985-05-09 04:00:12','1981-01-18 23:17:21','1'),
('763','quos','Dignissimos quia non laudantium odit occaecati. Laudantium ducimus a asperiores similique cupiditate delectus rerum qui. Est debitis praesentium itaque itaque quisquam qui incidunt.','3382388.61','1','1996-06-14 13:17:37','2015-01-07 01:47:45','1'),
('764','illo','Atque voluptatibus necessitatibus voluptate nihil amet. Deserunt quibusdam ut aut sed vitae quasi. Et et labore consectetur minima distinctio deleniti sed.','37.00','1','2018-08-30 00:40:28','2002-12-11 17:25:44','1'),
('765','inventore','Sit molestias aliquam sequi dolore rerum nulla culpa. Aut pariatur culpa molestias qui. Id ipsum voluptatibus enim in voluptatem.','14920.00','9','1992-11-15 20:55:06','2004-08-12 20:40:43','1'),
('766','ullam','Doloremque neque repellendus nam cum pariatur aut. Aliquam beatae voluptate tenetur vero atque autem pariatur. Ipsam quaerat in saepe et.','0.00','10','2001-09-23 20:39:38','2000-04-10 13:13:22','1'),
('767','eos','Dolorem neque eum est. Velit vel vitae qui et velit. Cum enim eum ex sapiente.\nIllum qui aperiam labore cumque reiciendis sunt. Et sed eius quasi. Inventore atque sed incidunt.','82945.71','5','2006-12-26 04:34:57','1990-02-17 21:31:20','1'),
('768','minima','Necessitatibus quis natus hic dignissimos natus. Temporibus repellat aliquid non perferendis soluta praesentium unde repellat.','0.00','9','1979-01-09 05:23:24','2016-04-04 02:59:17','1'),
('769','laboriosam','Et accusantium repellat pariatur quas sunt distinctio recusandae. Veniam qui quae molestias tempora. Asperiores iure quia eos soluta aspernatur.','507992.00','9','1982-10-07 03:01:13','1978-06-15 19:12:13','1'),
('770','ab','Cum ratione omnis quae sunt esse exercitationem nostrum. Qui dolor aut dicta in nobis eum qui.','386.73','2','2002-02-03 10:50:23','2019-10-20 13:53:26','1'),
('771','doloribus','Libero non quia rerum at in omnis quas aliquid. Odit iure exercitationem necessitatibus quis est neque optio. Molestias dolorem iure et id et sit.','359.30','9','2019-08-13 04:03:12','1979-05-28 09:49:41','1'),
('772','sint','Iure qui qui quos eos. Et distinctio maxime itaque nobis et suscipit. Eligendi occaecati maiores molestias porro id.','856055.80','6','1996-09-01 17:31:40','1999-11-22 22:08:00','1'),
('773','sint','Ut sequi commodi quidem dolor fugiat. Dolores quisquam sapiente sed eaque totam animi minus dolor. Labore fugit nobis et qui nostrum et non.','16570.66','3','1997-03-11 15:30:09','1981-08-15 02:57:45','1'),
('774','et','Rem facilis non omnis aut magni culpa voluptate et. Eius aperiam excepturi tempora laboriosam delectus ab. Aut dolores eum est laudantium adipisci.','19.50','2','1982-02-24 05:35:54','1971-06-27 13:00:22','1'),
('775','nihil','Sunt nihil deserunt sint natus debitis ut aut. Et cum eos vel. Adipisci dolorem earum et vero rem. Quod saepe est occaecati.','457799.91','3','1971-04-14 03:21:24','2003-06-08 18:50:12','1'),
('776','asperiores','Omnis impedit corporis reprehenderit et. Quidem quaerat nam voluptas adipisci labore culpa magnam. Architecto veritatis nostrum corrupti assumenda debitis.','532107.83','3','1984-06-14 21:55:09','2015-03-09 07:47:49','1'),
('777','aut','Omnis magnam officia animi totam. Minima porro fugiat accusamus. Magnam non illum vel ut. Accusamus debitis eveniet id accusantium repellat. Veniam sapiente eligendi quia quia ut cum eum.','0.00','9','2003-09-12 17:40:22','1975-03-18 08:29:51','0'),
('778','commodi','Dolorem aperiam exercitationem qui est soluta. Voluptatem quidem enim incidunt dolorum. Sit sapiente aut veniam minus explicabo. Autem a facere molestias ipsum fugit consequatur quasi.','8.93','5','1996-12-01 14:50:45','1987-11-24 17:29:16','1'),
('779','et','Voluptatem assumenda sed nihil delectus numquam beatae. Quasi odit quia inventore ut consectetur molestiae qui et. Alias eius cupiditate et ex voluptatem voluptas est. Vitae quaerat quis est.','142187.02','1','1986-06-27 16:21:22','1975-02-26 18:16:38','1'),
('780','sapiente','Perferendis asperiores laborum laboriosam reiciendis ipsum. Sit similique molestiae deleniti tenetur placeat sed id. Architecto beatae ipsa illo dolorem. Quo et inventore velit non dolor.','11.10','4','2012-09-23 02:29:19','1974-03-06 04:18:07','1'),
('781','consequatur','Molestias optio et et ducimus. Blanditiis expedita veniam error porro omnis. Atque inventore consequuntur ut voluptatem iusto rerum. Officiis aut harum eius rem est.','0.00','8','1994-11-30 10:26:03','1990-09-06 16:43:14','0'),
('782','quis','Quia esse laborum ut. Id sapiente accusamus quasi eaque. Tempore est impedit debitis consequatur. Dolore quas maxime et voluptas ducimus consequuntur.','1062.96','10','1971-08-06 23:48:45','2014-08-07 18:07:12','1'),
('783','illum','Eveniet culpa commodi sapiente natus a velit eos ullam. Eos nam error veritatis porro sit quidem. Dignissimos ut quaerat quia.','7.56','10','1977-04-24 03:35:55','1987-11-13 13:10:35','1'),
('784','perspiciatis','Perspiciatis reiciendis voluptatem est repellendus quia id. Atque eos consequatur dolores quam cupiditate ad. Et a vel voluptatum consequuntur iusto asperiores quam.','6.00','10','1978-01-29 14:37:41','1983-01-03 21:53:07','1'),
('785','aut','Dolores voluptatibus quia magnam non. Voluptates minima optio reprehenderit repellat quis esse consequuntur. Sint rerum dolorem aut aspernatur.','73102.30','7','1976-10-18 10:58:00','1995-10-23 02:02:13','0'),
('786','illum','Repudiandae veritatis eos et libero quidem. Ipsa quasi veniam iusto magnam dolores id ut. Consectetur veniam voluptatum dolore. Nobis est voluptate rerum culpa.','18125569.80','5','1975-05-04 07:04:14','2005-06-15 02:30:21','1'),
('787','veritatis','In dolorum ut dicta omnis fuga dignissimos voluptatem vitae. Ut pariatur iure enim quam. Dicta non reiciendis facilis nihil praesentium et exercitationem. Ut omnis tempore fugiat architecto et.','35.13','4','2014-10-08 18:28:27','2008-07-18 07:09:30','0'),
('788','earum','Blanditiis rerum velit dolorem autem qui. Dolorum quis voluptas sapiente eveniet.\nNulla expedita porro autem sed error suscipit vero. Officia et earum accusamus culpa dolorum.','23.00','4','1977-11-08 06:15:07','1989-07-07 21:50:28','1'),
('789','blanditiis','Hic sit adipisci consectetur. Fugit voluptatum pariatur qui et exercitationem aut nemo. Delectus alias impedit earum ea quia eius.','13.72','10','2001-06-15 20:03:15','2010-07-25 23:03:30','1'),
('790','voluptates','Quaerat eveniet beatae neque dignissimos maxime. Iste reprehenderit deleniti aut ratione facilis ut. Voluptatem nesciunt dolor facere.','40065153.00','6','2012-01-13 15:06:20','2008-11-25 01:10:50','1'),
('791','cumque','Excepturi assumenda ut corporis est sapiente. Adipisci perferendis natus id ut tenetur maxime omnis quis. Eaque facilis tempore maxime.','0.00','6','1989-12-28 22:49:59','1995-06-22 02:32:41','1'),
('792','et','Possimus est rem nihil velit ipsa adipisci nulla. Esse est quia eius quisquam voluptatem aut error. Voluptatem molestiae est iusto voluptas nihil expedita consequatur.','29.61','2','1993-10-22 15:26:53','2015-06-22 02:12:00','1'),
('793','occaecati','Qui occaecati omnis dolore repellat aliquid. Exercitationem sint fugit quidem sunt. Cumque beatae dolorum rerum sapiente. Sint molestiae dignissimos explicabo dolores.','11.41','2','1972-10-27 05:48:24','1971-11-18 04:00:38','1'),
('794','eum','Qui et eos recusandae quis. A qui veniam sequi tempora autem eos atque. Quisquam numquam sunt sit quam.','16726.00','7','1996-10-20 15:11:25','1991-06-30 05:42:34','1'),
('795','eaque','Voluptatem illo voluptates veniam velit. Nihil nihil blanditiis eius id. Voluptatem sit est harum.','3939.10','2','2006-06-30 19:14:10','1985-12-29 12:05:23','1'),
('796','ducimus','Est labore est consequatur quia. Ea sint exercitationem perspiciatis adipisci est debitis itaque doloribus. Neque ratione non corporis corrupti. In temporibus maxime ipsum.','9.16','10','1988-07-01 02:00:41','2018-01-24 07:33:21','1'),
('797','assumenda','Fugit consequuntur id modi labore magni numquam porro. Nobis omnis unde fuga porro id. Aliquam ex dolores vero consectetur architecto dolorum.','10.69','6','1988-04-27 20:09:12','1995-12-25 00:09:23','1'),
('798','qui','Consectetur in nesciunt rerum consequatur mollitia. Recusandae voluptas iste et aut quae. Iusto omnis quo accusantium non voluptas. Praesentium nihil aliquam dolor est non minima harum.','14.41','7','2019-07-19 18:57:55','2018-08-12 17:28:07','1'),
('799','id','Repellendus numquam minus quos vitae qui. Soluta rerum delectus est officia earum nulla maxime. Voluptas tempora quibusdam consequatur deleniti expedita.','74.75','9','1983-12-31 06:30:25','1981-03-21 01:31:13','1'),
('800','vero','Est quidem molestias harum aliquid. Recusandae odio ut esse odit. Sit magnam porro soluta cupiditate beatae voluptatem praesentium. Eveniet quasi laborum a non officia.','677400.26','5','2000-12-03 05:10:23','1984-05-26 17:06:08','1'),
('801','animi','Aut nostrum voluptatem perspiciatis dolor. Ut alias ipsa maxime eum beatae et quis. Consectetur ut quisquam voluptas quam fugiat qui labore.','8464745.68','8','1986-07-26 21:44:26','1985-12-01 20:01:03','1'),
('802','veniam','In a aliquid quam voluptatem nostrum. Voluptas tempore possimus facilis consequatur nihil illum. Nihil nihil aut et neque impedit voluptas magnam.','1220949.30','7','2006-09-02 17:41:21','1978-04-22 19:49:45','1'),
('803','excepturi','Perferendis a iure ea consequatur eos ut. Non quis rem voluptatibus qui maiores id ut non. Et quod maiores in et iure rem. Magnam praesentium incidunt illo dolor quia.','12376.55','10','1981-10-19 09:55:05','1971-05-04 15:56:22','1'),
('804','autem','Sapiente tempora est quis sed voluptates similique. Fugit aut incidunt suscipit et placeat id. Qui et et dolor aut. Exercitationem quia doloremque sit maxime accusantium ut.','1542581.02','10','1973-11-11 14:30:12','1998-11-30 07:05:56','1'),
('805','nobis','Vero fugiat omnis tenetur. Et voluptate quaerat omnis nam velit. Ut minima delectus dicta adipisci et error. Ea corrupti totam sequi et.','278376.71','9','2010-07-22 05:45:25','1982-07-04 07:06:55','1'),
('806','saepe','Consequatur ut aut ex saepe omnis cum. Ut voluptatem quia quisquam omnis voluptate. Voluptate veritatis perspiciatis amet sit accusantium. Suscipit eos animi autem dolor ut sit.','0.00','2','1987-03-07 10:58:33','2013-08-14 12:41:26','1'),
('807','fuga','Vel reiciendis quia modi. Culpa perspiciatis non beatae est. Ut aspernatur sit quasi cum modi totam.','633.00','3','1997-08-19 13:17:16','2017-09-09 23:02:08','1'),
('808','in','Sed illum vel itaque pariatur. Labore quam cumque quam laborum id consequatur odio. Est aut hic cumque id voluptatem labore sed. Veritatis repellat fugiat sunt.','10939.32','7','1991-07-22 22:53:55','2001-04-21 10:57:35','1'),
('809','praesentium','Numquam similique ut nihil aut quae quae numquam. Et voluptatibus sit libero eaque. Rerum enim autem eum non aperiam aut asperiores rem. Iste eos repudiandae id delectus nisi et earum.','98041.46','6','1997-08-01 11:28:41','1989-04-28 14:56:54','1'),
('810','facilis','Est amet eum nulla alias quis. Nobis veniam autem exercitationem tempora aut ea omnis totam. Consequatur ducimus esse fuga vero sequi iste reprehenderit.','9147820.57','3','1981-02-05 02:35:13','2014-03-31 22:18:55','1'),
('811','incidunt','Et et qui ea soluta quo sint quis excepturi. Accusantium natus vero alias sint tenetur asperiores et. Voluptatum nam accusantium quod quidem ad pariatur atque.','394.42','1','2004-02-16 07:30:51','1999-06-01 00:30:52','1'),
('812','vero','Quisquam rerum dignissimos sed modi est. Quis quisquam pariatur vel eligendi.\nVoluptatem vel dolores iusto. Rerum corrupti maiores aut.','0.00','3','1989-12-13 21:56:28','1975-07-31 06:26:43','1'),
('813','eveniet','Harum iusto quidem provident ut officia labore neque vel. Amet facilis ipsa est natus mollitia nisi eum. Est exercitationem ut at voluptas. Rerum non earum non suscipit enim vero.','4166.51','3','1995-10-09 07:10:58','1983-09-17 05:33:24','1'),
('814','saepe','Veritatis vero molestiae veritatis ab unde ea sit. Neque accusantium voluptatum veniam. Alias quia cupiditate adipisci velit esse iste. Sit iusto tempore maiores.','69689.92','1','1999-03-07 18:54:18','1995-01-30 05:02:40','1'),
('815','repellendus','Et dolorum dignissimos animi magni sit. Totam asperiores sit qui nostrum ut hic illum est. Laudantium cumque consequatur ea. Recusandae vitae quia autem.','45237791.01','3','2007-08-04 22:47:00','2007-05-10 11:26:02','1'),
('816','vel','Asperiores consequatur aperiam eveniet ab beatae. Porro a vel ea nobis dolorem. Non accusamus atque fuga similique. Fugit modi mollitia aperiam doloremque.','21.16','9','1999-04-13 16:47:20','2015-10-23 05:48:13','1'),
('817','totam','Qui quas facilis molestiae quidem illo molestiae explicabo nulla. Ex magnam rerum quae molestiae ducimus est eligendi. Consectetur sunt sapiente eum ut qui quidem ea. Veniam sed id nihil omnis sint.','45.21','5','1993-06-21 19:59:08','2010-08-07 09:26:05','1'),
('818','alias','Alias voluptatum sed nihil impedit. Minus molestiae illum optio. Sed non adipisci dolores. Similique ut impedit voluptatem ipsam quibusdam deserunt.','3643671.79','7','1987-08-15 20:33:47','1988-08-24 05:52:50','1'),
('819','ut','Aut et vel et aspernatur. Ducimus dolor tempora dolores quo. Laudantium laudantium repellat est dolores eos aut atque sit. Deserunt dolores omnis veritatis adipisci sunt modi.','728104.60','3','1981-07-26 11:41:38','2017-04-04 20:16:01','1'),
('820','rerum','Itaque temporibus id quo rem consectetur. Et amet dolor est mollitia non maiores. Aliquid aut et modi ut.','1332.20','5','2016-05-03 01:31:02','2011-01-14 12:12:32','1'),
('821','sapiente','Architecto quo distinctio sunt similique accusantium ut aut pariatur. Repellat voluptatem dolorem aut dicta asperiores. Suscipit asperiores molestias ex laborum earum aut. Eos et est aperiam.','1699818.55','2','2017-03-25 11:27:29','1984-02-10 20:52:55','1'),
('822','sint','Minima voluptatem natus eaque numquam eum sed. Modi ipsam quia laboriosam aut atque. Assumenda facilis sed qui iure ut. Laudantium sed ut illum corporis.','79454421.00','8','2000-05-18 12:58:12','1974-11-17 04:51:30','1'),
('823','neque','Officiis unde pariatur et sit. Incidunt officiis tenetur nobis voluptates. Occaecati id ut blanditiis officia qui. Voluptate aut nam necessitatibus provident aut illum.','2987398.27','6','1976-07-13 00:06:38','1972-07-16 01:01:11','1'),
('824','et','Non dolorem ut officiis nam est cumque. Temporibus consequuntur sint rerum debitis amet. Sed quas dolore omnis quo quia rerum.','1.22','3','2001-11-26 03:30:13','2013-10-14 13:25:24','1'),
('825','sed','Accusamus qui ea dolor sapiente. Laudantium beatae qui pariatur enim. Eaque placeat eveniet aliquid ipsam minima est. Repellat repellendus sunt sapiente voluptas accusamus.','74.10','5','2017-05-20 17:21:15','1995-07-04 01:08:35','1'),
('826','vel','Quibusdam hic assumenda eligendi corrupti sint exercitationem. Animi sunt aut ullam sed dolor possimus. Quo ut est voluptatibus ut aspernatur voluptas qui qui. Nam ea et a.','295949.27','8','1983-08-04 13:22:54','2000-03-23 11:01:07','1'),
('827','unde','Dolorem maiores ipsum consectetur qui sapiente. Eos consequatur libero neque delectus qui dignissimos voluptatum. Nostrum velit voluptates dolores ipsam reprehenderit odit.','1890214.17','3','1985-05-03 23:28:03','2002-08-25 08:13:32','1'),
('828','dolores','Magnam at qui beatae ipsum. Molestias neque dolore molestias dignissimos. Minus animi doloribus quia aut eum.','40360076.08','10','1985-01-22 02:30:46','1977-12-08 12:40:13','1'),
('829','minus','Quibusdam praesentium ullam sapiente et voluptates sapiente optio nostrum. Quas quis sunt est placeat aliquam sed necessitatibus. Rerum ad velit eius aut quaerat cupiditate.','55275.79','4','1989-12-15 22:06:01','2010-05-29 19:17:35','1'),
('830','expedita','Rerum labore sit perspiciatis inventore. Fugiat dolores saepe provident itaque fuga.','3.38','1','2009-05-01 00:38:26','1982-06-29 14:29:06','1'),
('831','consequuntur','Distinctio id dolorum ab saepe qui culpa. Sint ex est doloribus porro quo iste aliquam. Labore quia mollitia ex. Laboriosam est qui eum aut eveniet quam libero.','2399.32','4','1981-11-22 16:56:38','2014-12-25 00:13:56','0'),
('832','quibusdam','Eum libero molestiae soluta culpa eos excepturi. Possimus sit non provident dicta laboriosam dolores. Qui voluptatem sed in. Eaque itaque corrupti dolorum et inventore cupiditate voluptates.','206.30','2','2004-08-17 05:27:41','1991-12-12 01:24:57','1'),
('833','ea','Nihil voluptatem repellat itaque ullam. Dolores autem doloribus at. Dolor est ullam laboriosam eaque iure vero aut. Officia enim repellat molestiae earum.','0.00','8','2008-08-27 08:40:37','1971-06-25 23:41:25','1'),
('834','quos','Sed doloribus tempora consequuntur voluptatem. Qui sint provident in est nemo reprehenderit. Quis in ex sit ipsam voluptatem amet.','378421361.77','4','1978-01-10 01:15:27','1987-09-09 04:47:53','1'),
('835','at','Unde qui cupiditate quam quos quod. Nesciunt qui exercitationem et fugit temporibus dolore eum. Maiores quos alias est autem.','130.00','2','2000-06-02 01:04:58','2001-01-25 18:20:46','1'),
('836','dicta','Modi et voluptas deleniti rerum aliquam debitis molestiae. Vel sint nostrum cupiditate molestias. Voluptate optio labore eos aut repellendus. Facere rerum dolore est deleniti.','1159.73','6','2000-01-14 16:10:20','1991-02-13 19:21:14','1'),
('837','deserunt','Ut dolorem incidunt dolorem dolor quidem magni. Vel qui et et rerum impedit nostrum aliquam eveniet. Eveniet explicabo eos repudiandae sed ut provident.','26362079.11','5','1987-03-11 15:41:30','1984-11-13 22:26:27','1'),
('838','quas','Totam beatae quia incidunt et vero facilis aut. Numquam aut est tempore incidunt. Quae autem voluptatem dolore nihil. Neque ullam et delectus rerum ducimus.','1030640.50','5','1986-11-21 17:07:54','1971-08-31 20:38:24','1'),
('839','asperiores','Consequuntur est odio est dolorum et quia. Dignissimos accusantium qui dolores ut quo assumenda. Mollitia maxime ipsum necessitatibus rerum.','16879.95','2','2003-04-21 18:44:23','1994-10-01 15:29:50','1'),
('840','et','Sunt non occaecati voluptates quia impedit ipsa. Animi dicta ea inventore dignissimos repellendus ipsum sint. Ex delectus sed natus. Quia quas earum nihil libero.','23746.66','1','1989-02-15 07:39:32','1982-04-12 19:01:07','1'),
('841','corrupti','Iure culpa excepturi eligendi eaque saepe. In omnis quia quia ab.\nDistinctio enim debitis ipsa dolorem eveniet eveniet illo. Omnis cum itaque vel molestiae. Enim in eum qui dolorem similique quo.','0.49','7','1976-08-29 12:15:03','1981-05-09 05:21:24','1'),
('842','iste','Voluptas eius ullam beatae consequatur. Incidunt similique nisi iure perferendis itaque. Sit earum accusantium est porro provident. Deserunt voluptatem itaque expedita est assumenda non sit.','328122.60','3','1989-01-05 15:14:51','1989-10-26 05:05:30','1'),
('843','placeat','Et necessitatibus eos repellat sed accusantium beatae. Dolores eaque a et corrupti eligendi fugit itaque. Voluptas expedita quod odio accusantium optio totam. Rerum nisi non fugiat labore et.','24292935.94','4','1989-02-02 23:41:53','1999-08-02 17:12:59','1'),
('844','laboriosam','Ipsa odit exercitationem qui ex. Asperiores laborum saepe nam ea qui. Autem impedit qui aut esse fugiat. Modi quibusdam numquam unde nihil veniam voluptatibus.','1276.48','10','1990-02-17 23:14:33','2019-11-08 10:24:23','0'),
('845','maxime','Officiis enim repudiandae accusamus. Ullam aperiam et nostrum necessitatibus est. Recusandae eos consequuntur veniam velit quis ipsam.','0.00','3','1990-03-18 16:15:54','1975-02-19 01:57:49','1'),
('846','occaecati','Iste illo harum quo quidem totam eum consequatur. Qui praesentium nulla sapiente. Ut fugiat enim officiis ab. Qui quaerat rerum sed dolorem fugit doloribus.','0.00','7','1989-02-08 22:14:37','1993-04-16 01:30:27','0'),
('847','rerum','Dolor quia vero itaque odio voluptatibus rem at. Voluptatem facilis fugit qui quia quia placeat. Perferendis porro qui rerum reiciendis.','0.00','8','2001-03-24 06:16:51','1994-06-12 23:12:08','1'),
('848','aut','Accusamus itaque voluptate consequatur ipsam. Molestiae ad quo nemo est et molestiae labore. Et magnam et temporibus ratione consectetur.','6554.90','7','1992-11-17 14:51:42','2009-07-08 01:55:38','1'),
('849','dignissimos','Quasi ducimus nihil ab et nesciunt id fuga praesentium. Sequi fugit quia a voluptatem eos error. Voluptatem magni dicta quod repudiandae quo. Neque maxime et fugiat laboriosam est.','1722.38','3','1971-11-18 09:50:21','2002-01-30 08:10:05','0'),
('850','fugit','Quos et necessitatibus eveniet sed nostrum ea sit alias. Dolor eveniet dicta fugiat deleniti. Distinctio occaecati distinctio error omnis. Quaerat et possimus soluta sit cumque laborum.','0.00','1','2017-09-17 20:41:49','1982-02-19 06:49:53','1'),
('851','nihil','Recusandae amet corporis laborum corrupti sit pariatur aliquam. Sint sapiente unde aut sint itaque laudantium. Maxime quidem aperiam consequatur et sunt quos voluptatibus.','408.01','1','2010-09-08 04:19:55','2007-09-24 15:18:47','1'),
('852','exercitationem','Quae placeat non necessitatibus numquam. Ut quam rerum dolor commodi impedit. Fuga iure aut aliquid harum occaecati delectus autem. Quas porro dolorem corrupti alias.','51202.04','5','1994-10-16 03:52:21','2009-11-09 13:46:44','1'),
('853','sed','Facere ratione vero voluptas. Asperiores est dolorem sed ab deserunt nam quia. Eos sequi assumenda porro eaque cupiditate impedit quod.','116026560.40','9','2015-03-08 20:09:19','2002-07-01 03:38:16','0'),
('854','voluptas','Repellendus ut vel qui fugit. Quo nam perferendis accusamus molestias ipsa et. Ducimus quia qui sint ad aliquid minima dolor unde. Earum et aspernatur deleniti magni voluptas fugit nisi.','437458.96','7','2018-01-09 10:34:30','1994-03-01 00:53:20','1'),
('855','quis','Accusamus omnis provident nulla porro iure aut sed. Perferendis suscipit esse quo distinctio eveniet quidem voluptas. Magni unde repudiandae asperiores quam.','15.11','7','1993-01-11 16:41:43','2017-07-23 13:16:05','1'),
('856','libero','Sed officia ipsum voluptatum excepturi. Qui quia qui ut qui sed. Aspernatur ducimus ex aliquam. Ullam non pariatur repellat aspernatur iusto temporibus non nostrum. Rerum ut quia sint explicabo.','14.19','3','1987-06-22 05:33:52','1997-11-27 02:07:22','1'),
('857','et','Quae rerum laborum ut magni sunt. Blanditiis aut et ab. Distinctio incidunt qui est et quisquam voluptas.','18105775.35','5','1985-07-18 18:59:46','1971-05-12 07:15:07','1'),
('858','et','Animi provident dicta rerum voluptate voluptatem. Non maxime voluptas qui quo ab. Molestiae eaque quia sit amet.','6.96','10','1994-12-17 15:03:11','1998-09-26 08:29:59','1'),
('859','voluptas','Recusandae facere necessitatibus beatae ad. Officia debitis consequatur quia. Culpa reprehenderit saepe reiciendis sunt animi quia veniam. Sequi non autem rem sint.','4122.59','2','1996-01-09 11:59:02','2002-03-03 04:45:36','1'),
('860','doloremque','Minus exercitationem animi temporibus commodi esse autem. Sunt sit eius quo. Quisquam illum esse ipsa necessitatibus. Sint vitae neque odio eos alias ullam.','5685862.84','9','1972-07-07 18:08:25','1981-10-04 19:51:17','0'),
('861','animi','Voluptatibus dignissimos inventore quia est reprehenderit repudiandae. Praesentium voluptas dolores occaecati commodi minus praesentium pariatur et. Dolorem omnis quia quia.','784712061.95','1','1971-11-04 17:34:32','1982-07-13 09:58:41','1'),
('862','suscipit','Fugit et perspiciatis sed id quibusdam aperiam. Quam sed quia placeat odio. Aliquam explicabo eligendi eligendi sint voluptas itaque.','16455.70','6','2019-09-21 02:57:44','1997-10-26 07:22:28','1'),
('863','accusantium','Unde dolorem in est. Et quod deleniti dolorem id. Ea velit eum totam est fuga adipisci. Nihil possimus magni eveniet facere id.','83937.99','10','1974-06-28 06:20:05','1981-11-21 21:07:19','1'),
('864','quaerat','Ipsam nihil sed molestias minus. Aut et quas molestiae non iure impedit. Quibusdam earum ullam veritatis molestiae officia nostrum. Ab possimus eum officia ab deserunt eveniet necessitatibus.','44.43','8','2019-01-03 23:03:48','1974-05-20 14:57:49','1'),
('865','harum','Totam ipsam voluptatem explicabo possimus. Et quaerat labore rerum quia excepturi. Perferendis soluta ipsum incidunt necessitatibus.','7.31','9','1982-08-22 16:24:09','1970-11-02 07:23:38','1'),
('866','quo','Esse cumque tempora pariatur ea. Rem aperiam qui quisquam ducimus praesentium et. Magni omnis animi excepturi.','0.00','1','2000-11-06 21:47:36','1992-11-08 16:39:25','1'),
('867','quod','Ut nisi laboriosam cupiditate sint. Officiis fugit similique sint consequatur harum amet corrupti. Ipsa ullam magnam esse fugiat.','1382.34','4','2017-03-07 01:26:36','2009-08-30 13:14:58','1'),
('868','dicta','Ea maxime dolores eos sed. Vel voluptatem ex vero aliquid. Sapiente nemo eos qui sit. Ea voluptatem a itaque facere aut sit.','14.50','4','1984-07-07 15:23:33','1989-08-16 07:01:01','1'),
('869','recusandae','Rerum beatae eum odit amet. Voluptas cupiditate esse hic molestiae nihil aliquid. Non magni molestias tempora.','3.14','6','2005-02-11 15:22:41','1997-03-02 11:30:07','1'),
('870','est','Cupiditate at omnis ipsum est occaecati iste expedita assumenda. Similique possimus ut provident ad. Qui repellat quia asperiores dolorem.','5396554.72','6','1993-08-22 02:56:40','1994-02-12 17:47:32','1'),
('871','autem','Id optio quam architecto maxime eum necessitatibus perspiciatis. Doloribus eum dolores perferendis doloremque voluptate maiores.','0.00','4','2002-02-13 02:57:58','1994-08-25 21:57:44','1'),
('872','quia','Et ipsam sint quis tenetur in aut corrupti. Rerum dicta iste esse debitis accusamus eum nobis. Ratione occaecati nesciunt qui qui et.','86.50','2','1982-04-14 18:05:27','1983-08-21 11:44:00','1'),
('873','exercitationem','Labore animi voluptas ut alias ea. Voluptatum quis ipsam eaque atque. Facilis aut dolorum repellendus rerum sunt. A sapiente officiis est esse. Omnis illum est velit quis quis omnis ipsam.','6103.88','8','2005-10-26 05:39:50','2004-02-13 17:32:08','1'),
('874','vitae','Natus ut fuga velit delectus esse eaque. Laboriosam commodi rem in repudiandae nobis. Corporis laudantium dolorem quia laborum. Ducimus autem consequuntur magni quasi repudiandae.','0.00','7','1989-02-22 23:35:18','2002-07-31 02:33:56','1'),
('875','eum','Ut voluptates nihil et aliquam rerum ratione perferendis. Aliquid in occaecati enim omnis optio temporibus consequatur. Qui repudiandae nisi non et illo ipsa.','2130683.24','2','2014-03-29 13:25:16','2004-05-28 20:09:41','0'),
('876','tempore','Dolor aut nesciunt repellat itaque qui. Dignissimos est aut consequatur praesentium. Velit autem exercitationem occaecati voluptates omnis consectetur quod repellat.','160493.04','10','2016-03-03 06:16:04','2016-03-18 02:55:51','1'),
('877','nihil','Maiores sunt debitis minima. Ipsum quia aut beatae rerum.\nPariatur ea beatae vitae voluptate harum. Vitae non nam quos amet dolorum facere sed. Itaque quas consequatur magnam aut error.','0.44','3','1979-09-28 09:24:18','1991-07-03 23:14:57','1'),
('878','est','Similique incidunt atque corporis perferendis enim ducimus. Eligendi repellendus voluptate autem aut. Vitae nihil ex aut ab ipsum quam quo.','4878.90','9','2015-08-16 01:27:09','1984-02-12 22:22:02','1'),
('879','error','Sed in et voluptatem consectetur consequatur numquam. Sed est accusantium dolorem a ratione earum. Aut et non voluptatem expedita et.','17651766.98','7','1992-10-21 07:53:42','2001-03-16 21:24:41','1'),
('880','possimus','Rerum est accusantium maxime quia. Earum mollitia asperiores molestias odit odio qui. Ipsam eos dicta beatae. Modi et ratione ut consequatur ipsum eveniet.','3971430.68','6','2016-04-20 15:15:59','1975-11-19 07:31:17','1'),
('881','velit','Inventore sed aliquam et suscipit praesentium nisi doloremque rem. At sed natus unde suscipit alias dolor.','2.78','9','2019-10-30 22:23:44','1977-02-12 22:20:30','1'),
('882','exercitationem','Ullam praesentium recusandae sed ea repellat est. Quis incidunt vel fugiat nostrum repellat ducimus dolore. Aspernatur necessitatibus fugit possimus modi.','506.16','7','1992-05-30 03:46:21','1984-07-24 00:16:12','1'),
('883','officia','Corporis et sunt rerum sapiente in fugiat. Odio nisi eos possimus fugiat ut reiciendis voluptatem. Aut nisi voluptas sint autem autem. Aliquam excepturi aperiam aspernatur non magnam.','1706206.00','10','2019-02-27 08:06:51','1982-08-14 03:21:24','1'),
('884','inventore','Expedita sint natus nulla neque consequatur. Vel ad sit velit et ipsam. Pariatur odio et quia voluptas voluptatem.','0.00','7','1986-09-18 04:55:46','1998-09-18 13:34:15','1'),
('885','illum','Voluptatem maiores est minus aut. Adipisci et excepturi iure repellat aut corrupti. Non sed excepturi id soluta sint fugiat.','4445.11','4','1992-05-21 08:28:25','1974-04-14 16:12:47','1'),
('886','eveniet','Laborum sapiente et a facere. Eum quia dolor mollitia ut eos tenetur quia. Magni vitae eius aut.','1820.64','7','1979-04-03 20:19:10','1978-02-15 09:25:08','1'),
('887','et','Tempora neque nesciunt exercitationem. Sint aspernatur veniam consectetur voluptatibus reprehenderit aut qui. Cupiditate et nulla officia quia nam soluta eos.','4010.12','9','2014-04-14 20:51:20','1995-09-05 20:37:44','0'),
('888','sunt','Dolorem laborum magnam voluptate nam in. Nesciunt amet harum corrupti qui ea. Non molestiae tempore odit ex.','322922.38','8','1980-03-29 16:11:01','2012-05-01 23:46:01','1'),
('889','minima','Eum ad omnis cupiditate. Maxime et voluptatem nihil eius dolor nobis voluptatum in. Voluptas expedita mollitia delectus labore. Aut natus autem eaque eius quam voluptatem.','51.00','6','1971-09-05 06:00:18','2018-07-27 08:54:16','1'),
('890','quia','Sed cumque qui sapiente quae qui magnam rerum. Consequatur delectus ducimus cupiditate aspernatur sequi enim est. Et nobis consequuntur qui repellat non rerum. Rerum delectus magnam nisi maiores.','0.39','1','1996-03-24 08:43:31','1998-03-31 04:40:44','1'),
('891','consequatur','Sed est harum odit laudantium. Perspiciatis delectus dolorem et dolorum dolores ipsam. Odit ullam molestiae cumque magni neque fugiat. Impedit velit perspiciatis nemo illo.','225517414.91','6','1985-05-12 08:08:01','1995-10-14 00:14:34','1'),
('892','ipsam','Dolorum non repudiandae velit et. Nisi sit cum dolorem. Ipsum rerum nam reprehenderit maiores fugiat suscipit. Eum unde quis unde porro qui.','923735515.42','6','2017-11-05 14:04:08','2011-09-26 02:46:15','1'),
('893','rerum','Magni est ea et repellendus explicabo ipsa nisi. Nisi nam perferendis et eveniet tenetur sit maxime.','16.71','7','2013-12-04 19:25:32','1993-05-02 09:11:13','1'),
('894','porro','Et eligendi fugit assumenda sed quia. Natus in nisi eum et unde deleniti aut. Est corporis et nemo et est nesciunt quibusdam. Qui qui illo aliquam occaecati dolor aliquid.','369433.67','6','1973-06-07 06:04:49','2001-10-07 09:34:02','1'),
('895','accusantium','Ut eligendi blanditiis hic voluptatem. Suscipit illo reprehenderit illum est. Porro qui omnis veniam quisquam provident dolor quidem. Earum perferendis velit quia.','79.30','4','2000-11-15 20:52:06','1990-06-30 03:57:09','1'),
('896','et','Blanditiis ipsum est expedita aut. Quisquam ipsam enim ut numquam aliquid aut quos. Esse et ab voluptates et voluptatem. Quaerat ducimus omnis quia porro accusamus facilis sed.','0.47','5','2009-04-09 14:43:09','1981-06-06 22:27:08','1'),
('897','totam','Aut praesentium est sed rerum. Et enim suscipit corporis saepe in molestiae eius. Odio eius et iste rerum reprehenderit. Rerum recusandae eos error adipisci labore.','3738.38','7','2000-10-15 23:05:15','2011-09-23 17:00:21','1'),
('898','eum','Harum at dolore quis voluptates. Aut laboriosam totam ut occaecati.','119088.00','7','2005-03-30 08:01:53','2008-04-24 19:12:25','1'),
('899','dolorem','Nobis dolor possimus aut et quisquam quisquam. Asperiores vel veniam rerum maiores voluptates. Eveniet assumenda unde odit voluptatem. Voluptatem soluta hic libero iste quidem rem facilis.','77.22','9','1971-12-05 09:07:42','2012-07-13 16:20:56','1'),
('900','aperiam','Quae voluptas sint nihil nesciunt sunt voluptatem. Autem possimus provident rerum commodi ab. Neque amet dolore provident temporibus inventore distinctio esse rem.','4.55','2','1984-11-12 13:30:18','1983-08-30 02:47:07','1'),
('901','omnis','Deserunt sunt voluptatem labore tempora sit est sapiente. Non excepturi possimus illo. Mollitia tempore rem voluptatem commodi eligendi doloremque.','11789200.04','2','1989-12-03 14:54:47','2014-01-03 13:45:11','1'),
('902','et','Quis sunt fugiat et impedit optio aut. Modi sed voluptate ut. Impedit eos est ullam vitae omnis.','10835002.81','2','2003-06-14 16:16:12','2011-11-16 14:20:11','1'),
('903','labore','Enim consequuntur est explicabo error repellat voluptatum officia dolorem. Eum eum omnis necessitatibus. Sit hic nihil tempore quo dolorum maxime.','0.00','4','1976-09-02 22:47:26','1992-08-31 20:29:07','1'),
('904','voluptas','Delectus ut aut iusto dolores. Dolor adipisci ratione voluptates error. Hic vel architecto est odit perspiciatis quas magni dolorum. Modi eaque nostrum id veniam.','38286513.33','9','2019-06-01 20:26:04','1989-02-28 23:32:43','1'),
('905','doloribus','Modi cum earum voluptatibus impedit consequatur vero autem. Rerum et debitis vel eum adipisci omnis. Tenetur et non eveniet sit.','11.83','9','2017-06-16 18:56:12','2009-11-11 05:08:21','1'),
('906','quia','Hic omnis ea voluptatem molestias consectetur ut facere voluptatem. Adipisci sit repellat nam ex. Atque quia in mollitia minima possimus. Necessitatibus recusandae optio saepe nam deleniti tempore.','4.00','5','2009-01-31 06:07:18','2019-03-04 07:04:06','1'),
('907','sint','Culpa culpa magni non odio harum. Perferendis et placeat repellat eos ducimus. Incidunt reiciendis ad enim natus est quia officiis aut.','4521373.80','9','1981-05-07 20:57:04','1993-04-04 18:11:40','1'),
('908','iusto','Itaque harum tempore vel ratione autem rerum odio. Dolore sed explicabo placeat possimus unde. Unde sunt iusto quo.','467449.79','2','1998-05-15 04:30:22','2006-11-02 08:35:03','1'),
('909','natus','Quia iusto omnis accusamus fuga et eum. Inventore dolor placeat impedit debitis corporis aut ipsa quia. Vel porro totam magnam qui velit tempore. Perspiciatis quibusdam autem quae doloribus.','410.19','4','1978-07-08 19:14:04','2013-01-02 16:09:00','1'),
('910','ea','Beatae laborum non aut voluptatem explicabo fuga. Recusandae dolores accusantium autem qui ea asperiores.','2580.97','5','1971-01-13 14:22:57','1992-08-27 04:13:35','1'),
('911','amet','Voluptas pariatur similique ea quia cumque. Maiores eum qui qui. Cupiditate laboriosam et est sint. Consequuntur velit rerum accusamus et necessitatibus vero sunt.','29.42','7','1983-07-04 13:48:47','1998-07-12 22:04:11','1'),
('912','quisquam','In sunt inventore eveniet fugiat. Libero asperiores est consequuntur. Dolor saepe est porro quia fugiat. Culpa voluptas quae enim ut.','0.00','2','1981-11-03 14:28:08','1978-01-27 20:22:39','1'),
('913','non','Dolorum et consequuntur eos eum voluptatem. Debitis ipsam quae atque odit ipsam sit dolores. Aut ullam tenetur et et. Quisquam quia consectetur aut perspiciatis laudantium consequatur debitis.','54.44','2','1974-10-25 02:05:38','1983-11-24 02:11:21','1'),
('914','optio','Vero ducimus deleniti a labore et tenetur. Labore maxime voluptatibus recusandae error cumque tempore. Cum odio quisquam sed aut eveniet nihil voluptas.','9396.89','6','1982-05-04 18:27:21','1976-10-05 13:09:52','1'),
('915','blanditiis','Est eos deleniti dolores. Quas nihil mollitia doloremque quis dolore distinctio. Quis ea et excepturi porro modi explicabo vitae.','4.35','9','2020-01-21 04:18:09','1985-05-26 16:11:27','1'),
('916','dolorem','Et illo eos consequatur et optio ut iure. Repellendus est et et rerum. Libero minus aut eaque in explicabo voluptatum. Excepturi mollitia aperiam rerum vel voluptatem et.','69957515.66','5','2007-12-14 13:59:43','1987-12-23 21:41:19','1'),
('917','nisi','Unde similique voluptatem vel. Fugiat vitae et suscipit ad. Dignissimos cumque molestias quia omnis sed.','1.34','3','2018-11-11 15:52:18','2002-12-30 08:07:24','1'),
('918','qui','Blanditiis cupiditate laboriosam animi omnis sed. Sit modi reiciendis dolores deleniti. Laborum voluptas in cumque earum reprehenderit quis.','1.50','8','2000-10-13 05:09:29','2015-05-18 17:23:43','0'),
('919','est','Et explicabo sed assumenda quis voluptatem omnis. Similique laudantium quo ipsa alias molestiae eum nobis delectus. Similique non blanditiis expedita nemo. Sunt natus cum qui vitae.','35285.52','3','2015-08-25 06:46:20','1985-04-21 04:27:43','1'),
('920','dolor','Perspiciatis voluptas omnis numquam aliquam autem tempore commodi. Pariatur corrupti iusto nihil quia non. Est eveniet ut error reprehenderit labore voluptatum maiores.','0.00','8','1993-01-12 05:01:59','2002-03-14 22:17:20','1'),
('921','dolorem','Accusantium ab perferendis magnam reprehenderit. Aut sunt qui fuga molestiae. Sit necessitatibus deserunt sunt sit et ut qui. Nihil id quia mollitia.','1083.36','9','2019-09-15 02:20:59','2001-03-19 06:08:11','1'),
('922','quam','Impedit sit tenetur quidem porro ullam natus repellat. Ex quis quo dolore nemo sunt laudantium consequatur.','897.83','9','1970-10-27 07:22:54','2020-02-19 14:52:28','1'),
('923','voluptatem','Totam velit provident quas voluptatem est nisi dolor. Quibusdam et optio sed dolores omnis. Odit magnam voluptatem incidunt. Sed repudiandae explicabo natus odio. Rerum est dolor doloremque ut ut ut.','6.88','4','1980-06-02 03:03:26','2003-08-31 12:54:17','1'),
('924','voluptatum','Dolorem voluptatem molestias tempora esse debitis. Similique quisquam quia quos omnis ipsum mollitia. Debitis et autem corporis ut dolores.','2126.60','5','1993-11-27 02:57:53','1993-11-12 12:08:00','1'),
('925','omnis','Debitis ducimus quas provident animi ea a. Suscipit sed dolores laborum quos nobis laudantium qui. Sint ipsam cum dolorem eligendi fugiat. Ut rem et nisi consequatur rerum.','1.98','4','2008-01-05 11:14:59','1981-12-01 18:03:28','1'),
('926','maiores','Officiis consectetur iste vel beatae consequuntur temporibus. Qui quia assumenda autem. Id dolorum non veritatis eum. Et voluptas sit optio at accusamus iste. Autem harum aut saepe placeat rerum.','0.00','7','2017-09-05 05:37:27','2000-09-17 14:12:36','1'),
('927','itaque','Dolorem doloribus suscipit facilis ut expedita hic. Doloribus quis totam similique temporibus sint itaque. Eveniet sed laborum et nihil qui et rerum. Id aliquam quod excepturi beatae sapiente.','862.62','10','1994-02-07 07:03:55','2016-05-01 15:50:36','1'),
('928','blanditiis','Impedit ipsum dolores autem assumenda. Nostrum dolores omnis exercitationem. Odit et voluptatibus sed. Dolore repudiandae harum consequuntur placeat eos.','237.82','10','2010-12-07 15:23:09','1971-04-06 14:04:55','1'),
('929','possimus','Dolores ad ut veniam praesentium. Quos aut est deserunt nulla. Quisquam commodi sunt a aspernatur quo. Autem suscipit suscipit aliquid harum.','1720.84','3','1985-05-12 23:15:06','1994-11-24 15:58:54','1'),
('930','beatae','Aperiam aut consequatur sequi aliquam nemo rerum nostrum. Necessitatibus magni veniam aut culpa inventore. Possimus ullam nemo exercitationem.','167998122.18','8','2000-10-10 03:41:41','1983-05-06 09:14:22','1'),
('931','et','Voluptatem repellendus ut qui ut expedita ratione. Ut eos ipsum quia. Ducimus impedit ea est et placeat. Eum qui et corporis omnis fuga et officiis.','723.34','2','1988-10-13 06:12:42','2011-10-11 04:22:27','1'),
('932','rerum','Fugit officia nisi quasi velit quae natus. Dolor voluptatem aut numquam minima nisi animi. Perspiciatis ea et tenetur enim sunt reiciendis sed. Possimus et rerum sequi adipisci nulla id.','3.00','5','1972-10-16 17:30:14','2000-05-28 22:45:58','1'),
('933','autem','Qui cumque voluptas sit tempora velit harum. Temporibus saepe illo voluptas alias. Quos quo asperiores minus mollitia tenetur.','90892.89','10','1977-03-18 15:38:04','1997-05-13 13:23:18','1'),
('934','quasi','Eum tempora reprehenderit id et. Voluptatem laboriosam culpa impedit architecto quia soluta fugiat eaque. Iusto qui quibusdam quaerat molestiae.','257.49','5','1994-01-07 10:59:05','1971-12-07 23:43:18','1'),
('935','itaque','Dolorem qui exercitationem aut enim temporibus. Et in omnis inventore consequatur ut temporibus neque. Aut ut hic ut debitis optio ut.','237033.90','3','1989-02-10 15:51:48','2006-02-21 23:14:22','1'),
('936','consequatur','Similique consectetur nisi dolorum ut et eos quis. Temporibus est repellendus officiis vero doloremque. Rerum est et excepturi quo qui quos totam quisquam. Est in eos sunt eum ipsam consequatur.','453566926.26','8','2018-06-02 15:05:57','1982-08-19 00:08:31','1'),
('937','et','Illo commodi odio at et ut odit. Et excepturi sit laudantium qui mollitia consectetur.','66674.47','10','2017-01-09 06:12:48','2008-09-17 12:39:14','1'),
('938','maiores','Facilis exercitationem quae autem eum est odit quia. Officiis in et dolores laborum. Perspiciatis iusto et tempora iure.','52.85','1','2000-07-11 03:33:35','2017-12-05 19:18:51','1'),
('939','qui','Dicta numquam sed quas ea eveniet. Et laborum enim qui enim illo est. Sed assumenda modi earum ut sint quis quis.','1.51','10','2015-10-19 16:17:56','2012-12-14 02:04:50','1'),
('940','atque','Aut repudiandae voluptas eos non et dolores sunt. Sunt eum voluptatem nam accusantium esse nam. Qui ex aut aut nam. Quod possimus nostrum quod dolor commodi. Sit vitae omnis accusantium quisquam qui.','13521725.00','3','2000-05-10 04:10:20','2009-11-28 04:21:39','1'),
('941','quo','Non est alias occaecati et. Asperiores quis rerum quas minus in eum. Cupiditate neque in voluptatem nisi.','284522.26','6','2009-04-21 15:19:04','1971-10-13 04:56:04','1'),
('942','consequatur','Enim quas iste omnis et dolorem error. Ducimus sequi commodi harum et saepe magni vel. Iure occaecati est expedita mollitia eligendi corrupti. Vel animi deserunt quibusdam fugiat animi.','7109.30','7','2000-06-01 03:36:17','2008-07-08 08:13:56','1'),
('943','et','Voluptate ab magni autem eligendi. Ut laborum aut nobis et repudiandae enim. Doloremque qui vel ipsam. Aut consequuntur fugit maiores voluptatem.','684359.61','5','2003-10-16 14:53:53','2006-01-04 13:51:29','1'),
('944','totam','Praesentium praesentium blanditiis et ut doloremque aliquam. Non ad blanditiis explicabo nulla quae sequi sed. Commodi voluptatem cumque nobis voluptas.','0.00','7','2006-02-19 10:24:50','2004-01-12 22:42:28','1'),
('945','minima','Praesentium pariatur ut velit voluptate omnis. Aut molestias et voluptatem a. Eos blanditiis sint eligendi sint veritatis. Totam consequuntur pariatur facilis autem.','245338707.17','3','2007-03-21 19:59:28','1995-05-21 01:50:46','1'),
('946','dignissimos','Id quas sed odit qui quis. Corporis praesentium accusamus repellendus rerum distinctio voluptas amet rem. Quos adipisci sit nostrum iusto. Numquam quaerat possimus iste est molestias ut.','254.55','4','1999-05-12 17:36:52','2006-01-24 11:47:31','1'),
('947','non','Eaque magnam voluptatem et nihil non labore omnis. Similique eos dignissimos vel aut. Eos ut laborum atque qui iure consequatur corrupti. Quod voluptatem quis error temporibus.','6216.64','1','1971-05-14 11:36:50','1981-09-20 19:34:47','1'),
('948','quasi','Voluptatem dolores laboriosam laborum et fugit quidem. Omnis aperiam optio itaque voluptatem sunt omnis temporibus asperiores. A laborum sint et vitae. Rerum aliquid eveniet dolor cum architecto.','0.46','5','1977-04-27 17:15:24','1973-12-24 09:28:29','1'),
('949','asperiores','Eos at a aut omnis rerum. Sit cum vel facilis voluptatum. Assumenda fugiat nihil corporis autem quisquam iste quia. Perspiciatis dolores non deserunt dolor labore.','0.55','1','2017-07-21 06:52:25','2014-09-29 20:13:29','1'),
('950','perferendis','Quam autem cumque quia placeat. Tempora rerum fuga architecto hic consequuntur laborum. Est harum placeat quo corporis tempora natus voluptates. Porro facilis est sunt expedita veniam.','742691.94','4','1999-09-09 19:32:56','1988-03-01 16:51:29','1'),
('951','est','Vero beatae dolores numquam consequatur placeat eos. Eveniet voluptates eaque et. Vel veritatis deserunt culpa minus laudantium.','34543383.26','2','1999-05-22 03:59:17','2015-07-22 16:20:17','0'),
('952','repellendus','Qui praesentium sunt quas dolore aperiam. Sequi mollitia veniam illum.\nA iste sit eum quibusdam eaque corrupti enim. Suscipit ea at perferendis nostrum sit. Quod ut corrupti rerum explicabo ipsum.','0.00','10','1987-04-23 21:20:33','1992-12-19 17:35:58','1'),
('953','ut','Laudantium nesciunt soluta alias. Neque tenetur sint ipsam.','23.93','2','1988-05-15 12:50:12','1994-09-03 04:05:52','1'),
('954','sint','Totam facilis autem aut. Dolore quis sunt cupiditate dolorum quisquam suscipit. Enim quo quidem facilis enim aut dolorem autem. Quos omnis error et repudiandae et.','24.92','5','1999-06-26 12:28:33','1996-05-24 03:55:51','1'),
('955','non','Molestiae aliquid quidem soluta vel. Nisi alias veritatis dolorum vel dolorem ad iste. Tempora dignissimos sit sed excepturi accusamus autem. Corporis ut non maiores ut eveniet.','136838.13','4','2015-09-27 21:40:34','1993-05-05 17:50:16','1'),
('956','deleniti','Aut sint iste deleniti quam autem. Sed eveniet labore amet ullam et velit. Est modi necessitatibus minus sint velit commodi optio. Minima deserunt non qui voluptas tempora perspiciatis sit.','7429326.91','5','1970-07-22 17:19:02','2009-03-16 02:10:32','0'),
('957','recusandae','Earum velit laborum molestiae quis in. Alias ipsum optio non ullam. Ut aliquid quo sunt enim laboriosam eos et.','2693229.56','1','2016-12-28 11:51:49','1984-06-12 09:22:30','1'),
('958','perspiciatis','Eveniet aut sit sunt quis explicabo. Aliquam et quia officiis adipisci quibusdam. Ea ex doloremque et eaque sequi. Est eius dolores animi quam.','293666.48','4','1995-08-03 21:51:12','1972-01-05 17:20:09','1'),
('959','temporibus','Reiciendis pariatur quo ut non ullam eum. Velit expedita rerum consequatur. Ipsam explicabo dolore magnam neque recusandae natus esse. Voluptatem ea quia mollitia quibusdam eveniet itaque.','390649.93','5','1971-09-18 02:34:37','2015-01-03 04:26:01','1'),
('960','debitis','Quisquam similique sed aut fugit ut voluptas aspernatur. Occaecati quis pariatur aut fugit. Ad vel fuga repellendus quia vero.','14.79','4','1979-10-28 08:35:38','1994-08-25 13:30:05','1'),
('961','in','Eius voluptatibus unde consequuntur aut tempora deserunt. Dolore id perferendis et aut. Reiciendis molestiae aut adipisci veniam voluptatem. Earum praesentium sit minus non.','2.37','2','1982-10-31 01:30:02','1993-10-06 16:10:16','1'),
('962','soluta','Ipsa totam qui vero cupiditate enim facere. Deserunt accusantium blanditiis totam repudiandae minima. Mollitia et ut quam enim est.','0.00','7','2007-08-22 10:08:19','2017-09-14 02:44:08','1'),
('963','numquam','Ut facilis aliquam soluta fugit. Libero atque nemo incidunt vero voluptatem consequatur. Qui recusandae vitae reiciendis soluta ipsa ipsam ea. Quod a quos nulla.','1.09','8','1980-11-25 19:15:35','1984-08-25 01:30:56','0'),
('964','architecto','Nihil minima fuga et nam nulla. At autem et eum voluptas cupiditate nulla reiciendis. Culpa alias pariatur hic ipsum.','2012287.15','1','1989-12-12 19:21:06','1978-02-04 21:43:17','1'),
('965','quia','Laudantium exercitationem sunt nisi quo a nihil dolores delectus. Pariatur repellendus quia soluta vel dolores recusandae neque. In impedit est aliquam qui ut. Aut rerum dolorum laboriosam dolorem.','38003.11','1','2006-05-05 09:51:05','1980-09-21 16:40:14','1'),
('966','itaque','Sequi eveniet vero iste consequuntur expedita veniam dicta eligendi. Non placeat voluptatem mollitia nobis. Odit voluptas nemo minus repellendus aut. Molestiae expedita ullam saepe aperiam.','1.06','1','1994-06-10 12:14:19','1990-05-19 16:20:15','1'),
('967','id','Quas nisi tempora et ipsam. Illo id dolores quia quia est recusandae. Voluptates quia ut illum ut. Velit et in nisi omnis ipsa rerum dolorem.','74340.02','9','1978-03-09 00:25:45','1995-08-05 19:13:47','1'),
('968','quia','Beatae illo ut deserunt. A et sed optio blanditiis sint sint alias. Sapiente temporibus nisi at qui. Voluptas adipisci velit dolore assumenda eius ipsa soluta.','1463365.49','10','1980-06-15 16:48:57','1987-04-19 23:24:14','1'),
('969','similique','Nulla dolor dolores est aspernatur fuga unde. Illo soluta ad et et. Et laborum iste omnis laudantium quidem consequatur. Est optio quia eos et odio suscipit. Molestiae exercitationem eum voluptatem.','206.14','2','2013-03-11 22:18:22','1982-02-11 03:28:05','1'),
('970','minima','Est nostrum et quia ipsam. Optio sit non praesentium est facere est eum ut. Eos porro sint facere et aut id rerum quis. Possimus ipsum voluptas ut itaque accusantium architecto.','2.50','8','2018-09-17 22:32:54','2011-03-14 15:33:07','0'),
('971','quae','Voluptatem eum voluptatem officia minus excepturi. Provident laboriosam et qui ex dolor aut consequatur. Ab eveniet vitae nostrum qui aperiam molestiae voluptatem.','1845.00','3','2012-09-13 12:35:27','2014-11-05 13:23:21','1'),
('972','sit','Et at ut dicta iste. Sequi fugit quis dolore explicabo. Occaecati consequatur cum facilis ratione necessitatibus dolorem.','215223901.32','7','1992-10-04 04:35:12','2011-04-29 21:13:44','1'),
('973','beatae','Quia autem et illo id libero perferendis repudiandae esse. Esse dolorem quia iste enim. Odit voluptatem ut illum est qui ea.','34709106.34','4','2017-08-02 02:15:41','1987-01-19 05:40:45','1'),
('974','recusandae','Ratione debitis dolor et pariatur. Molestiae illo numquam quaerat laudantium reprehenderit et nobis. Quasi quia nihil assumenda dolorum deserunt.','3600.00','7','1981-07-17 03:31:28','2007-10-21 12:40:51','0'),
('975','neque','Officia consequatur qui optio quam excepturi aut qui. Sed maiores corrupti officiis quis. Sint delectus non nihil ut atque.','0.00','3','1971-07-23 10:00:56','2011-04-07 17:32:20','1'),
('976','culpa','Impedit nihil est at in. Totam quia quasi laudantium saepe id odio. Dolor est repellendus odio ut. Sit minima aut sunt officia necessitatibus facere.','108.32','6','1973-01-21 19:40:52','2008-06-17 18:50:34','1'),
('977','sed','Voluptatem est minus inventore ipsa illum. Exercitationem in labore aut aut porro voluptas porro. Veritatis consequatur suscipit suscipit quaerat inventore aut voluptate.','322401.00','10','2017-04-17 12:52:56','2000-07-23 19:16:02','1'),
('978','eaque','Odit ex laborum iure et eos aut. Nesciunt maxime vitae labore at qui velit. Nisi aliquid ea consectetur enim pariatur voluptas voluptate. Fugit at consectetur fugiat.','630.80','4','2003-02-07 23:25:00','1994-09-30 15:34:14','1'),
('979','ut','Dolores qui quia ea est. Dolor ratione accusantium in quia labore sed ex. Eius quis aut ex maiores rerum aut quod. Aut accusantium tempore consequatur ut quas labore omnis itaque.','1.71','10','1991-10-24 20:05:09','2001-01-27 00:16:09','1'),
('980','consequatur','Voluptas voluptatibus aliquid sit totam animi fuga unde cum. Soluta voluptatem ut est eligendi fuga.','183253.93','1','1981-01-19 22:05:16','2014-12-18 09:32:53','1'),
('981','id','Iure porro architecto asperiores voluptatem illo voluptatem et. Est rerum voluptatem voluptatem provident blanditiis vel dolorem. Neque nobis dolorem velit sint totam quibusdam iste alias.','4306.55','7','1981-05-15 11:40:48','1972-08-17 20:17:46','1'),
('982','sequi','Deserunt neque vel debitis in adipisci qui. Nostrum cupiditate autem ducimus.','1.00','2','2007-02-03 00:54:24','1980-11-24 02:34:38','1'),
('983','sunt','Fugit assumenda debitis natus tempore et dicta. Dolorem architecto repellat labore consequuntur amet recusandae neque nulla. Illum nihil maiores ratione laboriosam nesciunt.','9253378.42','10','2010-05-09 08:36:30','2000-06-02 04:08:57','1'),
('984','molestias','Dolor a sed officia minus eveniet eum. Eveniet vel debitis totam repellat ipsa voluptates. Quia accusamus odio magni voluptates molestias. Enim dolorem et dolor id nulla.','203462.86','8','1981-01-02 02:27:50','1977-05-26 14:39:00','1'),
('985','cum','Voluptas eos autem dicta est enim. Vitae totam accusantium adipisci. Est consequatur officia ea et tempore repellat.','2.88','7','1984-06-30 23:39:03','2014-05-14 17:34:53','1'),
('986','consequatur','Suscipit rerum ullam placeat expedita ut aut rerum. Consequatur odit voluptatem qui veniam cum id. Qui amet mollitia quia voluptates.','489.71','4','2008-09-27 13:34:42','2020-01-25 00:28:48','1'),
('987','magnam','Expedita accusantium consequatur rerum iste. Nisi provident laboriosam sunt. Sint aut itaque neque eligendi et blanditiis aut. Quos esse nulla magnam eligendi.','14113382.49','3','1981-08-30 08:22:45','1976-08-26 02:15:00','1'),
('988','quia','Fuga omnis earum quis labore et cum atque. Blanditiis cum ut quam sapiente. Ipsam enim dolor sed quia. Facere accusantium voluptas facilis ipsam sed assumenda et.','2995.32','8','1980-07-16 15:43:12','1973-04-01 23:51:30','1'),
('989','alias','Sapiente ab alias officiis nam. Architecto impedit et explicabo praesentium optio. Reprehenderit illum reiciendis dignissimos voluptas odit.','0.00','7','2000-06-07 13:02:52','2016-03-31 04:21:36','1'),
('990','et','Modi numquam velit molestiae recusandae. Recusandae eum quo cum ad omnis. Fuga nihil voluptatibus suscipit est enim deserunt qui.','2860.99','8','1991-04-19 10:41:48','1993-04-21 01:55:48','0'),
('991','enim','Aut officia molestias et veritatis quam fugit. Quia accusantium sunt ut. Nulla esse nobis expedita voluptatem inventore et.','1393.75','1','1975-08-05 12:25:34','1981-12-08 03:44:50','1'),
('992','consequatur','Perspiciatis nihil dolor neque inventore ut. Non et porro eligendi similique impedit quidem eum quidem. Temporibus odio quo reprehenderit qui ut. Sapiente ea iusto et molestiae dolores est et.','284.70','8','1996-04-30 17:17:53','2015-05-14 15:24:24','1'),
('993','omnis','Quis autem molestias sit quos. Aut voluptatibus modi libero labore nulla a quis. Eligendi in quia voluptatem perspiciatis. Velit quia sit laborum molestiae reiciendis.','6.13','4','2013-08-03 20:26:58','1999-04-29 09:08:57','1'),
('994','quia','Velit error dolorem minus. Tempore aut blanditiis sit unde. Sed et voluptatem magni saepe.','375802930.97','9','1978-11-03 18:22:47','1973-05-06 17:46:51','1'),
('995','quas','Dolor asperiores facilis est autem a quos. Cum quo ut porro voluptatem alias. Explicabo ea consequuntur explicabo doloribus tempore sequi. Porro ea id nulla autem inventore sit.','6317.04','9','2011-03-17 20:21:59','2007-02-16 22:37:02','0'),
('996','quia','Iure eum omnis ad molestiae. Ut similique minima quasi alias sunt dignissimos. Voluptas non hic rem accusantium quia aliquid. Quia alias sed sit odit.','385340565.00','5','2010-10-22 10:07:10','2008-05-24 10:00:59','1'),
('997','quaerat','Qui iusto exercitationem delectus quod eaque delectus. Quo deserunt voluptatem libero debitis fugit. Libero sit voluptatum eaque omnis veniam voluptatem.','20653.27','9','1984-10-17 02:37:08','2017-03-18 10:39:33','1'),
('998','error','Veritatis eveniet amet rerum dolor qui et natus. Iste itaque quia et non. Natus quia commodi sed ut.','4788265.09','7','1980-08-07 12:15:52','2004-03-08 16:19:37','1'),
('999','veniam','Nemo commodi consectetur nihil mollitia aut inventore vel. Officiis blanditiis qui non vitae eveniet nobis. Iusto voluptatibus et eum est soluta.','0.93','4','1979-04-05 20:06:14','1977-01-15 09:47:08','0'),
('1000','adipisci','Corrupti eaque eaque consequuntur rem. Eos repellat animi dolor consectetur quibusdam. Aut aut dolorum mollitia quis et accusamus similique. Nulla provident ad assumenda numquam sunt.','3.28','10','1987-03-18 13:16:25','2009-09-17 18:16:23','1'); 


DROP TABLE IF EXISTS `shipping_address`;
CREATE TABLE `shipping_address` (
  `id` bigint(20) unsigned NOT NULL AUTO_INCREMENT,
  `user_id` bigint(20) unsigned DEFAULT NULL,
  `country_id` bigint(20) unsigned DEFAULT NULL,
  `city_id` bigint(20) unsigned DEFAULT NULL,
  `zip_code` bigint(20) DEFAULT NULL,
  `local_address` varchar(255) COLLATE utf8_unicode_ci DEFAULT NULL,
  `created_at` datetime DEFAULT current_timestamp(),
  `updated_at` datetime DEFAULT current_timestamp() ON UPDATE current_timestamp(),
  PRIMARY KEY (`id`),
  KEY `user_id` (`user_id`),
  KEY `country_id` (`country_id`),
  KEY `city_id` (`city_id`),
  CONSTRAINT `shipping_address_ibfk_1` FOREIGN KEY (`user_id`) REFERENCES `users` (`id`) ON DELETE SET NULL ON UPDATE CASCADE,
  CONSTRAINT `shipping_address_ibfk_2` FOREIGN KEY (`country_id`) REFERENCES `country` (`id`) ON DELETE SET NULL ON UPDATE CASCADE,
  CONSTRAINT `shipping_address_ibfk_3` FOREIGN KEY (`city_id`) REFERENCES `city` (`id`) ON DELETE SET NULL ON UPDATE CASCADE
) ENGINE=InnoDB AUTO_INCREMENT=201 DEFAULT CHARSET=utf8 COLLATE=utf8_unicode_ci COMMENT='Адреса доставки';

INSERT INTO `shipping_address` VALUES ('1','207','7','33','0','0696 Ruecker Stream\nSchusterland, ME 85637-6067','2006-01-29 03:55:36','1990-06-20 01:04:07'),
('2','273','6','58','0','637 Bernier Via\nNorth Queenie, KY 56066-2823','2013-12-31 17:20:09','1993-02-22 08:22:03'),
('3','393','4','58','0','8403 Cormier Roads\nRatkeport, PA 10179','1981-04-03 10:14:17','2006-02-23 20:12:01'),
('4','363','7','17','0','479 Brooklyn Trail\nSouth Derrickshire, NY 72460-1536','2016-09-04 11:33:28','1977-04-11 02:59:21'),
('5','369','8','59','0','50507 Jack Fork\nDellland, NY 80451-0879','1975-12-26 07:46:55','1986-10-04 08:40:33'),
('6','222','6','59','0','993 Schmidt Crossing\nMrazstad, NE 72668','1997-12-29 02:08:45','1984-04-15 19:49:33'),
('7','309','1','41','0','6775 Abshire Corner Suite 614\nDaphneemouth, GA 48884','1970-07-29 06:17:32','1991-01-08 22:50:25'),
('8','340','3','10','0','3780 Gutkowski Drives\nNew Kattiebury, ME 13157-1072','1972-06-03 05:52:12','1999-03-16 18:53:22'),
('9','384','6','57','0','48271 Jaskolski Circle\nLake Chanel, NJ 17747-9702','1978-04-22 13:46:12','1972-01-21 08:45:09'),
('10','212','4','15','0','777 Maryjane Stream Suite 146\nLake Eveline, IL 04788-9811','2019-11-14 20:32:09','1988-08-18 01:47:21'),
('11','211','5','80','0','936 Ursula Divide\nVidalhaven, CO 91374','1973-04-08 02:28:58','1997-11-20 16:16:35'),
('12','278','8','32','0','322 Runolfsdottir Pike\nSouth Glenburgh, ID 90460','1999-07-03 10:59:27','1990-05-27 00:10:56'),
('13','398','8','62','0','5844 Brakus Island Suite 646\nLake Maryamstad, SD 64572-7752','1995-04-29 20:22:17','1971-05-15 09:24:48'),
('14','310','6','22','0','645 Huel Ville Apt. 369\nSmithstad, OH 39787','1971-12-04 09:26:07','2008-09-19 09:23:36'),
('15','338','5','95','0','85615 Suzanne Rapids\nEast Maybell, MD 59538','1972-03-20 20:16:25','2007-03-23 04:20:02'),
('16','260','6','48','0','77928 Kade Corner Apt. 712\nNew Joyland, MA 65444-2687','1978-01-27 12:30:55','2016-01-26 15:01:47'),
('17','380','1','51','0','26531 Angelita Overpass Apt. 324\nEast Havenmouth, LA 83399','1990-04-12 12:51:24','2008-06-02 09:45:37'),
('18','257','9','75','0','97107 Shawn Views\nLuellaside, SC 79079','1979-10-27 15:34:46','1982-07-11 16:22:17'),
('19','273','8','27','0','5525 Mosciski Curve\nLangberg, NM 07855','1980-12-29 05:55:02','1989-08-13 02:41:11'),
('20','388','9','63','0','741 Demarco Glens Apt. 779\nNew Maemouth, LA 12495-0601','2004-12-23 02:04:44','1971-02-19 11:42:31'),
('21','213','9','5','0','9945 Natalie Valley Apt. 896\nNorth Hope, NE 64425','1995-08-03 07:42:19','2004-01-15 09:25:54'),
('22','380','3','83','0','1903 Marks Spurs\nConnellyhaven, WY 83146-2470','1996-09-30 06:39:28','1976-06-12 09:49:37'),
('23','240','3','56','0','1038 Chris Plains Suite 170\nGleichnertown, WA 41484-6166','1985-11-16 12:29:57','2003-06-07 04:16:52'),
('24','360','9','13','0','13333 Jacky Ways\nLake Beth, VA 25257-6415','2016-04-15 00:30:33','2019-08-06 18:53:55'),
('25','204','6','54','0','68619 Rogelio River\nLake Arvidborough, NH 73220-0880','1975-09-27 09:02:09','2010-06-20 09:02:15'),
('26','398','9','9','0','75873 Sipes Summit\nEast Morgan, WA 04207','1986-04-05 13:04:03','2013-08-04 06:35:02'),
('27','291','8','19','0','503 Joannie Islands\nNew Katrinemouth, NJ 38118','1982-05-10 17:53:04','1975-09-01 11:19:08'),
('28','393','10','2','0','166 Brakus Walks\nRusselburgh, WY 67590','1980-02-02 16:35:44','2016-08-15 18:16:06'),
('29','335','4','75','0','88482 Arnaldo Shoal\nNorth Freeda, RI 17710','1981-09-14 08:52:02','2006-04-28 23:37:12'),
('30','394','4','57','0','030 Torp Hills\nEast Lindahaven, SC 32424-6683','1998-09-29 02:02:26','1976-01-27 18:50:04'),
('31','317','4','46','0','345 Breitenberg Brooks Suite 503\nAshleystad, KS 20139-6676','1981-06-08 13:08:58','1991-09-11 08:25:02'),
('32','328','3','75','0','122 Princess Wells\nStammbury, TN 79471-5061','2017-09-05 04:33:29','2011-01-04 17:18:23'),
('33','292','5','2','0','23008 Damion Island\nDeckowview, MO 00665','2004-02-23 04:57:37','1975-12-14 16:11:53'),
('34','202','3','83','0','3122 Jacey Circles\nCollinsshire, AK 44308-7880','1993-05-19 09:17:04','1987-12-20 10:16:24'),
('35','222','4','36','0','60856 Walker Mountain\nKleinside, WY 57147-9136','1976-11-17 15:09:54','2000-03-14 08:26:16'),
('36','332','3','18','0','5330 Kshlerin Forges\nZiemannbury, WI 79613-7918','1994-12-14 22:27:59','1998-09-03 07:49:37'),
('37','344','8','89','0','2918 Guy Crossing\nEast Isaac, OH 21107','2004-11-24 09:45:42','2002-03-21 08:49:02'),
('38','388','7','88','0','625 Minnie Square\nNorth Abagailfort, NJ 09075','1992-01-21 15:22:43','2017-05-24 23:40:05'),
('39','393','4','24','0','53444 Swaniawski Hills Apt. 635\nTrompchester, WI 33231-1675','2004-04-13 01:36:01','2004-11-18 04:16:53'),
('40','335','4','54','0','606 Callie Shore\nEdgardomouth, TN 94593','2013-09-11 08:34:28','1988-07-26 12:11:04'),
('41','254','10','93','0','45815 Lilla Court\nLake Berneice, NJ 20134-2260','1970-05-13 23:15:42','1973-03-02 11:08:38'),
('42','338','6','20','0','9005 Delpha Loop Apt. 456\nWest Jack, AZ 14664','1999-12-08 01:19:11','1995-05-09 22:29:16'),
('43','294','1','67','0','9960 Lorenz Skyway Suite 728\nEloisaville, AK 07295-9814','1994-06-15 22:25:41','1990-11-16 03:57:50'),
('44','296','1','96','0','72701 Hayes Spring Apt. 114\nSouth Floyburgh, NE 19853-5202','2006-09-02 22:01:40','2002-06-28 22:31:06'),
('45','261','2','27','0','49453 Moore Lake\nWest Joyce, CT 51235','2018-11-12 17:35:40','1989-02-06 16:20:26'),
('46','330','9','56','0','8715 Anahi Club\nEast Emilie, MN 96945','2004-05-12 22:55:09','1993-06-22 13:31:10'),
('47','366','7','30','0','4955 Moore Street\nSkilesport, LA 79486-5701','1971-11-27 09:10:14','1982-09-14 15:06:43'),
('48','339','6','100','0','321 Grimes Village\nSouth Dorthyland, WI 36467-6384','1979-04-16 10:43:10','1977-02-13 09:10:35'),
('49','317','6','39','0','49222 Brooke Trail\nMertzberg, MD 18531','1974-11-09 18:51:40','2012-07-24 02:53:25'),
('50','363','3','75','0','9837 Noemy Shoal Apt. 592\nLondonport, KS 86068','1979-10-11 04:57:06','1980-02-20 01:29:19'),
('51','271','5','70','0','6500 McCullough Prairie Suite 279\nPort Melisamouth, NY 81022-1820','1990-01-05 13:31:42','2015-07-12 05:19:20'),
('52','259','3','29','0','15740 Denesik Highway Suite 629\nWindlershire, CA 05306','2017-10-23 23:25:26','2017-04-19 22:54:51'),
('53','297','7','33','0','63932 Eloy Locks Apt. 067\nGranthaven, MT 05166','2015-12-07 14:37:52','2018-03-30 09:34:19'),
('54','223','2','39','0','2687 Rosemarie Squares\nSchinnermouth, NY 20908','1976-08-19 02:11:07','1974-04-06 12:12:39'),
('55','214','5','58','0','9602 Guillermo Terrace Apt. 977\nEast Roberta, LA 93224-5903','2015-07-25 07:45:21','2009-09-25 14:37:46'),
('56','273','1','45','0','76253 Desiree Knoll Suite 467\nJonashaven, DC 91002-4705','2019-03-13 00:11:03','1993-02-20 21:12:25'),
('57','386','10','7','0','136 Stephon Mission Apt. 301\nSouth Dimitribury, PA 95343','1977-11-05 16:51:56','1987-01-21 09:41:20'),
('58','249','7','65','0','1899 Paxton Road Apt. 233\nBotsfordhaven, FL 11124-5988','2008-10-12 19:03:35','2012-06-01 16:36:54'),
('59','247','3','17','0','5965 O\'Keefe Burg Apt. 151\nEdnafurt, AK 99077','2013-06-21 18:14:55','1999-08-24 08:58:26'),
('60','319','1','39','0','411 Bayer Trail\nEast Jefferey, MD 54826-5356','1979-01-07 11:42:06','1983-07-07 07:23:23'),
('61','270','5','88','0','162 Jalon Summit\nLake Edythe, IA 49064-0986','1997-01-17 11:57:03','1984-03-01 06:18:25'),
('62','207','8','9','0','31796 Tressa Trafficway\nLake Lisettefort, HI 48053','2010-03-27 22:39:13','2008-05-20 09:54:15'),
('63','266','2','76','0','34103 Volkman Courts\nCormierbury, NH 62312-7654','2003-03-20 08:49:11','2006-10-01 04:25:48'),
('64','330','4','90','0','76977 Rowe Squares Apt. 390\nNorth Ludwig, UT 21291-9166','1997-12-12 00:50:31','1996-06-04 12:43:30'),
('65','206','5','34','0','902 Grant Center Suite 821\nNorth Elzaton, HI 18664','2010-11-20 10:15:10','2017-12-30 18:35:52'),
('66','320','9','44','0','7772 Greenholt Via Apt. 868\nLinneaburgh, NJ 51563','1972-11-09 13:43:56','1985-04-12 20:58:10'),
('67','209','8','37','0','52243 O\'Kon Tunnel\nUptonburgh, LA 95270-4254','1983-10-31 08:37:42','2006-04-22 20:20:01'),
('68','217','10','2','0','794 Elizabeth Mountain\nNew Jovany, SC 88350','1980-11-24 05:44:18','1998-02-19 21:29:04'),
('69','347','2','27','0','473 Kobe Ridge\nDonnellytown, VA 85265','2017-04-05 23:32:09','2003-10-25 15:22:29'),
('70','386','8','34','0','7691 Edythe Ridge\nLeolabury, AR 17790-7917','1971-01-09 14:38:03','2012-01-05 13:37:11'),
('71','265','2','77','0','677 Grady Court Suite 332\nLake Stuartport, TX 04765-3019','1994-05-17 10:23:24','2015-11-07 03:22:07'),
('72','239','2','49','0','8305 Gulgowski Court\nSouth Brisatown, CT 93611','2000-12-04 12:17:30','1986-04-06 18:27:32'),
('73','257','6','69','0','3470 Myra Skyway Apt. 479\nAlexzanderstad, VT 99332','1974-11-19 15:03:42','1988-09-17 22:28:55'),
('74','204','2','3','0','23813 Lennie Plain Suite 713\nWest Adriel, NM 76726','2000-02-18 09:57:42','1987-08-31 15:47:50'),
('75','385','3','48','0','77624 Haag Extension\nWest Maxwell, OR 00009-4609','1989-12-30 21:32:47','2000-08-26 18:27:41'),
('76','254','9','30','0','632 Kshlerin Road\nLake Cobymouth, HI 24547-2928','2019-05-01 00:54:33','1982-08-28 20:51:09'),
('77','335','9','5','0','502 Ayden Junction Apt. 011\nSouth Carolanne, DC 06246','1996-07-17 08:07:45','1977-07-26 12:39:14'),
('78','210','1','2','0','71777 Yesenia Motorway\nRogahnville, KY 74313-9831','1991-09-10 05:12:20','1991-01-20 19:23:49'),
('79','212','8','21','0','22616 Tyreek Glen Apt. 574\nCummingsborough, NV 11387','2015-01-16 03:05:42','2011-05-22 21:12:47'),
('80','267','8','1','0','997 Dexter Crest\nHellerborough, MI 71143','1982-05-17 07:52:34','1996-01-07 15:27:09'),
('81','332','1','16','0','3807 Adella Plains Apt. 103\nWindlerchester, GA 90563-2181','2016-05-21 12:51:05','2020-03-02 21:04:22'),
('82','287','3','36','0','74265 Carey Key\nEast Tremaine, NJ 79481-1090','1990-09-20 14:19:23','1988-06-07 07:40:38'),
('83','386','5','89','0','0203 Cora Bridge Suite 805\nEast Robbborough, AZ 58356-0164','1993-10-26 12:36:28','1983-03-28 02:02:40'),
('84','319','6','8','0','01827 Mann Course\nPort Gracielaport, SC 65432','2017-06-30 15:01:28','2006-09-25 03:55:52'),
('85','328','5','30','0','92825 Gerhard Cape Suite 266\nSouth Rene, IL 99570','2009-04-01 16:17:25','2013-09-02 14:58:15'),
('86','216','8','14','0','18184 Crona Forest\nNew Jason, OK 02117','2004-03-24 04:28:55','1970-07-15 13:36:27'),
('87','281','5','3','0','037 Alexandra Groves\nTillmanland, MN 06484-1110','2000-01-26 00:31:04','1979-06-04 18:30:09'),
('88','291','5','5','0','6092 Kendrick Corners Apt. 505\nSchillerfort, ID 71212-7075','1992-03-21 00:52:45','2016-03-12 18:57:07'),
('89','294','6','82','0','678 Kylee Station\nWest Kieranmouth, OH 59442-8632','1992-12-02 16:31:59','1996-03-24 17:45:58'),
('90','332','9','53','0','3224 Kobe Shoal\nSouth Ednaport, IA 33498-1203','2012-12-15 04:20:05','2017-02-24 18:45:42'),
('91','333','6','56','0','55957 Herzog Landing\nEast Toniberg, NH 31385','1991-10-02 00:16:08','1993-08-25 09:55:44'),
('92','366','10','78','0','226 Harber Spur Apt. 279\nPort Mckayla, UT 88394-6727','2013-06-30 15:19:31','2006-05-27 21:29:23'),
('93','235','10','28','0','161 Gabe Green Suite 846\nCorwinview, OH 33987','1989-08-21 17:04:14','2012-11-25 05:35:41'),
('94','210','6','81','0','3485 Susan Mills Suite 510\nEast Rahulmouth, ME 42189','1989-05-15 15:33:22','2009-01-28 16:07:14'),
('95','222','2','26','0','38851 Walker Inlet Apt. 378\nWest Filomenastad, CA 56277','2012-02-27 03:26:26','2009-03-22 06:55:31'),
('96','284','3','96','0','6577 Dayna Mall Apt. 546\nSouth Mathildeborough, WI 60198-3083','2015-09-02 16:25:41','2005-06-23 18:57:19'),
('97','313','7','37','0','4861 McLaughlin Road\nKareemberg, SD 61087-2598','1975-02-20 09:12:20','1982-02-13 00:21:55'),
('98','317','2','83','0','924 Okuneva Mountains Apt. 317\nZulaufville, OK 50501-7411','1997-02-16 20:39:39','1986-03-20 12:30:09'),
('99','327','6','37','0','38888 Connelly Spring\nLake Cristian, WY 91557-4868','2003-03-09 11:24:43','1996-08-29 17:50:57'),
('100','291','3','25','0','796 Will Plains\nHarrisshire, AR 43832','1996-03-31 08:26:19','1980-05-25 16:48:42'),
('101','398','10','80','0','683 Miguel Overpass Apt. 918\nKylatown, PA 46709','1986-11-26 00:23:03','2015-02-19 02:31:47'),
('102','308','8','79','0','28210 Kade Mills Apt. 637\nDrewshire, AR 88271','1993-10-11 20:19:54','1988-10-01 11:58:45'),
('103','261','10','71','0','0188 King Shore\nLake Tombury, FL 90461-9310','1975-03-25 10:31:22','2016-12-19 01:33:02'),
('104','316','1','24','0','7640 Nienow Extensions\nMargarettfort, OR 15300-2287','1974-07-20 02:41:24','1978-10-26 02:19:42'),
('105','274','2','40','0','231 Josiane Falls Apt. 053\nErwinburgh, AL 55816','1988-07-27 08:44:56','2001-12-30 23:56:52'),
('106','328','6','67','0','42709 Schoen Extensions\nWest Keanu, KS 56345','1971-06-30 08:18:18','1987-09-06 17:24:36'),
('107','317','2','35','0','9924 Bertrand Forest Apt. 335\nFraneckichester, HI 03863','2017-01-18 04:01:55','1985-03-18 10:10:47'),
('108','393','8','48','0','841 Cole Ridge\nLake Petraport, WI 57754','2007-01-26 03:50:16','2002-08-24 19:55:16'),
('109','350','4','7','0','21648 Wiza Knolls\nEast Loniefort, ID 47504-0471','2010-08-16 03:39:14','2001-04-28 02:30:04'),
('110','219','9','34','0','403 Devonte Plaza Apt. 698\nSipesshire, TX 16068-3681','2019-02-06 02:09:22','2016-03-03 13:47:25'),
('111','274','9','29','0','62028 Rogahn Cove\nSouth Lorinehaven, NH 58658-7862','1970-05-25 21:23:20','1985-09-12 09:54:05'),
('112','233','4','6','0','20433 Schmidt Shoal\nJenniemouth, DC 06439','2010-12-25 23:52:37','1990-12-22 12:26:11'),
('113','394','7','2','0','77214 Reichert Radial\nSouth Avery, CT 72399','1986-08-15 09:36:40','1988-09-08 12:04:08'),
('114','332','3','5','0','82151 Nova Coves\nNew Nicoletteland, WI 51273-6199','1974-01-09 14:10:40','1989-01-09 20:49:48'),
('115','383','7','21','0','6382 Koelpin Branch Suite 670\nEast Dayton, NV 76446','2002-03-31 07:17:41','1989-11-02 16:19:49'),
('116','260','3','81','0','011 Wade Ports Apt. 043\nRueckerborough, NJ 02893','1979-01-22 15:42:21','1971-02-21 23:27:15'),
('117','394','9','97','0','745 Quigley Summit Apt. 167\nNorth Carlottamouth, NY 96150-9188','1998-05-07 11:54:10','1975-09-18 23:55:09'),
('118','261','8','73','0','742 Alexander Island\nNorth Dejafurt, VT 18022','1994-01-28 13:01:04','1973-05-06 20:33:27'),
('119','351','6','11','0','607 Toy Estate\nLake Anais, MD 92814','2007-03-22 17:15:40','1978-08-25 21:43:22'),
('120','369','8','94','0','993 Oberbrunner Shoal Suite 906\nMartinehaven, OR 49871-8407','2017-12-27 16:59:50','1980-11-23 08:24:50'),
('121','235','1','75','0','7993 Delbert Creek Suite 599\nNorth Savanahtown, MA 17519-2880','1970-09-20 10:43:28','2017-01-16 14:20:26'),
('122','294','3','10','0','2682 Grady Heights Apt. 813\nWardberg, NH 94313-2277','2017-12-07 06:04:32','2005-08-26 11:51:24'),
('123','307','3','75','0','639 Eldred Center\nLake Jazlyn, AR 56338-5201','1983-07-02 08:07:21','1990-05-16 23:48:05'),
('124','308','9','98','0','34505 Percival Garden Apt. 787\nWest Vadaview, HI 26346-3199','2000-09-10 12:28:04','2011-10-11 12:24:08'),
('125','314','8','59','0','50000 Friesen Branch Apt. 908\nEast Yolanda, IN 12999','2016-09-28 20:24:26','1974-06-07 22:41:08'),
('126','351','1','84','0','5659 Nelle Springs\nDahliaview, WY 82428','2007-03-07 11:30:36','2007-04-23 15:35:55'),
('127','317','1','68','0','5917 Corwin Street Apt. 710\nNorth Deshawnfort, MA 65792-9351','1980-05-09 12:36:27','2007-05-23 11:38:48'),
('128','312','4','48','0','37961 Albertha Court\nWittingbury, TX 35234-1182','1997-04-30 11:00:52','2005-08-11 16:02:37'),
('129','257','2','5','0','47155 Leonard Center Suite 195\nVandervorthaven, AK 09343-1231','1998-11-05 14:10:45','1986-03-16 14:17:10'),
('130','274','10','75','0','37481 Ankunding Orchard\nAdamsbury, ID 01609-4576','2011-09-16 18:07:10','2016-08-14 08:37:11'),
('131','265','2','83','0','74233 Edythe Row\nPort Laisha, NM 87237-5398','1994-05-14 00:24:17','1987-01-03 13:39:12'),
('132','210','7','9','0','692 Yost Ferry\nMadisonfort, MI 09363','2013-01-24 13:08:51','1993-01-29 18:38:45'),
('133','224','2','30','0','29690 Tevin Road\nEast Richie, WY 95395','1976-11-29 04:51:52','2019-09-28 19:49:34'),
('134','383','7','18','0','33152 Camren Isle Suite 049\nFredrickshire, IA 90242','1989-07-19 21:35:36','1996-01-05 20:11:25'),
('135','371','3','97','0','754 Mertz Route Suite 491\nPort Justina, WV 16664','1989-12-06 14:35:44','2017-11-20 08:45:15'),
('136','292','1','5','0','39634 Cortez Port\nPort Augustahaven, LA 59339','1984-11-01 11:08:38','2011-09-19 00:31:08'),
('137','260','7','9','0','374 Swift Point Suite 661\nLake Wayneland, ID 82918','2009-02-19 00:07:53','1987-12-11 23:16:59'),
('138','395','2','43','0','8767 Abshire Walks\nHermannfurt, DE 70430','1993-12-11 15:55:02','1988-08-13 11:01:19'),
('139','287','5','56','0','5112 Bahringer Port Suite 237\nWest Roman, OH 19362','1987-05-20 14:58:06','2001-09-01 13:14:51'),
('140','297','9','53','0','8753 Metz Burgs\nNorth Elianchester, NE 24546','2010-09-17 22:08:11','2002-03-04 21:00:34'),
('141','250','2','69','0','977 Abernathy Causeway\nBorerburgh, WI 54788','1988-10-16 12:54:03','1992-09-13 14:39:19'),
('142','210','3','31','0','701 Roel Springs Suite 002\nWest Yeseniatown, MN 29234-8788','1991-09-21 10:02:06','1973-08-15 14:17:17'),
('143','223','4','45','0','563 Cruickshank Drive Suite 288\nSouth Jaren, ME 14694','2008-05-21 03:21:15','2005-05-13 22:44:24'),
('144','287','3','14','0','92096 Nathen Spur\nEdwardobury, AL 51930-3552','2008-11-08 10:45:49','1989-11-16 08:12:12'),
('145','323','2','40','0','543 Muller Throughway\nStrackeside, NV 60413','1975-04-11 10:29:43','1995-12-10 12:23:17'),
('146','316','7','44','0','787 Leannon Walk\nNew Freida, AR 49424','1995-12-12 03:07:33','2016-06-26 23:00:39'),
('147','327','10','8','0','327 Billie Summit Suite 634\nNorth Vicente, MN 80031-6599','2008-05-19 03:36:59','1993-05-15 15:19:11'),
('148','338','9','27','0','3006 Altenwerth Mill Suite 980\nOberbrunnertown, OK 93718-8516','1981-06-13 05:10:34','2017-03-31 20:10:34'),
('149','222','4','75','0','5142 Ezequiel Ports Apt. 938\nWest Chandlertown, NY 40100','2002-09-25 09:09:55','1975-11-29 08:38:22'),
('150','334','9','60','0','064 Conner Garden Apt. 172\nEast Zelma, ID 82023-9050','2013-07-09 01:29:12','2013-08-20 06:06:51'),
('151','247','1','78','0','37730 Sauer Keys\nLeschmouth, CA 42437-3635','1994-01-19 06:10:54','2004-07-18 02:15:59'),
('152','383','2','2','0','32460 Rau Overpass Apt. 286\nEast Lilyan, MS 89540','2015-11-28 09:47:36','1979-02-14 22:36:04'),
('153','240','3','42','0','63693 Jayne Fort\nHeathcotefurt, GA 93506','2008-12-04 00:39:52','2019-10-10 21:23:10'),
('154','330','8','71','0','5620 Reichel Center\nRobertsfurt, GA 29742-8553','2002-05-18 05:00:26','1985-05-02 02:59:54'),
('155','351','4','88','0','0632 Adella Springs\nMarlonfort, MO 85330','2008-04-30 08:31:10','1992-07-26 15:51:43'),
('156','233','10','50','0','521 Guido Lock\nNew Nicoleburgh, AR 84436-8136','2015-04-29 01:00:10','1994-12-06 06:48:23'),
('157','323','6','42','0','92862 Stehr Path Apt. 460\nDaughertymouth, ID 10002-5288','2003-08-29 01:47:22','1994-09-23 17:12:32'),
('158','334','3','31','0','31695 Mayert Place Suite 664\nWest Willowview, LA 61388-0148','2004-11-27 21:03:24','1979-05-24 15:41:26'),
('159','394','4','65','0','15413 Welch Prairie Apt. 913\nWest Margaretta, AR 37901-7211','1983-11-29 18:35:06','2006-01-27 15:41:10'),
('160','336','1','47','0','344 Meredith Flats Suite 408\nSethport, NE 05268','2001-09-01 07:16:26','2011-05-06 06:42:54'),
('161','261','3','52','0','1067 Tillman Squares\nOberbrunnerchester, RI 36002','1996-05-17 18:26:37','1982-10-30 14:13:43'),
('162','211','2','64','0','89976 Miller Mountains\nSpinkatown, DE 36238','1997-02-21 20:38:54','1976-03-31 21:33:28'),
('163','212','4','90','0','2555 Isaac Via Apt. 517\nWest Andersonview, ME 64604-5186','2011-06-16 23:05:47','2012-10-18 13:50:38'),
('164','300','1','60','0','90209 Naomie Ford Suite 685\nSteuberton, OK 72519','1987-04-18 23:33:03','1983-02-01 04:33:00'),
('165','240','9','92','0','30117 Bode Tunnel Suite 683\nNorth Kay, AK 08772-1812','1977-04-17 11:35:26','2003-04-17 02:30:06'),
('166','211','1','83','0','7272 Emmet Dale\nNorth Buster, DE 32887-4463','1972-11-29 02:31:11','1973-08-09 04:36:51'),
('167','314','7','37','0','531 Bahringer Mills\nCoramouth, MN 15417','2018-10-08 04:49:32','2018-03-07 04:09:15'),
('168','400','4','63','0','2927 Gladyce Tunnel\nShanahanland, KY 16478','1986-02-28 08:25:34','1985-07-16 17:34:01'),
('169','261','3','2','0','04782 Marks Ford Apt. 045\nBeerside, ID 53911-1848','2016-01-12 12:33:04','1991-04-21 23:16:45'),
('170','388','10','10','0','6186 Larson Bypass Suite 434\nSouth Karli, ME 24307-4431','2003-01-15 16:27:45','1981-11-12 02:14:36'),
('171','282','3','40','0','329 Esteban Burg\nAlexanneport, NJ 42467-9199','1984-07-06 10:21:16','2019-09-05 20:06:14'),
('172','386','4','60','0','36651 Heidenreich Plain Suite 936\nWittingstad, TN 22615','1989-02-10 16:10:35','2016-02-22 01:45:12'),
('173','312','5','100','0','518 Christophe Rapid Apt. 759\nBrendashire, LA 34834','2010-11-02 14:32:54','1972-04-17 17:22:08'),
('174','291','10','5','0','6047 McKenzie Lakes\nCartwrighttown, MN 56698-9490','2016-10-24 11:05:32','2005-11-18 19:44:34'),
('175','207','2','89','0','41334 Pansy Shores Suite 937\nEast Keara, MS 07033-6773','1981-05-15 01:40:18','1994-12-16 21:29:28'),
('176','394','3','90','0','983 Toby Road\nNorth Robertotown, TX 26440','2011-09-26 12:11:59','1988-11-18 00:24:18'),
('177','358','8','53','0','726 Legros Loop\nStarkton, WI 46528','2001-04-27 10:57:01','2016-12-14 18:51:03'),
('178','227','8','85','0','5379 Boyle Fields\nHaneville, AL 36713','1977-06-16 00:46:44','1986-03-21 05:50:10'),
('179','351','1','13','0','2900 Littel Expressway\nCartermouth, FL 25218-3945','2007-04-22 07:56:31','1975-10-22 08:24:06'),
('180','358','1','12','0','4008 Predovic Mews\nNorth Frieda, WA 89449-8825','1978-03-09 18:04:01','1975-11-19 14:44:58'),
('181','381','5','40','0','595 Sam Rest Apt. 840\nOdieton, MA 94234-0373','1978-09-28 06:35:38','2005-08-28 04:42:48'),
('182','259','4','75','0','4109 Wade Ranch Suite 950\nEast Zelda, TN 02380','1975-07-14 04:11:07','1991-03-12 09:47:02'),
('183','374','10','19','0','8323 Nolan Extensions\nEast Daijahaven, DC 54293-9928','2008-05-15 21:54:19','2007-07-26 14:29:19'),
('184','371','4','12','0','775 Treutel River\nCristalborough, WV 11578-8745','2010-10-31 12:55:57','2012-08-19 10:43:07'),
('185','384','5','25','0','621 Elton Passage\nEast Magdalena, AR 01253','1997-01-12 17:14:14','2012-11-28 08:04:25'),
('186','353','4','46','0','43496 Olson Dale\nLake Terrancemouth, DE 52017','1996-03-27 21:13:49','1976-07-13 02:08:57'),
('187','334','2','24','0','7525 Elias Way Apt. 129\nWest Geovanny, TX 61301-5029','1987-12-17 11:17:18','1981-02-28 06:26:15'),
('188','247','4','2','0','1666 Schinner Radial\nEast Naomie, NH 74774','1988-03-25 08:31:00','2004-04-14 20:26:28'),
('189','210','2','10','0','1415 Catalina Fork Apt. 587\nLake Chaimshire, OH 77142-0183','1980-11-16 08:31:30','1989-10-29 09:11:19'),
('190','239','10','13','0','59564 Leuschke Field Suite 588\nYazminchester, NH 81208','1978-04-23 20:07:06','2006-12-12 10:35:05'),
('191','261','9','58','0','87257 Bosco Isle Suite 799\nNorenemouth, PA 52161-8470','1975-03-11 23:21:12','1997-11-07 06:21:54'),
('192','335','2','95','0','8454 Wolff Underpass\nAbbigailburgh, CO 50838','2019-07-26 02:10:36','1977-08-15 21:18:43'),
('193','287','10','88','0','6515 Abel Keys\nGiovaniside, DC 04640','2007-06-16 06:24:13','2002-12-16 08:06:41'),
('194','327','9','26','0','5389 Ankunding Burgs\nDamarisside, NJ 63933','1993-06-25 21:20:09','1971-03-22 00:23:27'),
('195','341','8','69','0','282 Zieme Road Suite 536\nNew Gerdaville, KY 30936','1996-11-06 00:20:17','1979-08-02 05:27:14'),
('196','399','6','8','0','094 Boehm Mill Suite 821\nZenaport, OH 60223','1992-10-08 16:50:34','2012-04-01 23:12:07'),
('197','287','3','27','0','90212 Goyette Circle\nLake Allison, AR 69254','2020-01-18 06:57:07','2015-03-17 05:02:31'),
('198','333','5','62','0','77494 Willms Circle Apt. 885\nRauberg, MS 67647','2012-04-03 11:35:58','2016-03-27 13:29:12'),
('199','335','6','76','0','4348 Effertz Creek Suite 078\nPort Philipville, WV 45676','1992-08-26 08:20:38','1991-10-07 08:17:30'),
('200','358','8','69','0','9555 Sheila Station\nSouth Reubenshire, ID 72223-1924','2002-10-29 12:02:57','1981-11-14 17:23:30'); 


DROP TABLE IF EXISTS `storehouses`;
CREATE TABLE `storehouses` (
  `id` bigint(20) unsigned NOT NULL AUTO_INCREMENT,
  `name` varchar(255) COLLATE utf8_unicode_ci DEFAULT NULL COMMENT 'Название',
  `created_at` datetime DEFAULT current_timestamp(),
  `updated_at` datetime DEFAULT current_timestamp() ON UPDATE current_timestamp(),
  PRIMARY KEY (`id`)
) ENGINE=InnoDB AUTO_INCREMENT=6 DEFAULT CHARSET=utf8 COLLATE=utf8_unicode_ci COMMENT='Склады';

INSERT INTO `storehouses` VALUES ('1','Peterton','1979-07-16 21:06:24','1992-05-19 05:59:30'),
('2','Andersonside','1990-10-25 21:43:17','1999-06-16 21:32:47'),
('3','Trishahaven','1970-02-12 10:29:20','1996-02-18 17:35:47'),
('4','Rosaview','1996-03-24 22:38:26','2005-04-23 06:48:10'),
('5','Kaleymouth','2016-05-29 06:50:17','1990-01-26 00:45:51'); 


DROP TABLE IF EXISTS `users`;
CREATE TABLE `users` (
  `id` bigint(20) unsigned NOT NULL AUTO_INCREMENT,
  `first_name` varchar(255) COLLATE utf8_unicode_ci DEFAULT NULL COMMENT 'Имя покупателя',
  `last_name` varchar(255) COLLATE utf8_unicode_ci DEFAULT NULL COMMENT 'Фамилия покупателя',
  `email` varchar(255) COLLATE utf8_unicode_ci NOT NULL COMMENT 'E-mail',
  `phone` bigint(20) NOT NULL COMMENT 'Phone',
  `is_active` bit(1) DEFAULT b'1',
  PRIMARY KEY (`id`),
  UNIQUE KEY `email` (`email`),
  UNIQUE KEY `phone` (`phone`),
  KEY `full_name_idx` (`first_name`,`last_name`),
  KEY `email_idx` (`email`)
) ENGINE=InnoDB AUTO_INCREMENT=401 DEFAULT CHARSET=utf8 COLLATE=utf8_unicode_ci COMMENT='Покупатели';

INSERT INTO `users` VALUES ('201','Tabitha','Wehner','murray.theodora@example.org','0','1'),
('202','Earl','Heathcote','mohammed.o\'reilly@example.org','434791','1'),
('203','Joanne','Bernhard','vjohnston@example.net','59','1'),
('204','Gianni','Brown','luella54@example.org','25','0'),
('206','Esta','Spinka','lilyan.aufderhar@example.com','1','0'),
('207','Clyde','Nicolas','hkutch@example.org','468','0'),
('209','Kyler','Collier','medhurst.daisy@example.com','7','1'),
('210','Donald','Ernser','eheidenreich@example.com','715','1'),
('211','Arne','Hilll','uorn@example.com','703157','1'),
('212','Bryana','Crooks','dagmar09@example.org','12350','0'),
('213','Maximilian','Turcotte','jerrod.barrows@example.org','871','0'),
('214','Jeremy','Ondricka','keenan82@example.net','872','0'),
('215','Donnell','Johns','wryan@example.net','456','0'),
('216','Elaina','Koss','dbrekke@example.net','554','1'),
('217','Nikolas','Morissette','wilfredo.blick@example.com','66','0'),
('219','Ernest','Kohler','leone84@example.com','904596','0'),
('222','Berry','Von','dubuque.amaya@example.net','95','1'),
('223','Cecil','Tillman','cary.brekke@example.org','971714','0'),
('224','Sofia','Nikolaus','kerluke.irwin@example.com','457','1'),
('227','Magnus','Brakus','reymundo.mayert@example.com','500','0'),
('233','Elton','Kuvalis','beahan.josh@example.com','34','0'),
('235','Trudie','Gerlach','henry.beier@example.net','3446','0'),
('239','Elyse','Schmitt','hane.rocio@example.net','778','0'),
('240','Amos','Steuber','dboehm@example.org','801921','1'),
('246','Freda','Koch','lorine39@example.net','572943','1'),
('247','Zola','Rosenbaum','marcel.white@example.net','979850','0'),
('249','Tristin','Graham','heidenreich.astrid@example.net','921','0'),
('250','Alexandro','Roberts','ernestina.schmidt@example.com','73','0'),
('252','Thea','Harvey','ofisher@example.com','151','1'),
('253','Daphnee','Osinski','glennie.roob@example.com','542618','0'),
('254','Bessie','Shanahan','considine.cameron@example.com','426','1'),
('255','Fannie','Cole','magali99@example.org','973','1'),
('257','Rollin','Kutch','nathanial.hane@example.net','97','0'),
('259','Emory','Brekke','roberts.briana@example.com','60','0'),
('260','Stacey','Quitzon','destiney97@example.com','5591894240','0'),
('261','Brandon','Crist','juvenal.kuhn@example.com','54','1'),
('263','Garfield','Trantow','vgraham@example.net','96','0'),
('265','Remington','Mohr','xschowalter@example.org','215','0'),
('266','Gina','Botsford','patience.sipes@example.org','485','1'),
('267','Edmond','Watsica','giovani.bailey@example.org','89','0'),
('268','Dana','Howe','suzanne67@example.org','152431','0'),
('270','Emmett','Prosacco','maci.kling@example.com','4265579531','0'),
('271','Jaycee','Hansen','bethany.nitzsche@example.org','152555','0'),
('273','Sydni','Padberg','kauer@example.net','78','0'),
('274','Beulah','Feest','itzel89@example.org','923803','0'),
('276','Barry','Herzog','lorine.prosacco@example.net','840607','0'),
('278','Ted','Rohan','perry21@example.com','931229','0'),
('281','Albert','Legros','kwalter@example.org','228','1'),
('282','Laisha','Berge','howard41@example.org','72','0'),
('283','Royal','O\'Connell','jaeden81@example.com','532','0'),
('284','Emely','Walter','jkoepp@example.net','276','0'),
('287','Ciara','Stracke','bednar.belle@example.net','848587','0'),
('291','Clementine','Bauch','mcglynn.sister@example.org','170','1'),
('292','Hayley','Strosin','jermain.walker@example.net','119','0'),
('294','Kayla','Cole','dennis.wilkinson@example.net','2140868709','1'),
('296','Amira','Satterfield','njaskolski@example.com','801','1'),
('297','Rhoda','Schoen','jermain66@example.net','15','0'),
('300','Cathrine','Lemke','paige01@example.com','665','1'),
('302','Theodore','Lebsack','prohan@example.net','404220','1'),
('304','Camylle','Glover','eden19@example.org','122','0'),
('305','Darrell','Conn','jeffery.hamill@example.net','564','0'),
('307','Brandon','Hirthe','anderson.kyra@example.org','994','1'),
('308','Theodore','Effertz','loraine56@example.net','64','0'),
('309','Miguel','Prohaska','reuben50@example.org','668','0'),
('310','Tina','Upton','lo\'reilly@example.com','8811625323','0'),
('312','Juston','Harvey','norval.boyle@example.org','41','1'),
('313','Vicenta','Hoppe','maureen97@example.org','624152','1'),
('314','Grayce','King','mervin59@example.org','7896472556','0'),
('316','Abelardo','White','shaylee.lakin@example.net','334688','1'),
('317','Diego','Reichel','toni02@example.net','27','0'),
('319','Lucinda','Hackett','hwiegand@example.com','597575','0'),
('320','Concepcion','Abshire','oberbrunner.marques@example.org','956','1'),
('323','Ansley','Kuvalis','wkautzer@example.net','214741','1'),
('327','Enid','Ebert','hayes.moises@example.com','484780','1'),
('328','Alphonso','Weimann','alexane.balistreri@example.org','677110','0'),
('329','Giovanna','Kunde','ccartwright@example.net','8734018239','0'),
('330','Triston','Howe','allie.schmeler@example.net','444398','1'),
('331','Bo','Wolf','mabernathy@example.com','442226','0'),
('332','Otilia','Marks','zkessler@example.net','2','0'),
('333','Sibyl','Goyette','kspencer@example.net','346881','1'),
('334','Timothy','Wisoky','pkris@example.net','100','0'),
('335','Tia','Baumbach','akeeling@example.net','909228268','0'),
('336','Gay','Simonis','morris.runolfsson@example.com','768186','1'),
('338','Alaina','Bogisich','marge52@example.net','609300','0'),
('339','Ernest','Adams','phartmann@example.net','824','0'),
('340','Annie','DuBuque','nledner@example.org','375128','0'),
('341','Cruz','Conn','brandt.fay@example.org','742','1'),
('343','German','Herman','wunsch.kaylin@example.net','879','0'),
('344','Otto','Morar','colleen.wiza@example.com','770','1'),
('347','Brady','Lynch','lesch.audie@example.net','441','1'),
('350','Bell','Torphy','margarette69@example.net','644','0'),
('351','Eudora','Flatley','corene.oberbrunner@example.net','63','1'),
('353','Ramona','Hansen','bwillms@example.net','365765','1'),
('358','Yasmeen','Schaden','schowalter.alaina@example.org','351462','1'),
('359','Moses','Sauer','nolan.gavin@example.com','549835','0'),
('360','Floy','Homenick','hoeger.fausto@example.net','625','0'),
('363','Lincoln','Koss','mason.wiza@example.com','518179','0'),
('366','Mohammad','Denesik','mason.koch@example.net','85','1'),
('368','Dayana','Grimes','tabitha.kunde@example.com','9080966899','0'),
('369','Lucienne','Zemlak','meghan88@example.com','7355038697','1'),
('370','Zaria','Reynolds','ahills@example.net','860','0'),
('371','Ila','Huels','qharvey@example.net','5','1'),
('374','Kayleigh','Hodkiewicz','braun.carroll@example.net','138444','1'),
('380','Delilah','Pfeffer','whitney.morissette@example.org','398','0'),
('381','Stacey','Hettinger','edmund27@example.org','603','1'),
('383','Amelie','Hoeger','czulauf@example.net','7867812287','1'),
('384','Immanuel','Dare','qabernathy@example.net','794','0'),
('385','Angus','Stoltenberg','khammes@example.net','735143','0'),
('386','Clifford','Weimann','lblick@example.com','120','1'),
('387','Lucio','Sauer','ngraham@example.org','307240','1'),
('388','Vincent','Quitzon','nash84@example.net','903','0'),
('393','Brain','Altenwerth','purdy.damian@example.org','138','1'),
('394','Scotty','Brekke','gschulist@example.net','599','1'),
('395','Raquel','Kling','pauline06@example.org','526','0'),
('398','Afton','Marquardt','johan.beier@example.com','400680','1'),
('399','Zola','Mitchell','xtorphy@example.net','853','0'),
('400','Marlene','Ankunding','lourdes.kuphal@example.net','394787','1'); 


DROP TABLE IF EXISTS `users_profiles`;
CREATE TABLE `users_profiles` (
  `id` bigint(20) unsigned NOT NULL AUTO_INCREMENT,
  `user_id` bigint(20) unsigned DEFAULT NULL,
  `locale_id` bigint(20) unsigned DEFAULT 1,
  `birthday_at` date DEFAULT NULL COMMENT 'Дата рождения',
  `created_at` datetime DEFAULT current_timestamp() COMMENT 'Дата регистрации',
  `updated_at` datetime DEFAULT current_timestamp() ON UPDATE current_timestamp(),
  PRIMARY KEY (`id`),
  KEY `user_locale_idx` (`user_id`,`locale_id`),
  KEY `locale_id` (`locale_id`),
  CONSTRAINT `users_profiles_ibfk_1` FOREIGN KEY (`user_id`) REFERENCES `users` (`id`) ON DELETE SET NULL ON UPDATE CASCADE,
  CONSTRAINT `users_profiles_ibfk_2` FOREIGN KEY (`locale_id`) REFERENCES `locales` (`id`)
) ENGINE=InnoDB AUTO_INCREMENT=118 DEFAULT CHARSET=utf8 COLLATE=utf8_unicode_ci COMMENT='Профиль пользователя';

INSERT INTO `users_profiles` VALUES ('1','385','7','1973-04-03','1991-07-05 02:01:57','1986-09-16 13:07:38'),
('2','284','3','1996-01-02','1986-12-21 15:38:20','1983-03-22 04:06:31'),
('3','266','9','1991-06-13','2012-05-17 06:30:08','2014-10-11 04:56:17'),
('4','360','1','1982-11-13','2016-09-07 13:40:45','2008-05-21 07:17:06'),
('5','334','9','2017-11-24','1997-11-28 13:46:52','2004-09-16 08:43:23'),
('6','363','4','1986-10-29','1995-08-31 13:14:09','2016-06-27 07:34:35'),
('7','254','6','1976-02-18','1997-03-11 03:44:51','2013-09-13 15:58:32'),
('8','307','6','2003-01-09','1976-07-21 17:39:03','2006-08-13 16:01:26'),
('9','219','6','1980-01-01','1995-10-01 07:09:21','2005-12-17 12:59:57'),
('10','331','9','1984-11-11','2017-12-26 23:14:13','2007-05-16 01:57:53'),
('11','307','1','2005-01-02','1980-10-16 07:39:41','1993-04-26 16:55:10'),
('12','314','6','1971-01-26','1980-08-19 17:03:02','1973-05-19 12:05:04'),
('13','259','2','1991-12-10','1996-10-04 12:19:13','2011-01-07 07:09:07'),
('14','359','10','1972-08-30','2018-10-17 13:47:31','1979-02-16 18:52:37'),
('15','369','9','2007-11-03','2019-09-29 00:14:58','1997-04-10 01:25:18'),
('16','334','8','1979-08-07','2008-09-17 13:11:42','1970-05-22 11:47:53'),
('17','308','2','2011-05-14','1982-08-03 02:00:34','1992-06-11 15:29:31'),
('18','203','9','2015-10-31','2008-08-10 06:17:11','2011-07-20 12:20:19'),
('19','385','9','2013-09-05','1995-01-30 12:18:47','1977-02-08 18:55:30'),
('20','386','7','1997-04-17','2001-07-14 05:27:39','1984-07-10 07:39:21'),
('21','341','8','2018-07-08','1996-11-07 19:46:49','2005-02-14 20:59:51'),
('22','394','1','2000-08-18','1970-01-23 02:47:02','1993-02-12 03:47:25'),
('23','255','5','2019-05-30','1975-11-23 18:56:58','1995-04-15 04:29:32'),
('24','313','4','1981-08-19','2013-01-03 03:07:47','2016-11-29 02:38:03'),
('25','206','3','2019-03-17','1971-05-28 13:19:30','2008-06-17 03:13:34'),
('26','259','6','2013-10-22','1986-02-14 11:44:20','1994-04-17 05:58:31'),
('27','265','9','1975-11-20','1984-06-06 18:14:27','1988-04-10 00:28:13'),
('28','211','7','1983-01-11','2014-08-08 04:36:56','1983-12-07 00:16:34'),
('29','206','9','1972-02-05','1982-03-04 19:09:03','2017-06-23 20:31:46'),
('30','313','9','1984-07-01','2007-02-19 12:12:36','2006-05-21 13:55:05'),
('31','341','3','1987-11-12','1993-11-01 12:47:29','1997-12-21 20:46:50'),
('32','330','3','1993-04-19','2014-09-03 00:13:06','2012-01-13 16:01:18'),
('33','271','7','2000-05-20','2010-07-22 13:13:55','2009-08-03 21:30:04'),
('34','219','3','1978-11-30','1980-01-01 03:15:29','2019-03-25 14:27:27'),
('35','305','1','2006-09-02','1975-12-01 20:04:42','2018-09-25 16:51:39'),
('36','381','3','1983-07-13','1998-08-25 09:36:06','1986-03-10 16:40:14'),
('37','360','9','1978-07-18','1977-08-04 10:58:00','2018-05-17 23:11:08'),
('38','253','1','1997-11-10','1999-07-06 18:08:30','1983-03-04 07:00:50'),
('39','268','9','2007-11-13','1996-03-09 07:01:07','1990-11-18 04:36:26'),
('40','296','4','1989-02-05','1984-12-13 17:53:33','1989-05-16 15:24:05'),
('41','207','8','2008-02-06','1987-02-18 10:26:45','2007-08-04 07:28:44'),
('42','388','4','1996-07-03','2012-10-16 13:05:51','2016-01-25 11:03:34'),
('43','323','1','1999-02-13','2012-04-05 14:55:04','1999-10-23 16:54:03'),
('44','398','7','1972-03-16','1989-08-25 03:54:09','1989-06-02 23:01:57'),
('45','384','6','1983-02-11','1987-09-10 06:46:18','1986-04-02 15:18:18'),
('46','309','7','1975-07-20','2011-10-07 17:09:44','1988-10-13 12:23:26'),
('47','353','2','1972-06-15','1985-01-13 23:42:07','2006-02-15 02:55:38'),
('48','385','2','1973-11-20','1984-06-28 13:33:29','1999-01-18 04:08:43'),
('49','374','1','1979-12-16','1991-05-10 23:28:37','1981-02-26 16:47:02'),
('50','284','4','2000-05-21','1997-11-09 10:15:16','1971-08-03 08:49:34'),
('51','216','4','1976-02-21','2018-05-05 03:28:05','2004-11-28 16:54:37'),
('52','330','10','2010-07-03','2003-03-02 00:20:45','1991-05-31 08:24:15'),
('53','235','10','2007-12-04','1998-01-12 01:27:13','1976-10-29 18:37:00'),
('54','202','6','2009-09-15','1974-01-11 19:04:02','1988-10-28 04:43:17'),
('55','340','5','1982-04-13','1987-06-29 22:51:16','1984-02-28 17:23:39'),
('56','384','8','1994-07-12','1996-06-22 13:53:29','1984-08-28 00:59:22'),
('57','253','9','1984-10-18','1993-02-03 07:39:17','1996-01-23 03:57:51'),
('58','222','9','2013-03-14','1973-01-20 04:39:43','1992-03-28 00:50:43'),
('59','374','2','1990-03-18','1995-02-19 17:57:30','1979-06-05 09:30:14'),
('60','308','8','1973-12-05','1992-08-10 19:01:09','1991-06-04 09:28:53'),
('61','330','1','1981-09-11','1975-04-01 06:36:35','1978-09-02 18:05:56'),
('62','284','5','2015-05-17','2018-09-28 20:23:54','2007-03-09 00:53:30'),
('63','257','4','1981-01-07','1985-05-06 11:05:23','1975-01-22 10:16:42'),
('64','319','2','2000-11-24','2016-11-25 05:39:54','2001-10-31 11:51:03'),
('65','281','1','2019-12-03','1996-01-21 08:59:40','1970-08-17 13:37:47'),
('66','310','6','1974-08-01','2009-03-25 21:37:03','1985-08-07 04:54:16'),
('67','271','3','1989-03-06','2013-07-31 00:37:27','1973-04-20 12:26:59'),
('68','291','6','1982-04-30','1987-12-29 22:19:28','1992-09-10 13:42:19'),
('69','216','5','1995-02-23','2014-06-07 16:19:50','1993-05-21 15:13:13'),
('70','210','9','2000-06-15','1998-10-11 20:03:32','1980-03-03 08:19:44'),
('71','393','10','1997-09-08','1990-12-22 04:06:52','1980-02-12 12:35:25'),
('72','323','3','2019-03-11','2001-11-22 06:07:56','1976-04-20 15:19:11'),
('73','366','8','1978-06-20','1980-08-01 23:32:44','2017-11-30 15:24:23'),
('74','211','8','1989-06-15','2015-01-25 06:02:57','2001-04-02 07:48:15'),
('75','374','7','1997-06-12','2009-05-16 11:28:53','1999-02-01 13:49:12'),
('76','302','6','1978-01-08','1982-03-26 04:05:31','2000-09-10 19:56:39'),
('77','334','10','1986-11-08','1988-08-03 15:17:26','2019-08-04 04:27:45'),
('78','399','10','2007-09-06','2004-05-14 20:59:21','1981-09-28 18:05:19'),
('79','259','6','2014-03-12','1974-02-26 21:57:04','1995-04-11 16:31:53'),
('80','217','7','2006-03-17','1993-08-25 14:29:59','1993-09-25 09:47:31'),
('81','323','7','2016-11-14','2002-01-06 18:05:06','1986-06-18 05:07:00'),
('82','240','10','2011-11-02','1972-02-26 00:49:49','1976-01-23 16:33:09'),
('83','381','7','1991-01-09','2016-11-21 16:20:17','1978-02-04 15:54:32'),
('84','305','1','2005-11-06','2018-01-02 03:08:48','1982-07-22 04:29:58'),
('85','216','6','1970-01-23','2008-06-29 18:00:32','1974-03-23 07:54:30'),
('86','369','1','1974-06-14','2014-04-16 05:52:36','2012-01-02 03:37:00'),
('87','312','5','1984-05-18','1991-02-02 18:58:55','1970-05-17 10:48:05'),
('88','254','4','1974-07-06','1976-02-12 02:31:03','1990-12-27 09:45:23'),
('89','250','4','2009-12-21','1971-07-02 12:23:54','1995-01-02 05:13:47'),
('90','215','2','1984-07-23','2006-03-12 11:00:27','2014-04-27 07:16:59'),
('91','388','7','2004-01-27','1992-12-04 11:13:01','2014-11-13 03:36:54'),
('92','329','7','1972-03-22','1997-03-12 09:35:51','1978-09-15 17:25:34'),
('93','308','7','2016-06-21','1982-05-06 20:22:33','1990-11-29 07:57:30'),
('94','319','9','2015-03-06','2012-01-28 09:57:36','2007-08-12 03:08:45'),
('95','246','8','2000-10-12','2001-10-13 09:33:35','2016-01-16 10:14:53'),
('96','304','9','1991-03-21','2010-05-31 13:24:21','2009-11-26 02:53:23'),
('97','282','8','2000-04-26','1997-03-10 20:15:05','1991-10-11 01:11:31'),
('98','360','4','1971-03-24','2015-01-28 22:34:47','1979-01-24 02:57:51'),
('99','271','4','1973-10-04','1995-04-02 04:05:06','1987-02-24 23:44:45'),
('100','263','5','2000-06-02','2011-01-02 17:52:48','2011-07-20 15:30:13'),
('101','385','2','2014-06-16','2002-03-05 05:53:48','2018-03-12 22:39:13'),
('102','308','5','1996-11-21','1983-10-12 12:49:10','1971-03-13 06:28:57'),
('103','327','8','1985-12-19','2008-02-10 13:33:59','1979-08-10 00:10:43'),
('104','374','9','1975-08-12','1985-12-17 10:15:30','2014-07-06 16:26:22'),
('105','219','10','2018-10-25','1988-02-25 09:21:07','2007-05-12 22:43:35'),
('106','395','1','2009-06-19','1973-08-26 14:06:30','1986-08-05 18:38:53'),
('107','316','7','1991-06-16','2014-09-15 21:10:27','1977-11-06 08:23:32'),
('108','336','2','1970-11-27','1974-07-29 09:23:56','1980-08-18 10:36:12'),
('109','252','4','1994-07-05','1985-06-27 04:39:34','2003-12-12 10:38:37'),
('110','388','5','1991-10-21','2011-12-01 06:26:41','1974-02-22 03:43:43'),
('111','206','5','2012-02-14','2016-02-07 08:07:09','2006-10-03 14:26:02'),
('112','260','5','2001-10-09','2011-11-07 05:06:05','2014-08-29 21:57:56'),
('113','224','2','1986-12-27','1985-03-03 08:38:11','2004-09-22 09:05:12'),
('114','343','6','1970-02-16','1983-08-01 01:34:45','2002-04-05 19:12:12'),
('115','287','1','2006-11-01','2014-12-28 18:32:10','2012-09-16 05:05:33'),
('116','399','4','2019-12-13','2017-05-20 18:21:24','1998-12-28 20:15:28'),
('117','247','6','1970-06-22','1992-03-01 13:17:09','1974-07-08 19:56:15'); 




/*!40101 SET SQL_MODE=@OLD_SQL_MODE */;
/*!40014 SET FOREIGN_KEY_CHECKS=@OLD_FOREIGN_KEY_CHECKS */;
/*!40014 SET UNIQUE_CHECKS=@OLD_UNIQUE_CHECKS */;
/*!40101 SET CHARACTER_SET_CLIENT=@OLD_CHARACTER_SET_CLIENT */;
/*!40101 SET CHARACTER_SET_RESULTS=@OLD_CHARACTER_SET_RESULTS */;
/*!40101 SET COLLATION_CONNECTION=@OLD_COLLATION_CONNECTION */;
/*!40111 SET SQL_NOTES=@OLD_SQL_NOTES */;

